row_id,Moisture_T30,Moisture_T15
0,-11.94041243149508,-4.326251152292391
1,-6.321162736250324,-4.563258809388088
2,-5.392015293777472,-5.113678259497138
3,-6.66054492991843,-5.628127955605112
4,-6.452773425607258,-5.524483216875429
5,-4.237759073956699,-5.105866197126232
6,-5.647936013994947,-5.516765060740746
7,-6.491095461443445,-8.188507047666818
8,-4.237759073956699,-5.105866197126232
9,-5.499845218896656,-5.045953069362793
10,-6.491095461443445,-8.188507047666818
11,-6.598980582880307,-5.005412488772051
12,-4.57770465797697,-6.056283714158354
13,-6.353656590261789,-8.353416986709668
14,-6.522633912593303,-6.540845094176996
15,-6.158589088666016,-5.913580984559719
16,-10.87405166903876,-10.017911823852522
17,-6.070816306741495,-6.774635889592058
18,-5.273346567281115,-5.8534109133494
19,-6.640276424678258,-7.202670630837249
20,-6.2343683225847615,-6.910411043448145
21,-5.620222820280787,-5.135515563873231
22,-5.934381610750984,-5.329893122595803
23,-6.940867451565103,-6.6589150792395095
24,-5.810772884823711,-4.728680329032507
25,-5.942883485408618,-5.670492497325766
26,-4.7784192752095915,-5.466009367279398
27,-4.477451794409921,-6.738378505027714
28,-5.558562789220236,-6.113467957704753
29,-5.404684497879147,-4.469681826011602
30,-4.802534667438536,-6.478711803359895
31,-6.0513923460953105,-5.319241529859146
32,-6.598980582880307,-5.005412488772051
33,-5.559731773759988,-5.715651252379295
34,-6.756219069172945,-6.787297328819452
35,-6.352183854078405,-5.2984793225656155
36,-6.130464610453744,-6.6549161744692515
37,-5.335778013859553,-6.365626920814134
38,-5.452544747561539,-6.352989026750093
39,-9.851141974157159,-9.271592797765912
40,-6.212130057671935,-7.499163913441937
41,-6.195991065121795,-6.234198454231646
42,-6.883508818178708,-5.230205870158196
43,-7.918399360543923,-8.191721496328743
44,-8.756634092957997,-9.855470810903807
45,-8.252060284760292,-8.107512344470441
46,-3.2666190103094834,-3.776307464956119
47,-6.623695772269485,-5.874237021940889
48,-5.864130454839097,-5.946041920791522
49,-5.839251148908536,-5.023172494400177
50,-8.10280053342684,-7.517011658188496
51,-12.491038409046489,-14.198571992209798
52,-5.290289921480208,-5.953696371343344
53,-6.654224994178238,-7.078077158703471
54,-7.128688717127279,-4.863392687674178
55,-7.856328565523251,-9.865254163447494
56,-4.152120767752645,-5.603841270178908
57,-7.451588278197823,-8.055723504521712
58,-6.919800583448197,-8.975786536713565
59,-6.14405453333783,-4.244624749345622
60,-5.68597271580863,-6.422949200078433
61,-9.383006000199956,-9.340103825523025
62,-5.348468693375343,-6.719987232522145
63,-6.608437142445512,-5.384310119641427
64,-8.527531830843438,-9.299227698190773
65,-9.397818346960381,-8.953876668150869
66,-5.947358264087654,-6.278820815001228
67,-5.839371989578693,-6.15197961394334
68,-6.3692753037178385,-6.274026002489892
69,-7.902094279977362,-8.61496808828773
70,-5.5677698932568465,-4.055757784010441
71,-10.057216137885023,-10.467793862729206
72,-7.078607664471903,-7.610954980691751
73,-4.531413546631947,-4.869372467478529
74,-5.955811949684666,-5.368413561073531
75,-10.507201559813101,-9.901162836464344
76,-6.691401492871979,-5.719071665453116
77,-5.039583233291852,-5.371388361629489
78,-7.7418012806712895,-8.438895850643803
79,-5.3131694375929746,-5.252933530961517
80,-10.351642652221436,-9.247944793729966
81,-10.307004187504003,-10.564857120909677
82,-8.580858431295026,-8.473635590508165
83,-5.496756726901088,-7.345812817205191
84,-6.191939522018334,-5.440536829933659
85,-6.359381166383515,-5.839870614977146
86,-14.483929802303631,-14.123979442732155
87,-5.979129723309235,-6.515930060159004
88,-4.142524369443109,-5.813518480615014
89,-4.577071620993998,-5.579902775902762
90,-4.998238910029652,-6.386743075998876
91,-5.597244404349297,-6.077127686408836
92,-6.563379320762154,-5.84111935496388
93,-4.1535748054882085,-5.816380859946026
94,-5.832104410655271,-7.067688157268115
95,-5.330552534965403,-5.6303861148983145
96,-6.038438386331389,-5.74578033305823
97,-5.145174609148844,-6.557728870035631
98,-4.0581170724253095,-3.3042559082673417
99,-6.491095461443445,-8.188507047666818
100,-6.527658613549015,-6.648389864313289
101,-5.647936013994947,-5.516765060740746
102,-6.139154752188459,-5.1399810384072975
103,-5.210577219582415,-4.534284897538181
104,-8.5673823015538,-9.797104055446603
105,-6.158589088666016,-5.913580984559719
106,-7.337970252749759,-6.650895253297302
107,-4.954431061623863,-5.686590380674897
108,-4.428154046523607,-5.847043462088449
109,-6.426502837040388,-6.621798608043971
110,-4.611764005697564,-5.5283356656502125
111,-3.710145134576398,-5.537649835225594
112,-4.72703975583444,-5.300086478123058
113,-4.237759073956699,-5.105866197126232
114,-5.128219426930702,-4.440349443172451
115,-4.793811060263508,-5.817639305095982
116,-8.791782982559093,-8.000632698365518
117,-4.721303455460415,-3.838864614471758
118,-6.3143464946959895,-7.31394992455744
119,-4.096312339685808,-4.3598383701300465
120,-6.807717701181143,-7.255267846472901
121,-6.494020380390847,-6.579321041884489
122,-6.1403332050944,-4.6215324400633575
123,-3.2777377984679585,-4.205364941071478
124,-2.9958835858730044,-3.0449537116756886
125,-8.546504920923798,-9.21543315297576
126,-8.981430354187415,-9.07765154285865
127,-5.677793469569185,-5.233198647826069
128,-6.704617621845357,-6.713294856068595
129,-4.54137536450224,-6.094107945817352
130,-5.735730112592153,-8.248701430080821
131,-6.350937091813162,-6.546441591173854
132,-7.622217302208863,-6.8029222606867386
133,-6.092099900100543,-4.526838545227265
134,-11.201546409467271,-11.36753498120314
135,-9.842171668614567,-7.193105297090218
136,-6.905182627434256,-7.711054466249596
137,-9.205737080521075,-7.920121425089592
138,-6.307298361667904,-5.988174124690678
139,-6.1740777552822,-6.0321070384982
140,-6.598974280740311,-6.269164626793001
141,-7.15074930203931,-6.945724494686143
142,-5.8054142462928295,-5.165554427513367
143,-6.551649027543359,-6.899785756928384
144,-7.69271538166392,-8.325411345852768
145,-7.1065637255667315,-4.750836294752441
146,-5.303451789385865,-6.196000063801243
147,-9.219641231424959,-11.124481733240618
148,-9.87137826394785,-9.584031879471619
149,-5.631269113397567,-6.385046333567987
150,-5.45600902312408,-6.810545674196898
151,-5.29359039845727,-4.8722913961319545
152,-4.927146722311825,-5.988166031485466
153,-9.033662412332271,-9.084524217877572
154,-3.9949556877184964,-3.7323176122563266
155,-7.268112092537289,-6.50469959132155
156,-5.528550232061459,-5.390118784959257
157,-6.261410233665783,-5.368471253983174
158,-6.105711500777696,-6.438822513821824
159,-4.883750088929499,-5.632536936265925
160,-6.75894926091101,-6.739605438413482
161,-9.012571664706492,-10.330318992871998
162,-0.4633552539959993,-5.647547343815159
163,-7.005902174594331,-5.683508042390335
164,-4.10805111818517,-5.894774270634588
165,-5.558016580537306,-6.5549171012031335
166,-4.923122389043556,-6.712791886926695
167,-5.412950345441111,-5.397396767638412
168,-5.754358298907979,-6.180247878622972
169,-5.658856005986655,-7.185638669120993
170,-6.720844506806355,-5.78761455365305
171,-10.116069842133493,-8.677542796361372
172,-6.011322715720473,-5.998780591338298
173,-9.951751750717953,-10.202400261912654
174,-3.49009916762137,-4.277958073486436
175,-5.806877609056825,-4.730120222612483
176,-5.819980182730706,-6.598685546592952
177,-9.065778694257745,-8.804540274950638
178,-7.789609605789444,-6.829914029030078
179,-6.171496729064787,-5.499630664052038
180,-2.052638222142754,-4.673255345232244
181,-4.494583372140196,-5.260981201325764
182,-4.202269129789297,-4.872985822736032
183,-4.853107311467451,-5.7339110650372564
184,-5.646797900364803,-6.88619619371295
185,-5.3530478564846575,-5.842749074875574
186,-5.13923752994433,-4.264994673984555
187,-4.89878828534599,-3.6796712592561907
188,-6.368278059878158,-6.718020813970185
189,-5.442867716740169,-7.29465740286458
190,-5.884893224147564,-4.309701095980289
191,-3.1877992885754676,-5.806287273275311
192,-4.27893846016941,-3.1075416370544335
193,-6.155299813841898,-4.944485149051843
194,-4.9882792731704075,-6.48043849215665
195,-6.384066073070983,-5.390567758731175
196,-4.709513675844221,-5.858400240591042
197,-10.116069842133493,-8.677542796361372
198,-5.884893224147564,-4.309701095980289
199,-3.9606346272186412,-5.886177431821416
200,-4.167233039661719,-3.898329304829831
201,-6.090554081376787,-5.795520375004559
202,-4.794027541552612,-5.909883616398352
203,-8.40893600887036,-6.988046737703904
204,-6.127250894770732,-6.925759418633641
205,-5.273580448301759,-4.279254571018768
206,-8.603323903173372,-6.603473840218848
207,-10.58838798015149,-10.920516978906853
208,-4.796513257416013,-7.726596547575436
209,-6.862356743570256,-6.321717000705039
210,-5.162383176421571,-5.231334079455361
211,-7.868522465312353,-6.598952048584376
212,-5.070596296069544,-4.706470690044181
213,-7.947716330306778,-8.996059026720086
214,-9.49452400826398,-7.708023046440012
215,-5.276247501497993,-5.498524271718431
216,-6.684679923711693,-5.1949198182696215
217,-9.392984199177095,-10.717865146730556
218,-6.520907348146693,-6.6463749655278175
219,-5.402867990466673,-5.409932870770217
220,-7.306099959572538,-5.925920231522362
221,-5.949232096596439,-5.563886856067188
222,-5.948071082082801,-5.9610962601698
223,-5.33159937156662,-4.961594750029578
224,-5.751048151869152,-5.936105300840739
225,-5.191446552146445,-5.039132224960061
226,-4.6713781527536895,-4.665521211280152
227,-6.606006112723931,-5.969827456085593
228,-9.442955079510657,-8.070449105910473
229,-5.953856307629479,-5.713076734986309
230,-10.38978324025739,-9.600619065432612
231,-7.6604533783963955,-6.619236830901987
232,-9.812546033037847,-9.306669635092096
233,-4.608633448581818,-5.310982927404798
234,-3.341400082854836,-2.837847528412217
235,-6.1539193707274045,-6.994445457642781
236,-7.3682571641168115,-8.356137051264064
237,-8.172789410607587,-7.665035948182915
238,-7.560874767528619,-6.425181731790475
239,-4.702661593830178,-4.930682904081003
240,-5.00834651981436,-5.4669643682371385
241,0.5473050802507622,-3.344585414040104
242,-6.164785448215455,-6.777929963818074
243,-10.30321048893912,-10.189181190580204
244,-6.112428601653166,-7.045342670199507
245,-4.4806969983695915,-5.858291134905894
246,-5.87469416202496,-5.038029643847814
247,-4.875974860072024,-4.414969731045655
248,-6.109457297481185,-5.441689713984232
249,-5.934436692782226,-5.109460995753709
250,-6.594455275584664,-5.356157417133482
251,-4.875974860072024,-4.414969731045655
252,-5.211780867942178,-5.295743110912813
253,-4.0870559969547,-6.217035098317911
254,-5.075156092129079,-5.583096866512679
255,-4.991355402939554,-5.416390608463292
256,-5.037237493294599,-4.329670220515151
257,-5.355930059988239,-5.923908636030831
258,-7.5646351613556,-6.672486318245586
259,-6.151953741189869,-5.425045559576748
260,-7.5646351613556,-6.672486318245586
261,-6.151953741189869,-5.425045559576748
262,-4.846116776698111,-4.986159380834655
263,-6.763571541654683,-6.803336523029202
264,-4.86151871697386,-4.316491450460495
265,-4.392964770822624,-5.089590181057216
266,-4.86151871697386,-4.316491450460495
267,-4.975888629539897,-4.714563167567188
268,-8.984228218055437,-10.14037254698562
269,-4.1060133898886875,-5.9453637102646315
270,-5.20550879117647,-4.982197525021871
271,-4.950023126343842,-5.922814198408803
272,-7.435727716938674,-7.926479823847092
273,-4.782593912960149,-6.124431830514483
274,-5.007306408408837,-4.660526486832726
275,-4.69131839121148,-5.214223386471257
276,-5.924342437012514,-4.71855552082701
277,-5.72178550544703,-6.278649920344483
278,-5.590762821534218,-5.522340243305516
279,-4.581651897186484,-7.54547949893915
280,-5.464524016335105,-5.568520219307699
281,-4.542568493754844,-4.4316457990389715
282,-5.2467593184367285,-4.668323151300543
283,-7.4974081866767595,-5.473190228878359
284,-8.677032878762216,-7.543428425537723
285,-4.386178164543772,-5.29360243742882
286,-4.68966871677155,-5.9285992070345355
287,-4.802150639562308,-4.381696977016702
288,-4.903271960236632,-4.577027299745062
289,-7.532844454013841,-8.473213035983289
290,-4.593813959806713,-5.167675946043747
291,-3.37719779315864,-4.9328983407158855
292,-3.987350918560473,-5.363364687385136
293,-5.800721947540813,-5.372586495217078
294,-8.562881992583598,-8.881757882888746
295,-7.524673448775527,-5.950479528387049
296,-6.173219372871033,-6.532788322737222
297,-10.137260969362682,-9.26820799782342
298,-5.85932957608171,-6.667920860148183
299,-6.464138786852615,-6.705358851078388
300,-5.105671798916097,-5.296133712044573
301,-5.57532705638957,-5.218863527191049
302,-4.785777730528409,-4.976993794953083
303,-5.795011838618377,-5.95605124952743
304,-6.516758739353131,-5.528367110780801
305,-6.076843878677181,-5.0159498997801695
306,-5.670844673348116,-6.03979856733709
307,-4.998772516962017,-5.989658084123466
308,-5.014363237077351,-5.102710154570377
309,-7.837188123286385,-7.863026345337132
310,-5.439432398754688,-4.916174353663117
311,-4.945336144751806,-4.883669168876107
312,-6.491500066411474,-7.223358381883635
313,-6.454276855276113,-6.399233771360608
314,-7.516205619118955,-6.028585298006309
315,-7.1187904736717655,-7.2565392854442585
316,-6.2429486628788995,-7.3658943409406685
317,-4.86846212742093,-4.738714860943842
318,-8.021032300467615,-6.994715230998086
319,-7.0078134375279575,-4.743578951233003
320,-5.115746187842198,-5.103031263364478
321,-5.050350690637883,-4.290600732756644
322,-5.263719207761226,-5.574157756898668
323,-5.115426994708915,-4.785193008168231
324,-6.447808415736891,-6.2263612671065935
325,-6.6039969896026385,-8.734031051508815
326,-5.6748097767857555,-5.654123572779168
327,-6.940509257262516,-5.510990705699219
328,-4.841902586917476,-5.924767059747719
329,-5.634516342450507,-6.6716407523294485
330,-4.450273651731882,-4.117716202061556
331,-6.253715695250079,-8.190044148576298
332,-4.877147781790202,-5.2665404039329236
333,-7.585285709968452,-7.572711885206368
334,-8.03237343191471,-7.810783582751575
335,-6.0340441874884885,-5.010330265883505
336,-5.150369527560525,-4.414962304255137
337,-5.841005599438821,-5.403540913830721
338,-6.9935928746016796,-6.787118840772266
339,-6.349546016436482,-6.444025752664048
340,-5.762164068455608,-5.31379525242014
341,-8.567656298495216,-9.289723601689747
342,-6.003991127652563,-7.262171548090514
343,-4.914263663104096,-5.342409743579974
344,-4.555895430536083,-5.475978168218308
345,-5.31588820277684,-5.070030761681938
346,-4.618905527472023,-4.588877218853954
347,-6.021975677605466,-4.662544139032869
348,-6.388665637719705,-6.702209992519824
349,-5.4288687332518055,-6.978941932193015
350,-6.673013018032872,-6.181412019469879
351,-9.262278207291155,-8.887025523706743
352,-7.596385216754564,-6.525987092725756
353,-5.1900615893040225,-5.299715730453723
354,-4.922755154618901,-6.543558536901342
355,-5.161864271272064,-5.225209198616754
356,-5.518542423286856,-4.584895823557094
357,-5.014930353745003,-4.140717031066015
358,-4.8032982421856225,-5.2179701607794815
359,-3.94612530051114,-3.5383045299289133
360,-4.723018598013043,-4.1345353994743075
361,-5.050706658060333,-5.703260692928749
362,-4.709513675844221,-5.858400240591042
363,-5.801676920433169,-5.082312620749097
364,-8.645525488482207,-7.535185271760197
365,-6.018372173225041,-5.494523992014545
366,-6.2252570543649135,-4.128569187565098
367,-5.773187863144527,-6.007921375207684
368,-5.528322222677282,-5.44993418340589
369,-8.787127423708563,-9.215301912688801
370,-6.280936064858128,-5.7360537050993585
371,-5.657966726361275,-5.677069528439644
372,-5.817634602237666,-5.128703616218978
373,-7.26422210637414,-5.860262721060953
374,-6.3404623893017025,-6.14969705897348
375,-5.979847325716985,-4.784765946713818
376,-4.855186600152729,-5.524482515320464
377,-5.3572807951861545,-5.62836849838198
378,-6.862336780202309,-4.818736484719842
379,-6.601604807736031,-6.864342139319047
380,-5.145174609148844,-6.557728870035631
381,-5.349029736724686,-5.669092109098937
382,-6.714629084623121,-4.116716373753952
383,-5.647936013994947,-5.516765060740746
384,-5.293633105536234,-5.220932678828178
385,-10.116069842133493,-8.677542796361372
386,-4.968778972394054,-4.96877855382292
387,-5.084997023534443,-5.194519968500643
388,-5.6830758953418385,-5.295812549353277
389,-6.302509397554727,-5.6172028414690836
390,-5.145174609148844,-6.557728870035631
391,-7.5646351613556,-6.672486318245586
392,-6.151953741189869,-5.425045559576748
393,-6.00513872704366,-6.092478582188624
394,-6.578745878338436,-7.194216790391775
395,-5.6886316222625695,-6.228497657401165
396,-4.12463588708146,-5.245717665704027
397,-7.724566155278772,-6.266984011275477
398,-6.578745878338436,-7.194216790391775
399,-8.676829961173818,-8.518346711579582
400,-4.12463588708146,-5.245717665704027
401,-5.66952271650455,-6.079283147694454
402,-4.968614466201028,-5.139959406531589
403,-4.646283846791746,-6.366902877258375
404,-5.861638592628378,-5.978386587364831
405,-6.968646664618315,-6.9218868502749515
406,-5.979923432687498,-6.639285164231504
407,-6.57470381649388,-5.9750391479176574
408,-6.6539477865153955,-4.429251065149798
409,-5.233975499588706,-5.271137266003346
410,-4.500617108170587,-4.765994183210935
411,-3.7615966930169566,-6.499561797378984
412,-5.82937136979125,-7.077398252126255
413,-5.567726592199456,-6.630550579151338
414,-5.21819061480677,-5.263579996411038
415,-5.845894239679697,-5.4616884973058495
416,-5.85932957608171,-6.667920860148183
417,-5.49254360710731,-5.053191893060847
418,-5.801676920433169,-5.082312620749097
419,-6.202700076183989,-7.0691447588873455
420,-4.776214296352041,-5.761032085539406
421,-4.999712400437321,-4.9240784926715575
422,-5.189480397134236,-3.894393097815459
423,-5.543399400253804,-4.77476706086208
424,-3.94612530051114,-3.5383045299289133
425,-5.3291942294524866,-3.9364372157631307
426,-4.723018598013043,-4.1345353994743075
427,-8.11646816522215,-6.750221602816952
428,-7.404826462454059,-6.715722928604814
429,-5.886877202543122,-6.100806497986687
430,-6.242668387652699,-6.255126284811922
431,-6.8229877166218165,-6.42544904118628
432,-6.459584774385354,-7.118209530419555
433,-7.664826067961716,-8.3276861660392
434,-5.918865946997412,-6.929480087578568
435,-5.649549458577139,-7.285165640904712
436,-5.235923029655488,-3.8087818357168253
437,-5.736246370845496,-5.463804928572051
438,-4.941084823957345,-6.464697112016458
439,-6.109952312488918,-6.158762436104506
440,-5.508839210979687,-5.663817560917042
441,-5.145174609148844,-6.557728870035631
442,-7.46284659816428,-7.554165686077339
443,-5.287263744676668,-5.613369548934064
444,-4.992694795554671,-5.562833219219868
445,-7.264510200271612,-6.7542008013309935
446,-5.793767382553691,-5.764847278816415
447,-1.9315023546460655,-4.98078081895104
448,-7.271441566837555,-8.780551866573951
449,-3.969779828303837,-5.339675047888235
450,-8.98194771467686,-11.231660718789776
451,-5.375354623564725,-5.288145291757555
452,-5.192211633716765,-5.676303282675676
453,-5.592194762782999,-7.13129936211844
454,-4.73378603623485,-5.922775139363564
455,-6.836608389412806,-7.60754384592113
456,-6.3958959945510365,-7.178934491253216
457,-5.626409187215444,-6.293767125749287
458,-5.454932670784064,-4.674377948015728
459,-5.992581386271315,-7.695648380834044
460,-6.705396138569617,-4.4382469604712025
461,-6.805375579714829,-4.531922833959557
462,-8.635776693359642,-7.486369113834677
463,-4.911464036273204,-5.614827894773084
464,-6.806398922648208,-6.293764426663428
465,-7.28526374428234,-7.0879500519800915
466,-4.413588619864816,-5.036648542829314
467,-5.799569749443289,-6.449915159318955
468,-7.874101289253158,-6.098624860917482
469,-5.505429433307505,-4.692438779889365
470,-4.73407716774118,-5.49058039467579
471,-4.611910876227736,-5.042906898713552
472,-7.315079566752534,-7.2096585459253095
473,-5.467079203894924,-5.036430933810496
474,-7.109298974389597,-6.1538289085225255
475,-9.414427823362653,-9.699623774584833
476,-7.763109659616813,-7.109663803421778
477,-7.470264457668414,-6.846178524969835
478,-5.668295082196332,-6.055399147640655
479,-6.372313599105597,-6.432968495160595
480,-6.682010190565402,-6.603563517397376
481,-7.535814589221534,-6.566547622631545
482,-5.671768658253882,-6.126290444408283
483,-5.605038883366017,-5.996834837056852
484,-10.031989361199656,-10.110186068178393
485,-8.548885721241023,-9.264085306652952
486,-5.059769363645214,-5.825994001809049
487,-7.483964780247533,-7.065898193495298
488,-4.539083766384719,-5.096519487703837
489,-5.6667208620496226,-6.385229956399216
490,-8.964371117992144,-9.224199853450166
491,-4.525804601018217,-5.376705437333807
492,-10.276903041322445,-10.690349698814481
493,-5.396674097051573,-4.929661968624129
494,-5.173920295206891,-4.21349782574678
495,-10.001563261566803,-9.941344018028115
496,-9.097280430866723,-7.607599204983435
497,-8.462755224299162,-9.212702112842692
498,-8.900834998558516,-10.102888093825236
499,-5.302548308645347,-6.17982018666389
500,-10.01045018518949,-11.508860579332897
501,-9.657148610756597,-8.816009707214231
502,-9.684135373744722,-9.48859451253093
503,-8.464866425947074,-9.651393612892324
504,-8.947850377726537,-8.992429856609983
505,-8.074000490460746,-8.468329301427008
506,-5.256474967066477,-5.347361476646907
507,-4.731751406946785,-5.157607896816676
508,-5.867642792895827,-5.751792996214169
509,-7.295448350795217,-6.6204277162864535
510,-6.574375576119753,-6.554035946416192
511,-6.270921393120961,-5.613444917450391
512,-9.23800468866132,-9.834940613758029
513,-7.028702994327215,-6.157899393463965
514,-6.917761843460628,-5.449497010390248
515,-8.269942862064656,-9.160872619157548
516,-9.141189791365942,-8.544616012196649
517,-7.694653589264585,-7.697440985368031
518,-5.5155076083511325,-5.853899770242085
519,-5.090082785793295,-5.199876404786947
520,-3.46605833692848,-4.192166942447047
521,-4.998801389289225,-4.237625557031145
522,-8.414184656185931,-9.155541268495208
523,-7.1744085109939,-6.107146110633687
524,-5.169974995270135,-4.8867725353439795
525,-6.3979425884918815,-6.714525354006787
526,-5.450145276988005,-6.332673727614122
527,-5.796329321043663,-4.456471661985457
528,-6.21372596689761,-7.007880522772803
529,-7.025776487210294,-8.512628809188026
530,-5.244985662584007,-7.7042393524621176
531,-4.843446597520689,-4.441187677913911
532,-9.159396810484584,-9.481056343914398
533,-7.7077226525208316,-7.29865588285038
534,-6.183956368794433,-6.093287114897858
535,-5.9408848022532315,-6.267190176593694
536,-8.815103814325894,-8.938344056717177
537,-4.630838145867575,-6.695350465990428
538,-5.29760919071369,-5.298258187883279
539,-6.61270878026084,-6.8892866799317325
540,-5.565687990492677,-6.934508149044849
541,-4.855113848686795,-5.013498020184521
542,-6.087255479543268,-5.399339383579656
543,-5.477482871991976,-4.6445229371820425
544,-5.723941434038473,-5.789739533028683
545,-5.438411062789914,-4.5225079391945116
546,-5.398769292220123,-5.230877920976191
547,-5.179767608077006,-6.082878414681328
548,-7.110286273259904,-9.602817491530788
549,-7.156144546781427,-6.988658897842246
550,-4.8965435794401895,-7.09592435299469
551,-5.467832256787352,-6.979154528400462
552,-7.7286074388769155,-5.727384352657574
553,-5.406236220884514,-4.790172946189342
554,-7.284343065061492,-4.819239773064615
555,-6.152815163899827,-5.615344398712474
556,-8.398092401561541,-7.597293943189791
557,-4.933680281175109,-5.344596776309044
558,-4.909238566898004,-5.6395435153993425
559,-5.297875136088699,-5.419438715802351
560,-5.2698500991226105,-5.404801230631517
561,-5.556022645252148,-4.8332385634755415
562,-5.046326105783785,-4.553592745326891
563,-4.742702189775539,-6.0968479963535955
564,-5.339314190295273,-4.834422834806867
565,-4.7604157707235295,-6.6582800330528915
566,-5.106753560913221,-5.700837773470541
567,-5.201844096254902,-4.61705052629888
568,-6.4298984760877325,-6.75300093506724
569,-6.152815163899827,-5.615344398712474
570,-4.952023541412639,-5.902716296876793
571,-5.372730166408451,-5.875775300647096
572,-6.280913376807776,-6.8763420146479435
573,-5.779596106371544,-5.163923804523534
574,-5.027790502653842,-5.815489096312144
575,-5.384535815105814,-6.577811701419485
576,-5.046326105783785,-4.553592745326891
577,-4.48838540505402,-5.819402562203266
578,-5.924438626166692,-5.31713183939481
579,-5.674658065803355,-6.621069589629295
580,-6.090187047920903,-6.088948848873037
581,-4.8445915383242415,-5.698098142381044
582,-5.339314190295273,-4.834422834806867
583,-5.077373886972131,-5.223999866364991
584,-5.244806028447102,-5.029852529975442
585,-4.361457851929991,-4.931663406713936
586,-4.865038639695278,-5.740771954636811
587,-5.994644682638878,-4.589677156047646
588,-6.217296943399848,-6.509987152372453
589,-5.8324571125255265,-5.48293707035976
590,-4.868849175453459,-5.370044269366504
591,-5.624730700825982,-6.001936817582279
592,-8.398092401561541,-7.597293943189791
593,-4.03310709553759,-6.118668091624032
594,-5.209606405260436,-4.182603887884139
595,-5.478736574636542,-5.899227212845634
596,-5.946096175256038,-5.5536585649211005
597,-6.744560914213375,-7.926861258755455
598,-4.947829774182994,-5.600134828737577
599,-6.515587517619448,-5.887434357034591
600,-6.744526051640346,-5.842769025440367
601,-6.316736386988049,-5.131399035570833
602,-6.052633838401681,-6.399268615277297
603,-5.409319249863064,-6.255945391885893
604,-6.673434614854532,-6.410382348682571
605,-6.935875705433798,-6.184673493148965
606,-6.430632879756207,-5.46286742247486
607,-6.524858828544607,-5.884280864572606
608,-6.5056459743454695,-7.458761862291423
609,-8.969085757143597,-6.733131773523687
610,-5.879383185593406,-5.787625073148816
611,-6.736315992771734,-4.8353329265922635
612,-5.472412346985889,-5.738105393023043
613,-5.0961897406260706,-5.276526893871183
614,-6.08863436459133,-5.213562076058959
615,-5.6031374816958,-6.67734969349158
616,-4.783978530644536,-5.072764659301108
617,-5.014930353745003,-4.140717031066015
618,-5.7512880890268665,-6.125562832500499
619,-6.968646664618315,-6.9218868502749515
620,-6.372442246824688,-6.665731273277731
621,-6.014249814111762,-6.2330819302247775
622,-6.278847001077347,-4.95066371773934
623,-5.1900615893040225,-5.299715730453723
624,-6.056323020503459,-5.267930323740765
625,-6.893658080063025,-5.92503019148505
626,-4.053943008856008,-5.191372150573652
627,-4.728888752825199,-5.319231520856546
628,-5.972153880575673,-5.325410274674263
629,-4.7883617634266304,-5.224770097189032
630,-4.235911983449318,-5.181633562296016
631,-6.372442246824688,-6.665731273277731
632,-5.3449815595567305,-6.01841755956799
633,-5.310603935000234,-4.068720809348754
634,-6.278847001077347,-4.95066371773934
635,-6.103925089305343,-4.2911814720947135
636,-6.689486914490718,-7.270638973421104
637,-6.828549894995424,-6.931126211718411
638,-6.329328410842612,-4.790539751893989
639,-4.654864399568789,-5.8079582253150255
640,-5.210486017388764,-6.34731229478518
641,-7.522401775344298,-8.759145480958079
642,-9.951751750717953,-10.202400261912654
643,-4.237759073956699,-5.105866197126232
644,-8.374068707904314,-5.733458565507482
645,-5.148501333124203,-5.324792776357086
646,-5.438309312018246,-5.484404123112756
647,-7.041580674859302,-5.810473980195791
648,-5.4710288450830715,-5.162769805360835
649,-6.754261405953089,-6.3118485223838015
650,-3.71923697496627,-5.471581870831752
651,-6.935875705433798,-6.184673493148965
652,-8.430353185082803,-7.974661349637511
653,-5.740652230590092,-4.284804831549558
654,-6.811581933996576,-5.536539674184312
655,-4.985050783723059,-5.209593009076707
656,-6.187404773988915,-5.283725461934064
657,-7.122905731928903,-6.340402100618249
658,-6.006884808598674,-5.651175251682837
659,-5.906109032645773,-5.912059295867039
660,-5.966635929797728,-5.984637103993896
661,-3.557664608638353,-4.633714766751478
662,-5.906109032645773,-5.912059295867039
663,-5.389855470981228,-6.272758237222324
664,-5.1409995549293,-6.843818280225271
665,-6.924023050652809,-7.835214144196582
666,-6.0207345199489914,-6.769527414533546
667,-6.006884808598674,-5.651175251682837
668,-5.6485263026509145,-5.4753863045756015
669,-6.237988996737609,-5.078765467830378
670,-6.034312353157352,-6.274397620336127
671,-6.522862716538054,-7.121566644842696
672,-5.918865946997412,-6.929480087578568
673,-6.5036067162554865,-5.303718508657233
674,-4.778134321392899,-5.339576231235004
675,-5.94313565290748,-7.350542900479203
676,-6.6131976598569135,-5.588559921940357
677,-5.906109032645773,-5.912059295867039
678,-7.383344287421565,-6.164880953785538
679,-8.647017445100868,-8.028925083531604
680,-4.027565548973961,-3.564788269623943
681,-7.531975071078314,-7.8864829608118985
682,-5.140699900699244,-5.654913216595047
683,-7.684915648496721,-6.442830236323785
684,-9.544856702503363,-9.779287720804902
685,-5.843204875587034,-5.938793502535267
686,-6.222519985272072,-5.0848948175066395
687,-5.73757859764844,-5.114827896603847
688,-6.740309855967813,-6.4706983896511545
689,-6.551156228017238,-6.462573283607716
690,-8.928240572789893,-9.395438657247166
691,-8.568555097415025,-9.483718475725881
692,-5.03586967087856,-5.322990768967373
693,-7.197073683223845,-7.915936460820362
694,-6.322891731238645,-5.7377004302952646
695,-5.652895481750104,-5.752359915495987
696,-5.04030694401127,-7.649649899146716
697,-6.265368661048165,-4.559144652829819
698,-5.394559159934936,-5.963980321777353
699,-5.427328216107574,-5.8089247301380365
700,-5.807664449239631,-6.073563367968075
701,-6.846940462255402,-7.101751760532144
702,-7.030653546911589,-5.803533315652835
703,-5.301237848248668,-4.507782377109424
704,-5.944670448228221,-7.207025847987757
705,-5.230458820290035,-5.192108006399938
706,-7.195720166648272,-7.384623397093051
707,-8.746895999834129,-9.005257284325324
708,-7.094024044392893,-7.436560355611977
709,-5.457681261752713,-5.118575160235853
710,-5.3281588531209305,-6.509219176993495
711,-5.118379912280691,-5.108286602835675
712,-5.105585220492761,-4.770278965923774
713,-7.650282365515061,-8.13919033622086
714,-5.724208498387158,-5.76902519639008
715,-10.876354460074914,-10.560913377726415
716,-4.768732610876793,-4.957712798299415
717,-9.262825467312709,-9.598168897832647
718,-5.190843488560603,-6.569404002638436
719,-6.882041355351848,-6.664572758601208
720,-7.687446243913769,-7.9428471279471715
721,-5.166966060560023,-5.040918040480779
722,-5.447721105219031,-6.94199217506843
723,-9.152524417602532,-9.236675099684845
724,-5.9626832677985195,-6.252129186127714
725,-7.627133022024038,-7.250968179940387
726,-7.845005786775328,-7.721071170258683
727,-5.759474419218961,-6.292781602086535
728,-9.389525867137358,-9.217333240068465
729,-6.904149242854109,-7.855851691967101
730,-5.485008473579516,-5.940071831898806
731,-5.270049640053082,-5.222205655504849
732,-5.353745190403554,-4.626970962430974
733,-7.849926875153312,-7.786555074001428
734,-7.4737229242971175,-7.220361726015877
735,-4.593368805299438,-3.995468222718621
736,-5.090356453973007,-5.18659438447925
737,-10.007032017330065,-9.01884059392106
738,-6.67123793930266,-6.291239936689556
739,-6.408789562950302,-8.412997692285353
740,-8.687048260155471,-8.955042161928858
741,-5.053417056188605,-8.516081378763252
742,-5.692891897191652,-6.988433056330084
743,-5.851727361240192,-5.698737379911274
744,-5.411458594953838,-5.466771457207044
745,-5.411212525283448,-5.8125005583502745
746,-8.982905642911557,-9.010629870633265
747,-6.385343857358631,-6.7201103204461194
748,-4.748937464588916,-4.216635357712002
749,-10.40736958643863,-9.839890808756019
750,-6.302303774764491,-6.854285439162414
751,-5.51426274765533,-5.843544974257299
752,-8.564293386511576,-8.309035095930117
753,-7.569892337996791,-8.96344701944108
754,-5.022322470160621,-4.721459828279843
755,-5.446286888465398,-5.759401797503866
756,-5.6827078996610645,-5.67025911977689
757,-6.561733420686208,-6.763956455656272
758,-3.2363735491847603,-6.298007624120375
759,-5.749386511316638,-4.599187759166604
760,-7.404771145119991,-6.512356715544005
761,-0.39600045972300535,-0.40139841341793847
762,-6.948135486347109,-6.837963298283173
763,-4.138705309787795,-4.777144986009007
764,-6.166508384826285,-5.846181707259289
765,-4.509211862926955,-7.379399873103679
766,-6.704173041616032,-5.028167928650371
767,-6.414259026208926,-6.151864273884922
768,-9.498561549291187,-9.405334223811925
769,-6.719677191974565,-7.341465603383352
770,-5.531073700556062,-7.67492638204618
771,-5.799844339020527,-5.357113896343443
772,-5.73506998930376,-4.698064783391068
773,-6.570996124049188,-6.478933782782118
774,-7.173520467829238,-7.339062847741778
775,-9.503915597299425,-9.394129673979094
776,-7.812669112464603,-7.9028723799679454
777,-4.553634745663935,-6.041309816327271
778,-6.342921638851578,-6.1660684377526325
779,-9.867704587672678,-9.479234103330185
780,-5.5356676055987455,-5.244695052918381
781,-5.778494334142055,-5.057101023147933
782,-8.137505370171835,-6.782465072034836
783,-4.772665589411377,-5.613497361146146
784,-7.144621882876429,-8.556698377330388
785,-9.040937967015429,-8.172753642656582
786,-5.732337677413463,-5.814063014741436
787,-6.8758762932619035,-7.450996977503975
788,-6.428797098387755,-6.298058366042946
789,-5.1851594708045,-5.684036006682615
790,-6.095519546575616,-5.549435887442188
791,-5.594362834917632,-5.072332097992875
792,-4.91028063043373,-5.196078036328225
793,-8.22122657882909,-7.072815232456991
794,-6.5244553172899735,-5.448155878425747
795,-6.5575788500858945,-5.742319469499174
796,-7.6275574737524545,-7.616458964502566
797,-5.001066898811528,-6.880315199785594
798,-4.641724013182785,-6.453881295348158
799,-7.251039379752974,-7.372316028448928
800,-9.1483038536092,-8.36566349843853
801,-7.9889980420515805,-9.2690877792777
802,-6.312912275122647,-5.238603564172383
803,-4.893685579681442,-5.263218011453371
804,-7.185050974441973,-7.850291582372304
805,-5.661149144055718,-5.9281195221345975
806,-7.565448021117957,-7.467865202517797
807,-5.675382728231716,-6.192212098022768
808,-7.5503205366104105,-5.638161758079949
809,-6.977411622750406,-6.94867647874408
810,-6.783273552005236,-7.781405587733749
811,-8.951124803082806,-6.448751853334136
812,-7.629740194833371,-8.260788264625521
813,-4.315313936317132,-5.27060057611941
814,-5.589975157328498,-5.159486392941533
815,-5.173340391159991,-7.6390817858061615
816,-4.995415268196975,-4.424451407997624
817,-5.769893257101895,-7.4382952055818565
818,-5.887632729247288,-6.522718626119431
819,-8.339802212913735,-8.423608125985403
820,-5.297183678631432,-5.196477585954438
821,-6.396853565316404,-6.645665392221611
822,-4.937074454707213,-5.0322935342714326
823,-6.774398542998851,-6.093324702748131
824,-5.624730700825982,-6.001936817582279
825,-8.398092401561541,-7.597293943189791
826,-6.754261405953089,-6.3118485223838015
827,-5.110451747214313,-5.474771078176811
828,-4.203278047292901,-9.416996915413083
829,-5.994644682638878,-4.589677156047646
830,-5.8324571125255265,-5.48293707035976
831,-5.406236220884514,-4.790172946189342
832,-4.868849175453459,-5.370044269366504
833,-4.413840583670247,-5.973814398858323
834,-5.372730166408451,-5.875775300647096
835,-5.905101932433302,-5.957986365773899
836,-6.152815163899827,-5.615344398712474
837,-6.4298984760877325,-6.75300093506724
838,-5.384535815105814,-6.577811701419485
839,-5.201844096254902,-4.61705052629888
840,-4.7604157707235295,-6.6582800330528915
841,-5.7674350872896465,-5.946743168263834
842,-4.361457851929991,-4.931663406713936
843,-6.142628941997545,-6.009791595445377
844,-4.647606700901738,-5.372171059643181
845,-5.681669391203165,-6.055691443716015
846,-5.223312425517809,-5.432224526021609
847,-4.361457851929991,-4.931663406713936
848,-6.090187047920903,-6.088948848873037
849,-5.660761606197273,-5.3288595444021425
850,-4.783357794537583,-4.8914423565037914
851,-9.303892687042454,-7.596981670786237
852,-4.361457851929991,-4.931663406713936
853,-4.647606700901738,-5.372171059643181
854,-6.355464792934296,-6.025630450344155
855,-4.298986900182147,-3.9441091571913143
856,-6.417872592008592,-5.101851053056238
857,-4.03310709553759,-6.118668091624032
858,-5.994644682638878,-4.589677156047646
859,-4.783357794537583,-4.8914423565037914
860,-4.868849175453459,-5.370044269366504
861,-6.185122678809279,-8.093902842958393
862,-5.115121757877779,-6.299153636043904
863,-4.361457851929991,-4.931663406713936
864,-5.214705599936595,-5.540192441571751
865,-5.7674350872896465,-5.946743168263834
866,-6.152815163899827,-5.615344398712474
867,-6.4298984760877325,-6.75300093506724
868,-4.2263499335022665,-5.95376175845786
869,-5.008253426725032,-4.853027004773237
870,-5.7674350872896465,-5.946743168263834
871,-6.355464792934296,-6.025630450344155
872,-6.849297605722997,-5.433148177190544
873,-8.398092401561541,-7.597293943189791
874,-5.520794798234528,-6.517426220952203
875,-5.994644682638878,-4.589677156047646
876,-5.807910120921468,-5.5790698868627295
877,-5.188089601669857,-6.8214935759246025
878,-4.860773134703049,-5.488712021031619
879,-4.413840583670247,-5.973814398858323
880,-7.885154958160383,-8.381621253978146
881,-5.113158838678665,-4.551939724682573
882,-3.9125973998448824,-4.871157314930615
883,-6.488238013061533,-6.0071894960072045
884,-6.762140191835217,-7.262717128204906
885,-5.44671865360794,-4.629080401038689
886,-5.37870709942121,-4.742722276717943
887,-6.506555307717088,-6.193198893208644
888,-4.6264726910149685,-4.757049460627053
889,-8.011876751070405,-8.731257696486402
890,-5.6855219510762485,-6.129286405094724
891,-4.361457851929991,-4.931663406713936
892,-9.298488379730198,-10.443973822151763
893,-5.214705599936595,-5.540192441571751
894,-5.538816545870463,-5.375222257448075
895,-5.976065730665747,-5.625725488253943
896,-4.574937573928782,-4.497789842293589
897,-5.215093113871877,-4.5138370702338735
898,-6.812122635425197,-5.9546463026596745
899,-4.449278227106597,-5.506493442544554
900,-7.861890234919444,-5.523144982675628
901,-5.647936013994947,-5.516765060740746
902,-6.409330029575402,-6.351256473213873
903,-6.321880623489491,-6.713591178435124
904,-5.045381126614477,-4.865381644402869
905,-5.926482496415527,-6.96540080675297
906,-5.63759012460924,-6.056654036914772
907,-4.826369675349364,-5.488215396231567
908,-6.206890078764257,-5.0726536578475425
909,-5.906109032645773,-5.912059295867039
910,-4.619178256564178,-5.715412631793177
911,-6.648078445867286,-7.486573678187851
912,-5.63269201109358,-4.277175991013026
913,-6.006884808598674,-5.651175251682837
914,-8.142639576006308,-7.895328161116532
915,-6.122633651654603,-5.667002008976547
916,-10.29011096168924,-9.483054267175234
917,-6.392478534091006,-5.200161251894529
918,-7.691425447319681,-7.8572518480023525
919,-5.5066932398780715,-6.389794172587999
920,-8.688508294786502,-9.076662125871724
921,-10.002662049734333,-10.46175941401853
922,-10.518535856399627,-10.907946314878487
923,-6.155794409548969,-5.886284745802213
924,-5.002552603086944,-5.825744845691913
925,-7.691425447319681,-7.8572518480023525
926,-5.308048828512291,-7.294322951798055
927,-5.948200918468093,-5.974489470836291
928,-5.433925258479328,-5.080991638017328
929,-5.777898943804541,-5.490675718351806
930,-5.377434015530332,-3.970185629832833
931,-4.961505942851149,-4.580457773661621
932,-7.05755569704609,-8.01972662005462
933,-5.188089601669857,-6.8214935759246025
934,-5.518647413514351,-5.635848642396546
935,-8.67620650240961,-8.118408845823472
936,-8.779897088901134,-8.818255063544235
937,-6.413777708554081,-5.378624984279461
938,-4.470341705371492,-3.9514517792732695
939,-6.122633651654603,-5.667002008976547
940,-6.717780256542902,-7.0757445461347395
941,-6.195151615588215,-5.624567406810932
942,-9.741626475388273,-10.995456644039294
943,-5.107699826977074,-5.689318007640014
944,-4.33635541555895,-5.765343596857409
945,-5.435654739013943,-4.662932794174388
946,-3.811867520067274,-5.00134504539199
947,-4.629584988381155,-5.159971668341313
948,-5.857268287301903,-5.336755946792124
949,-7.723754638696196,-8.044061167362972
950,-5.474939746604749,-6.008743981756952
951,-5.4096941394137446,-5.713966466871669
952,-5.734009024929092,-6.002553165087323
953,-5.246149855128129,-5.588807854120809
954,-6.242939709308343,-5.423512358487159
955,-5.386605368360778,-4.592497516512904
956,-5.491224723359835,-5.883038654797788
957,-7.446837842815221,-3.6009059162399666
958,-6.504344048915581,-6.550820286504718
959,-5.137272518748972,-5.6743938710366955
960,-5.919715145131505,-7.687822459054529
961,-8.67717593408064,-9.30904705131627
962,-5.594635106596016,-4.796313910266087
963,-6.794157666464942,-7.025796892919462
964,-6.4171015486790575,-6.455263262544927
965,-7.465953245546427,-8.35366983813067
966,-4.009910845557412,-4.787911160847253
967,-6.3470305547030845,-6.552680658598409
968,-5.577134074995454,-4.403120443236055
969,-9.235510024672548,-8.742559886931833
970,-4.928230054138339,-6.353295637410749
971,-8.531133698760847,-8.840352938304768
972,-5.1547548293917185,-5.338834105311397
973,-5.146144636152811,-6.702446294943293
974,-5.996787952361892,-6.43410879487075
975,-6.886271713447886,-6.791635486051145
976,-5.527096482839726,-6.0749495438934416
977,-7.0619993808799855,-6.587267939392472
978,-4.893258103348067,-5.493194191260377
979,-5.81055813474325,-6.412346757412067
980,-7.2334699146219945,-6.33195877006737
981,-6.524653140574975,-8.01751501216129
982,-5.289382980567751,-4.481134212377049
983,-3.975831546541894,-4.5577572935838155
984,-10.847405641043828,-10.916765883377561
985,-8.303295891783005,-9.68628968220898
986,-4.950688780193142,-5.7898824332278025
987,-5.29952518274088,-7.774575565252948
988,-4.254558636210103,-4.952316089161531
989,-6.8271273582268535,-7.148670548562748
990,-7.12167346235497,-7.271990385752803
991,-5.875590045702888,-5.544353748423917
992,-4.470638215692702,-4.110691548860794
993,-6.471086675194162,-4.4420384346869515
994,-8.435201425837171,-9.216456507222675
995,-4.677422715856906,-4.559131856267339
996,-6.203552733240789,-5.874661044509617
997,-4.960791910598163,-5.574917204494938
998,-7.334032931761502,-7.952152411849607
999,-7.522416811906231,-6.61448223239005
1000,-9.424038876190156,-8.98654620409578
1001,-9.47678087377121,-10.947992984409705
1002,-4.332463644363612,-4.504870920847418
1003,-3.946449100460871,-5.728954724839536
1004,-5.331697896619051,-4.6182533607987715
1005,-6.267362547417482,-5.304800423586152
1006,-5.118873241455753,-4.598656667641791
1007,-7.240520673744203,-7.291833247390869
1008,-5.241004700963897,-5.102028791841679
1009,-7.639828235534068,-8.10113016772243
1010,-3.288050342702185,-4.312292339356931
1011,-6.9955750796428156,-5.653908229095384
1012,-5.220908530430802,-5.9835263530130165
1013,-9.7206793737562,-9.808472621077556
1014,-7.300702548678236,-7.095913830931308
1015,-6.996045253933993,-7.436940061586688
1016,-9.385982473594392,-10.522790966446852
1017,-6.424323980324376,-5.794211051032125
1018,-10.758828309008024,-11.194001590503012
1019,-6.123611392204291,-6.729394568742486
1020,-4.803043886588675,-5.560373745588453
1021,-6.4874191491324815,-5.865457826480811
1022,-4.946979400163801,-5.657630544199163
1023,-5.3082751645447495,-6.259869338090906
1024,-5.547261418657596,-5.272142312422113
1025,-5.891443947574668,-4.847517963087007
1026,-6.415480565551225,-6.684893316017881
1027,-5.687471650557308,-4.637695077441873
1028,-5.757294784504838,-6.031600473661161
1029,-10.053727668322328,-9.497105627524515
1030,-11.082865437732094,-10.670381837150975
1031,-7.154273782845252,-9.044004846916694
1032,-5.534139051017892,-4.624893834057654
1033,-4.421205177942042,-5.832316760335447
1034,-4.680912412591001,-5.252964950453843
1035,-4.089044137719608,-4.916146742296396
1036,-6.806819306227528,-6.242040569857872
1037,-5.618014544550485,-6.044005941814626
1038,-5.707878517094599,-6.14127051056985
1039,-8.60749060579409,-8.647055864751351
1040,-6.442821666564645,-7.033147472972277
1041,-10.625436500058107,-11.052842807320504
1042,-5.963666962272725,-6.586121585509974
1043,-8.318370335281983,-10.204975344505606
1044,-9.388144415016878,-8.195212397736498
1045,-7.646989395321749,-7.733537178653009
1046,-7.809959606785966,-6.906955689896781
1047,-5.419025738539666,-6.953878511424608
1048,-6.142398583822711,-5.617161886118913
1049,-6.200948211155991,-6.4054158284046
1050,-5.540095210624882,-4.352866237675901
1051,-6.824862610548832,-7.194787574657838
1052,-4.560547613078464,-6.7700017750653
1053,-5.429622932727282,-4.6498400620599725
1054,-9.75260759578708,-10.046245676154824
1055,-6.246533884098785,-6.848077588576029
1056,-4.810937007029524,-3.731746732738924
1057,-8.83006311332919,-7.473596205150449
1058,-6.155814930902512,-5.0494668991182685
1059,-4.75605788331263,-5.048481054235416
1060,-6.162478199064891,-7.964856549589306
1061,-5.107389026467365,-6.136608582961127
1062,-7.351615759459999,-8.25358013188464
1063,-6.064154026517085,-6.61804814397348
1064,-4.742030679722236,-5.9496255541388265
1065,-5.591305319716074,-4.919678181869159
1066,-4.072106040374351,-4.9320558483516965
1067,-7.740989991141522,-9.204938879939794
1068,-6.394056776888334,-5.511184269612071
1069,-5.598998596826547,-6.406411853766695
1070,-5.674338401907313,-5.240791358405437
1071,-5.44551936557068,-7.263350981581583
1072,-9.099345306263064,-9.594705073533516
1073,-5.335048221227789,-5.938777920028886
1074,-8.975825400544345,-9.458222188457842
1075,-5.282142730115675,-7.066799438950156
1076,-10.30376429625789,-9.482169979814625
1077,-9.330478330664352,-7.972685713484649
1078,-6.247453861007754,-5.51819774583096
1079,-6.156531044818161,-5.109644437023146
1080,-6.1000786980003525,-7.633898073966453
1081,-5.790310053651945,-7.736715712806972
1082,-5.638540860352057,-5.266695285718125
1083,-5.45375560056933,-4.9507411094754765
1084,-4.452340867991422,-4.153185103055483
1085,-5.993479186941449,-5.670554760760256
1086,-2.604796749635213,-5.539446074000551
1087,-9.121538241947956,-8.255011648655769
1088,-5.858175436128015,-5.971541856311212
1089,-8.328420197503453,-7.810089445353323
1090,-7.644936028768102,-7.378136798511738
1091,-8.03982435696646,-7.488022309682874
1092,-4.736430529693548,-6.05258241206976
1093,-4.883486909096197,-4.712173620348454
1094,-5.0590123235380595,-4.885352831582914
1095,-5.0628546676630055,-5.383261781091989
1096,-5.33853273086927,-5.491507559574804
1097,-7.188543758801341,-5.40708975774977
1098,-6.509550687630984,-5.7088071881165865
1099,-7.5648342626582785,-5.572600436271675
1100,-5.188089601669857,-6.8214935759246025
1101,-4.2263499335022665,-5.95376175845786
1102,-5.006007332449133,-5.844942093105337
1103,-5.794622744569651,-7.912243935978098
1104,-6.817906643654778,-7.31007520866503
1105,-5.924438626166692,-5.31713183939481
1106,-5.5323544169777685,-4.722967680364035
1107,-5.851197761606883,-6.669490781712718
1108,-6.849297605722997,-5.433148177190544
1109,-4.413840583670247,-5.973814398858323
1110,-4.740514410414923,-4.896020012331476
1111,-4.232294562918094,-5.325354999058991
1112,-5.356435166570982,-6.544371856016701
1113,-5.889717090057374,-5.59591595724998
1114,-4.858164422214916,-5.915205416943701
1115,-5.140602579509022,-5.366511771723788
1116,-5.7674350872896465,-5.946743168263834
1117,-7.741971688715747,-9.486152091779026
1118,-6.460036472361889,-10.353705116655938
1119,-5.674486593423877,-6.169430429835451
1120,-5.852920897339471,-5.938686275726273
1121,-5.905101932433302,-5.957986365773899
1122,-5.994644682638878,-4.589677156047646
1123,-4.695819016161199,-6.0109294157450215
1124,-4.783357794537583,-4.8914423565037914
1125,-4.868849175453459,-5.370044269366504
1126,-4.860773134703049,-5.488712021031619
1127,-5.681669391203165,-6.055691443716015
1128,-4.413840583670247,-5.973814398858323
1129,-6.200780829832704,-6.275657643910826
1130,-6.280119875033863,-6.582275021600459
1131,-5.406236220884514,-4.790172946189342
1132,-4.860773134703049,-5.488712021031619
1133,-4.742702189775539,-6.0968479963535955
1134,-7.223361863441948,-7.071055925066677
1135,-6.583978940396943,-5.074845609419378
1136,-4.03310709553759,-6.118668091624032
1137,-5.016461268555126,-4.932342872009789
1138,-5.556022645252148,-4.8332385634755415
1139,-5.807910120921468,-5.5790698868627295
1140,-6.515587517619448,-5.887434357034591
1141,-5.994644682638878,-4.589677156047646
1142,-4.48838540505402,-5.819402562203266
1143,-5.359669648408456,-7.060760089612945
1144,-4.868849175453459,-5.370044269366504
1145,-6.082866252583337,-6.5495909708741245
1146,-5.3977354849092745,-6.231602089264359
1147,-5.208529866477193,-5.50926965294051
1148,-6.082866252583337,-6.5495909708741245
1149,-6.744676667414321,-6.648074505900721
1150,-4.361457851929991,-4.931663406713936
1151,-7.041580674859302,-5.810473980195791
1152,-5.214705599936595,-5.540192441571751
1153,-6.744676667414321,-6.648074505900721
1154,-5.370328050618671,-4.666424664075306
1155,-5.197500969536255,-5.950493159068958
1156,-5.442598008051008,-4.830336678630479
1157,-4.48838540505402,-5.819402562203266
1158,-4.623272963745666,-4.390589448127849
1159,-5.209904505784138,-5.166455907740077
1160,-4.03310709553759,-6.118668091624032
1161,-6.061583678450465,-4.643990329239866
1162,-5.406236220884514,-4.790172946189342
1163,-6.302060568974984,-5.56281288923349
1164,-4.95161069790143,-4.695760401135945
1165,-6.471326567359372,-6.292554743252555
1166,-4.6924155955872955,-5.331125207578521
1167,-5.592194762782999,-7.13129936211844
1168,-5.455002484247753,-5.4476323459215905
1169,-5.8414305957448835,-6.798854002136981
1170,-5.387079067085979,-7.111094537637943
1171,-6.640327283922023,-5.3847449282186375
1172,-5.859666134919332,-4.574636019610265
1173,-5.08626864804946,-4.971278906358599
1174,-4.8763749553879165,-5.487937479568382
1175,-6.093610776381473,-5.9674707221119245
1176,-8.26560948101668,-5.145758468249644
1177,-5.742101940254244,-5.1015316286245165
1178,-5.127982964112698,-5.268787617396269
1179,-6.125462179863774,-5.865546597067415
1180,-5.90304449324875,-5.371854403624442
1181,-4.576547822943073,-4.523424245460215
1182,-5.674658065803355,-6.621069589629295
1183,-5.185098902930639,-5.152944924260126
1184,-5.912205575129727,-4.59955869773562
1185,-4.454082582782648,-4.572977022700015
1186,-6.94727795947963,-5.493596898871433
1187,-5.055694547038813,-6.224763957797289
1188,-5.754576285793515,-5.348642451449851
1189,-4.7478026938696285,-4.864654017588084
1190,-5.1924458281583785,-5.693297066347222
1191,-5.405488815871687,-5.137784940364883
1192,-4.818339828963843,-6.508332302674726
1193,-5.416383737260874,-5.701303811633111
1194,-4.394262152639399,-5.161379730420031
1195,-3.934737738624232,-5.717213399489141
1196,-5.753958478738474,-6.714181427315703
1197,-5.912205575129727,-4.59955869773562
1198,-5.349079342118513,-6.186504288396402
1199,-5.08626864804946,-4.971278906358599
1200,-5.192986501794657,-5.436211839492895
1201,-5.674658065803355,-6.621069589629295
1202,-4.753634231094175,-6.27914104609253
1203,-6.177911571037756,-6.493110482335131
1204,-6.170904534121222,-6.047064472644804
1205,-5.373976985506294,-6.450137180346015
1206,-4.772996982123796,-4.248536961604776
1207,-6.061583678450465,-4.643990329239866
1208,-4.03310709553759,-6.118668091624032
1209,-7.126875138334352,-4.65926303789867
1210,-5.1924458281583785,-5.693297066347222
1211,-5.385927880334974,-4.166997929004301
1212,-5.451647617882694,-5.715687730719941
1213,-9.283944250778804,-8.85537880273437
1214,-6.34483173364443,-5.031807660094314
1215,-5.410242660229054,-5.038011383324376
1216,-8.076718241571653,-7.738596367894097
1217,-8.157859752363166,-7.381206868988221
1218,-7.58184009354688,-7.992136662256051
1219,-4.873115159979601,-4.998872553503787
1220,-8.430353185082803,-7.974661349637511
1221,-6.623893734030849,-8.819529300102227
1222,-6.378845237581308,-7.558147480814833
1223,-5.155064596859862,-5.574898424757164
1224,-8.137310111475546,-6.209007216143394
1225,-8.171096533677758,-7.708927448941817
1226,-8.072392492383878,-8.978596630797814
1227,-5.8870983092884615,-5.696627099158641
1228,-5.8870983092884615,-5.696627099158641
1229,-4.62392845761258,-6.8725807258438305
1230,-5.706688577980296,-7.016232346372593
1231,-5.60909014268753,-4.979321129978114
1232,-5.7761471330858205,-6.1059425276077715
1233,-5.33853273086927,-5.491507559574804
1234,-10.021175274148703,-9.355639340775175
1235,-5.269347033992473,-6.950779742597205
1236,-5.1204378170810685,-6.362067840260145
1237,-5.245119291981371,-6.110153120873022
1238,-6.313148697707756,-3.877490503054788
1239,-8.380516594077239,-7.931505583776403
1240,-5.253140295511267,-5.783935959992268
1241,-4.233700655218779,-4.147456458719896
1242,-5.41736060500687,-6.860865310207888
1243,-4.49944412487635,-6.768270620236077
1244,-6.6752300788432395,-5.171647540374506
1245,-5.871877470200001,-6.600248069209435
1246,-6.115236544096179,-5.1731881255487995
1247,-6.430164907943425,-6.1780890088108045
1248,-4.691404391814892,-5.06630720705444
1249,-6.997882740288659,-6.930703676896627
1250,-4.87871195546387,-5.653459499424343
1251,-7.243884994718866,-6.216063397742609
1252,-9.741626475388273,-10.995456644039294
1253,-5.0121206876580064,-5.075425367673849
1254,-5.041455291314193,-6.106478916093274
1255,-4.512639127742183,-5.447621589566015
1256,-7.033696845310579,-6.540506909357441
1257,-5.225594158749477,-5.857377416949033
1258,-8.343946916811124,-5.791450720932904
1259,-8.020805030056254,-6.900793698439436
1260,-4.976615764769122,-6.076298708400409
1261,-8.951124803082806,-6.448751853334136
1262,-4.62392845761258,-6.8725807258438305
1263,-5.463623596339949,-4.36345129392341
1264,-6.623893734030849,-8.819529300102227
1265,-6.092139802181716,-6.406999198870295
1266,-8.516894716483723,-9.028168393775656
1267,-8.951124803082806,-6.448751853334136
1268,-8.499523945731461,-8.472285124333359
1269,-4.95161069790143,-4.695760401135945
1270,-7.314167639410642,-7.543181471188884
1271,-11.979235958066495,-6.640212325769287
1272,-5.460787668332422,-5.905936490301055
1273,-5.914133208057358,-6.71572354197529
1274,-5.537617153227568,-3.6667684625955808
1275,-4.151316940464666,-4.8947956914495965
1276,-5.8813303722317,-4.894092189285587
1277,-4.62392845761258,-6.8725807258438305
1278,-4.698408259030222,-6.386841741570617
1279,-8.951124803082806,-6.448751853334136
1280,-7.483334536811753,-6.7538070409607585
1281,-6.471326567359372,-6.292554743252555
1282,-5.40763136643775,-6.623992530788578
1283,-7.331857474347503,-6.67741964539465
1284,-7.5901315268680705,-6.618009287381306
1285,-4.914959940439909,-4.51008941780285
1286,-8.020805030056254,-6.900793698439436
1287,-5.847769080187051,-5.554469826180675
1288,-4.800876854482595,-5.657050866178629
1289,-7.201758886494332,-6.517765790656232
1290,-5.868848972329774,-4.732059131564355
1291,-5.416383737260874,-5.701303811633111
1292,-6.499994951433628,-6.830378849825871
1293,-5.698538516421005,-5.722169973880364
1294,-4.7478026938696285,-4.864654017588084
1295,-5.1924458281583785,-5.693297066347222
1296,-7.126875138334352,-4.65926303789867
1297,-5.674658065803355,-6.621069589629295
1298,-4.933680281175109,-5.344596776309044
1299,-6.933956183427851,-7.187851752327067
1300,-5.055694547038813,-6.224763957797289
1301,-5.4710288450830715,-5.162769805360835
1302,-4.03310709553759,-6.118668091624032
1303,-6.629575157202814,-7.565417809485771
1304,-7.126875138334352,-4.65926303789867
1305,-5.401617947903684,-8.355657447175489
1306,-5.860650800033012,-4.026157294962099
1307,-4.772996982123796,-4.248536961604776
1308,-5.406236220884514,-4.790172946189342
1309,-6.002732002377201,-5.048861909855101
1310,-7.4046564022731225,-5.899959952648105
1311,-5.462002189575495,-6.4603685285773675
1312,-5.087570794590688,-6.251731557078073
1313,-5.087570794590688,-6.251731557078073
1314,-5.327230988664278,-5.381066417480855
1315,-6.753046246800988,-5.776141295178474
1316,-5.139131121926442,-5.279284446752013
1317,-6.7664084251824335,-5.622691699699397
1318,-10.625065668650702,-10.059835400466111
1319,-8.567206683966523,-9.989038430766254
1320,-7.155580602893986,-7.239526439773746
1321,-8.25183184902577,-9.623656300351291
1322,-4.613580489685193,-5.563410305459948
1323,-5.509548919438345,-5.685617019580061
1324,-6.890036611005524,-7.069574221248034
1325,-4.893874769676286,-4.724626058341546
1326,-7.493955715483425,-8.059143293719476
1327,-6.297133515269989,-6.276031808546868
1328,-7.028402239085213,-6.095763257675467
1329,-4.234935348645093,-5.51508659647047
1330,-7.230634547196697,-6.317656486343536
1331,-8.33258522940592,-6.722260618641705
1332,-9.295484405508622,-9.354205627982928
1333,-4.87062870065013,-5.630380227252188
1334,-5.608516965542676,-5.595752300134151
1335,-5.190943033422856,-5.679492859868978
1336,-6.038917000755306,-5.299004187307487
1337,-8.837985635625424,-8.461756593126346
1338,-9.08929574537704,-6.617563574729754
1339,-9.27092928284473,-9.339727851401605
1340,-4.881329173520333,-4.813871973051933
1341,-4.931823052839874,-4.579361188108129
1342,-6.942188379213546,-8.552942123215818
1343,-6.463337984376164,-6.447867849703904
1344,-5.8023244383798875,-4.625537733921824
1345,-9.461364947919023,-9.40975710915269
1346,-6.754288399206198,-5.819461841600571
1347,-5.735885524138926,-6.0577745729063
1348,-8.280448025299474,-8.778566656270709
1349,-8.57242751393754,-9.016195488546977
1350,-4.568223544602308,-5.289238612644216
1351,-4.451002663903134,-5.834226554400651
1352,-4.969000873285377,-5.67746008393042
1353,-5.941331011691609,-5.548596787420807
1354,-5.7729926511320775,-5.1231249741427245
1355,-7.5454428214275575,-7.652989583288048
1356,-6.644218430997295,-8.064070791850332
1357,-4.529046912469983,-4.734182414831584
1358,-6.965320358696834,-6.033657595316898
1359,-5.169160210760197,-4.6991860978077336
1360,-4.219596515611116,-5.696135405031702
1361,-6.521658557899069,-6.889959497199193
1362,-4.671252804156991,-3.5464078273992534
1363,-5.872055923677845,-5.629071582181358
1364,-8.157519205784595,-7.465719400379578
1365,-10.904690095972796,-9.948451904652057
1366,-5.192388918310561,-4.766633852550478
1367,-6.756893468031492,-6.822700885078844
1368,-5.970597156450179,-6.3804287754718985
1369,-10.161536808829446,-9.647433914490954
1370,-6.653899245071115,-6.257255465221942
1371,-7.814867938866234,-10.634697527899334
1372,-8.435094342082657,-7.490557454658097
1373,-5.870425136677744,-6.42034838265433
1374,-6.748974525468269,-5.112822297290446
1375,-8.554138297461071,-9.38582989321187
1376,-7.292109516992223,-8.213567460162903
1377,-7.308078473938412,-7.533581564015302
1378,-8.032917360907328,-8.335089855475575
1379,-7.40497112553942,-8.744174275598432
1380,-6.014229129205416,-6.2715720115904965
1381,-6.039673365459518,-5.513118778079358
1382,-5.129877547623565,-5.254885262763951
1383,-6.861340223318709,-7.99157835486723
1384,-5.6926045822743845,-10.358578904246349
1385,-5.081757516731912,-3.8114348617817626
1386,-4.781701531798566,-6.358810482093775
1387,-8.107368016620022,-6.4610577692356586
1388,-5.200273901328483,-6.901157481684118
1389,-5.404679527345248,-5.818531052762259
1390,-9.647552337849252,-10.447050217591293
1391,-7.4821571963469005,-8.259476548687877
1392,-5.425941714994858,-6.599513545190967
1393,-6.1114530815019155,-5.54429116497764
1394,-7.782470739164263,-6.9989893641826
1395,-9.605841851371494,-11.030356017504642
1396,-5.7607908247522985,-5.9873256932561745
1397,-6.38315046772844,-4.891980484135637
1398,-5.364666599515672,-5.581106175356853
1399,-4.355361680657036,-4.806592293236383
1400,-5.148101495084916,-6.523974587644834
1401,-5.14104058005274,-5.008810200879375
1402,-4.568901261961475,-4.561491787276395
1403,-4.569477573608674,-5.749601671782515
1404,-6.697329321119831,-7.11148021054358
1405,-6.2289374398833,-4.874798351110389
1406,-12.850480061115016,-12.949507750889994
1407,-4.644182441011619,-5.4996932856849865
1408,-4.903013568957245,-5.013160726581358
1409,-4.83122425993507,-5.433316810392584
1410,-10.164486905181477,-8.68402539848213
1411,-6.40719198257279,-5.936725664770994
1412,-5.550593270412836,-6.602459713166268
1413,-11.792840847625556,-2.9969024582924852
1414,-5.730070913327498,-4.477402152664096
1415,-7.143923457389068,-7.448576577057829
1416,-5.022757843868962,-4.714986727309704
1417,-10.72223380661202,-12.325204805516053
1418,-5.332946036124138,-4.481771981785026
1419,-8.212608853902589,-8.580134831789664
1420,-10.371086730569747,-7.988628329240107
1421,-4.2392573079336255,-4.412939368133049
1422,-5.785268471708846,-5.7913084516092255
1423,-5.694900420013607,-6.01327156533112
1424,-7.830383688904883,-8.104711219142525
1425,-6.5399583659112555,-6.259706997544683
1426,-6.5186219315233584,-6.561835507133352
1427,-5.78853013413776,-5.418947028664701
1428,-7.0957830112405595,-7.814256729164434
1429,-5.403388913123949,-6.0983475185768246
1430,-7.789911838582549,-7.72729773453036
1431,-5.9899826109194745,-5.593213845291781
1432,-8.170277002150266,-8.983318265356036
1433,-7.065860487327061,-6.469723833263263
1434,-5.425194463657112,-6.340062629628312
1435,-3.4613415631354094,-5.656033727541135
1436,-4.382517073534833,-4.412113593676064
1437,-5.82125244534334,-6.449734444188202
1438,-5.837386239001427,-4.992253204206877
1439,-5.683960451280076,-5.760768852551388
1440,-7.419638788480133,-7.103734387377035
1441,-5.8353372398404275,-6.393244959669914
1442,-7.070201608528684,-6.948621700650888
1443,-6.927070690483641,-7.656460704309707
1444,-4.866695301992585,-5.322328937471645
1445,-6.327728667530042,-4.11728454621381
1446,-4.242694974998345,-6.738361503143473
1447,-5.893245726661078,-7.176491475507028
1448,-5.213841293874145,-6.572057113835125
1449,-5.434335275220516,-5.369613335480221
1450,-6.874503113056889,-6.152511713208197
1451,-4.550052719879782,-4.132310355573962
1452,-8.41924302111224,-9.257922582323667
1453,-4.0747444825859755,-5.467943766911224
1454,-10.029264353018164,-8.578186125649523
1455,-6.647390879914969,-5.420058004676242
1456,-4.159955617273235,-4.195470440012199
1457,-6.229914238454139,-7.035604521925661
1458,-4.986717217873229,-4.333543194372748
1459,-6.905933065795092,-7.086659391197644
1460,-6.416997878429028,-7.679971434066919
1461,-5.066579262822404,-5.139105751719483
1462,-7.161948717003879,-6.377633299941943
1463,-4.653845928650766,-5.835124371562371
1464,-9.446937050046463,-10.93906984680094
1465,-4.843562487708221,-6.850430873141184
1466,-6.724311352000169,-6.402870269985107
1467,-5.380850360031301,-5.939770970784084
1468,-8.38985157981837,-5.826502502173458
1469,-5.37665295166145,-5.919257271545454
1470,-5.687212717966556,-5.973880310110042
1471,-9.117938633067146,-10.179958190564184
1472,-9.462078374752208,-11.030499910139682
1473,-6.218535115248363,-6.482609530441198
1474,-8.213961899605351,-10.510413266542837
1475,-6.609880370571073,-7.138326844150624
1476,-6.528924057236818,-4.957716952319675
1477,-6.3844090133882805,-6.81257705157039
1478,-4.664113016212527,-5.656078243576748
1479,-9.322881220831896,-9.28060029517807
1480,-8.167162912213438,-8.376117255064637
1481,-5.565491894161369,-5.022363122407649
1482,-5.322277194149283,-7.109846770250359
1483,-7.771508822019181,-6.713611432230841
1484,-5.57340905848759,-4.362884001691016
1485,-8.506909410348857,-7.994462750170239
1486,-10.405544328271617,-9.723326915437989
1487,-5.735196598155754,-6.241374091294004
1488,-5.652240607683302,-6.085337864534848
1489,-5.73046185970788,-4.656356729672382
1490,-4.91897142736507,-5.166429132573527
1491,-6.517900602903742,-6.40635260799666
1492,-8.247165622885081,-8.043196782012458
1493,-7.93883070806047,-9.284371235392241
1494,-11.652119324053393,-11.272172245472499
1495,-8.435187638915735,-7.825995989521025
1496,-9.109722551188645,-9.611170542901386
1497,-6.0954654141985944,-5.463151090341174
1498,-7.767203214265045,-7.9016232631449785
1499,-4.981878955428716,-4.5086580026065
1500,-5.344684142357027,-4.854100723037356
1501,-5.418446849953039,-5.20754656384757
1502,-4.882691138309827,-4.622511486860203
1503,-7.7239302474587,-8.360759082654658
1504,-6.308874462080658,-5.310374648012545
1505,-6.136707925829981,-7.087522093514354
1506,-5.5500876417418326,-5.741623588655891
1507,-6.289663448275411,-6.912069160446663
1508,-9.837905157583988,-10.443419597164873
1509,-5.203570288153324,-5.2675807607501035
1510,-4.817753312163507,-5.43251213278541
1511,-9.673384311339191,-10.589080116942315
1512,-9.752225747009845,-9.27827478151741
1513,-5.759369889212059,-6.894453313446071
1514,-9.743236489987215,-10.218477989250097
1515,-5.591836278840518,-4.95296170159458
1516,-5.419864552190408,-4.567068498148265
1517,-3.1922392972460347,-5.708634011946293
1518,-6.415028785404643,-7.316506157629904
1519,-5.627443457303524,-6.448185746242837
1520,-5.699523485349978,-5.8536103211010575
1521,-9.694493902403941,-10.575716670894368
1522,-9.434801678474246,-10.394211219578027
1523,-5.964267329311941,-6.942734413825308
1524,-5.848821335827542,-6.952183952418419
1525,-7.881239737027094,-9.174217137792322
1526,-5.998534820389749,-5.6790152243068075
1527,-6.002109717190379,-6.678557204931272
1528,-8.192282289242467,-10.427538798557396
1529,-5.875005551185549,-3.9899264021802807
1530,-10.151838676153364,-10.286481216684752
1531,-6.560439633768343,-7.1432017959892615
1532,-6.074988727191517,-5.8890021325182715
1533,-6.149225801671992,-5.757997095225907
1534,-10.08798062087938,-10.14359388138335
1535,-8.136257161738136,-7.539274114792672
1536,-6.280657633903614,-6.504938238988686
1537,-5.815938709150721,-6.451882336816249
1538,-6.172315312422391,-5.816783817793102
1539,-5.330664760617648,-5.061056753283902
1540,-5.138017054237087,-5.56331080139436
1541,-4.941183339832545,-5.58859159360156
1542,-5.163479518942793,-5.090665800645717
1543,-5.898341670126397,-4.84965236475993
1544,-6.152815163899827,-5.615344398712474
1545,-4.865038639695278,-5.740771954636811
1546,-5.230440649767008,-5.632262260585324
1547,-4.616316684086592,-6.182279828540587
1548,-6.623893734030849,-8.819529300102227
1549,-6.04160377042418,-5.739522006459674
1550,-6.874294782604933,-6.445827017411156
1551,-5.566203701207051,-5.236273014702781
1552,-5.858376932423463,-5.777127027201407
1553,-8.951124803082806,-6.448751853334136
1554,-6.321379736493575,-6.192932446700257
1555,-5.460787668332422,-5.905936490301055
1556,-5.678586468382125,-4.348451594100342
1557,-5.498383413419349,-5.6097048726859065
1558,-5.927949093240496,-4.8042429114937875
1559,-4.1671751643254815,-5.913113587044439
1560,-9.488407411426918,-9.64031622834479
1561,-6.34771232902715,-5.954201380792308
1562,-6.623893734030849,-8.819529300102227
1563,-5.319812334281689,-4.5809279285868065
1564,-4.90769079655114,-5.075998855626434
1565,-6.34483173364443,-5.031807660094314
1566,-4.87166347861792,-3.0086397354013243
1567,-4.921029213891666,-5.1026296680789365
1568,-6.238208422758975,-6.839400271947268
1569,-6.133745631156467,-6.096717999165908
1570,-7.35803726150705,-7.821030875272289
1571,-6.470509400525466,-6.037890604353244
1572,-7.822560553456048,-7.828269850791665
1573,-5.460787668332422,-5.905936490301055
1574,-5.298410753682772,-5.895711720973772
1575,-7.122905731928903,-6.340402100618249
1576,-7.041008124334466,-7.4713618400695445
1577,-5.069768472789335,-5.341566125100605
1578,-6.724749392073447,-6.820397517409133
1579,-6.8231133572708895,-7.50099283975582
1580,-4.8299671683117875,-4.7807757282437064
1581,-6.479553205496639,-6.156174411110686
1582,-5.2698500991226105,-5.404801230631517
1583,-6.367571862005269,-6.369979338660799
1584,-9.283944250778804,-8.85537880273437
1585,-6.170904534121222,-6.047064472644804
1586,-6.63461727299996,-3.8229362412508165
1587,-5.331902383461681,-5.35065415592166
1588,-5.716825403768967,-8.536696744266635
1589,-5.4710288450830715,-5.162769805360835
1590,-3.920690779658612,-4.487058848727726
1591,-5.2698500991226105,-5.404801230631517
1592,-7.126875138334352,-4.65926303789867
1593,-7.306436507271494,-6.495518415693232
1594,-7.642592983040869,-8.128722072387623
1595,-6.075835923751908,-6.193183152389364
1596,-5.486949693816872,-5.32366525547216
1597,-5.2824308823346815,-5.724902724683688
1598,-4.03310709553759,-6.118668091624032
1599,-5.377905833659852,-5.279397499310171
1600,-5.710435881255364,-4.17651302015373
1601,-5.2619786104880575,-6.417635447705362
1602,-10.18633161785756,-9.17485474237747
1603,-5.105623736541245,-4.918839654774548
1604,-6.8231133572708895,-7.50099283975582
1605,-6.061583678450465,-4.643990329239866
1606,-4.896556932337246,-5.36005693778559
1607,-6.554148390824977,-5.068243919895265
1608,-5.67235844138767,-4.113056982390969
1609,-5.418814048660067,-5.42852509105845
1610,-5.270156977036624,-5.242700839273013
1611,-5.957254649864357,-6.096075731247726
1612,-5.885444217714593,-5.969351282073571
1613,-5.489272393769035,-5.069349532991048
1614,-5.142780335238482,-5.418397808289766
1615,-5.379756020721368,-5.379914187940241
1616,-7.587242737726584,-6.822142949916602
1617,-4.457780417849085,-5.419885389381428
1618,-5.948233314694203,-6.350145642461868
1619,-5.385534440006726,-6.3684654438026165
1620,-6.914345214139631,-6.92093600209399
1621,-9.303892687042454,-7.596981670786237
1622,-7.406219552853422,-7.4328140528859805
1623,-6.4670886940115615,-6.078448289401049
1624,-7.383057841174404,-5.42452409044383
1625,-6.422297661017415,-5.5978795786772455
1626,-6.480350182843328,-6.253843899530663
1627,-5.935703049577741,-6.604978169227543
1628,-6.020591196939847,-5.731657771068095
1629,-8.359211075364486,-8.266525177248923
1630,-5.104646803805977,-5.759950263053408
1631,-4.549833588661155,-6.076176903215524
1632,-4.87166347861792,-3.0086397354013243
1633,-6.2957836582453535,-8.084574230571837
1634,-6.657694466369755,-6.820635610704748
1635,-5.987676965761611,-6.502843711786172
1636,-8.951124803082806,-6.448751853334136
1637,-6.420716542804929,-6.344467904440053
1638,-8.7549904691163,-8.865601658586415
1639,-10.076706149862714,-8.020456956978904
1640,-4.62386886039736,-5.778956954321995
1641,-8.84993630502202,-6.482634299600363
1642,-5.923983991889026,-5.152028202330905
1643,-6.577009925412998,-4.7604446126069355
1644,-6.053315521618491,-6.012919456129834
1645,-7.421609212208148,-9.570814601925598
1646,-5.486977571269456,-5.2047937728565365
1647,-4.438056719137256,-3.76123556891734
1648,-5.593676739449132,-4.2921915829974
1649,-5.581267893937481,-6.198702938752591
1650,-5.6332704933790545,-5.401663624831342
1651,-5.727057728663542,-6.737818665489975
1652,-5.721514753512205,-6.562138252399493
1653,-15.106175235252538,-12.854187741659251
1654,-8.284396461150196,-7.323349842200699
1655,-6.466574340455071,-6.212263216320679
1656,-8.669813818191297,-6.875874231159945
1657,-8.188882684551363,-8.687528209042522
1658,-5.052496769012066,-4.9157797630152675
1659,-7.218448107166006,-6.605887670972347
1660,-7.9659987422607195,-8.373241063047121
1661,-5.973029225801217,-7.45648219573836
1662,-6.941285221742145,-5.268281817587801
1663,-6.3708697549599425,-6.441384303563521
1664,-5.172855735653766,-5.363316445137482
1665,-5.582913357556009,-4.872920484385037
1666,-4.8445152918969505,-5.167087787614808
1667,-5.066855540327916,-5.6630991387765395
1668,-4.114748361414545,-5.994185624582965
1669,-10.64310056925283,-10.600683205657546
1670,-6.5093340823125825,-7.789159077940154
1671,-6.471692550895552,-7.1796684546599945
1672,-5.201639254611104,-6.588378825339699
1673,-6.632950454176143,-6.6392257161777835
1674,-6.925793226343384,-7.36954271049845
1675,-5.749896269085507,-5.44850963340437
1676,-6.155139910486328,-4.596443325780878
1677,-4.805256995197329,-4.957262874288136
1678,-5.327260084966084,-5.348255393702728
1679,-4.782271271017743,-4.470100739289249
1680,-9.765781265516743,-10.278667757333803
1681,-4.7817778691922035,-4.698209818502928
1682,-5.436559356575083,-6.293332265431765
1683,-8.4042055239552,-7.418451579828172
1684,-7.538300278909023,-6.999411583457654
1685,-4.791373833704181,-5.2122269080940296
1686,-9.511475274861363,-9.135265301207404
1687,-5.079669743543035,-5.700589086593098
1688,-8.09800347989438,-7.855727754367295
1689,-6.124442914054516,-5.257770871673758
1690,-9.475448442660438,-8.653671752971514
1691,-5.709464471881272,-7.212042779283315
1692,-6.786805296274952,-6.032140595568546
1693,-5.132028255606931,-5.7545665526591545
1694,-4.961584255792252,-4.944926408951009
1695,-5.262036820572025,-6.032678817336894
1696,-8.017369365594163,-8.399988842551604
1697,-5.196064652380933,-5.945023097855682
1698,-10.984016484064725,-11.841317080579053
1699,-6.872294115044574,-7.005223448799068
1700,-10.176913405668525,-11.942286558645211
1701,-7.063716468882862,-5.892096529996029
1702,-4.4871854055187725,-3.949219879381422
1703,-4.139070651724875,-5.326163681586315
1704,-4.879836560232539,-5.625981503764363
1705,-9.665091334422709,-10.066682692530831
1706,-6.968365343111795,-7.063644631586273
1707,-4.884223036636316,-4.591998929224962
1708,-9.489870599561977,-11.362152248527831
1709,-9.00010938657178,-9.632906982944437
1710,-6.9922240367673405,-7.148332565326471
1711,-8.831687401838279,-9.257786274671902
1712,-4.970213905367633,-5.303190245283819
1713,-5.763250684996311,-8.672242784317529
1714,-5.660810326132523,-4.9802214239893
1715,-6.620078674809852,-5.381018859120966
1716,-5.853031054181098,-6.566831630510021
1717,-5.600330767454836,-5.546920929885572
1718,-5.291283553409354,-4.650009315127298
1719,-5.903188516044703,-5.780478504075168
1720,-7.981735864154574,-8.90133803162071
1721,-5.103478202488299,-5.34118086049903
1722,-4.1909960774677115,-4.286592302384803
1723,-7.87580736172866,-8.889642929434764
1724,-5.715268458748927,-6.492218592686157
1725,-4.611156325949738,-4.676981189370954
1726,-4.84287897947258,-5.547944506226433
1727,-8.40303450403312,-8.599767946211044
1728,-5.625027060651163,-5.970204215424541
1729,-5.598184368841259,-6.591949097929671
1730,-5.629734705026572,-5.6472421940810325
1731,-3.7412132538828544,-5.635511547694248
1732,-8.095030482033053,-8.134131676684548
1733,-8.682070172385338,-9.39770215116442
1734,-6.0950052324013395,-4.123309752723952
1735,-9.520971571714155,-11.771058045202125
1736,-5.572946501156743,-5.522786781250158
1737,-4.679616952245205,-5.366457448968241
1738,-6.092153223259225,-7.0200319794305654
1739,-5.896901629485915,-6.710191721098957
1740,-3.1367104162779036,-4.971619164094056
1741,-9.24907837512827,-9.437693850634115
1742,-7.619595083626425,-7.704211627100185
1743,-9.056410818462583,-9.518198972987351
1744,-6.923236561105433,-6.314334745413418
1745,-6.830864559503136,-7.101411706413213
1746,-6.731853728889931,-8.381665329656943
1747,-5.9030913943366725,-6.175137867589048
1748,-4.637470953648792,-5.492858633820067
1749,-5.806200416920941,-6.225558166304201
1750,-6.163454800122347,-6.725026230614878
1751,-6.3055523102827244,-6.178742454785004
1752,-9.278955716115643,-9.560898813375196
1753,-9.204734783411563,-10.353580304363327
1754,-4.951041677121969,-4.822216132465359
1755,-6.234146554862397,-4.81617069260393
1756,-5.564769019693177,-6.159458497181905
1757,-4.9563885322870735,-5.1770286828145125
1758,-4.923432852446757,-5.012692189175923
1759,-4.522293953375073,-5.017626143743996
1760,-6.020759307350001,-6.236986831141081
1761,-4.821019291387019,-3.823707034780713
1762,-5.152706061573184,-4.33993125463142
1763,-5.540151935686731,-6.025344973683406
1764,-9.123388847632398,-9.68640427790731
1765,-4.819478898912761,-5.318192934170732
1766,-4.984838675253279,-5.240441170476747
1767,-6.208004501764149,-8.015270655091788
1768,-6.420954268854395,-4.314860313809465
1769,-5.3608208621869,-6.587005954477247
1770,-5.697089099952176,-6.161001762613315
1771,-7.544075216295607,-6.702471687257983
1772,-10.176685433728089,-10.150637637363722
1773,-4.78110300473222,-4.375794758512676
1774,-8.778610288703348,-8.083720814948848
1775,-4.490286510326447,-4.526291021584173
1776,-3.888326315239972,-5.724819554852586
1777,-9.194048382220657,-9.827662138498663
1778,-8.428056949889033,-8.686116312198186
1779,-5.3158594735007085,-4.7390981696360495
1780,-5.6219091934632575,-7.26469099346693
1781,-9.363761855866338,-9.765482910164975
1782,-8.957087851062537,-9.829397056589979
1783,-4.516387168378642,-5.288852143992548
1784,-10.446506991749064,-9.57353894915922
1785,-9.309629337195961,-8.343257581330404
1786,-4.77044275588446,-4.198826519680154
1787,-5.146017649461296,-4.967891490876769
1788,-10.742077425340995,-10.751659637723357
1789,-8.385898430566087,-8.340529854773866
1790,-9.372914124792295,-9.765649358886858
1791,-5.453537185114786,-6.069287860237196
1792,-5.907738381499369,-5.125554520888983
1793,-6.856274204970589,-6.222169269652721
1794,-5.210683194710704,-4.797439371368772
1795,-4.704347582130126,-4.424404237663543
1796,-6.610484822144464,-6.157735805032049
1797,-3.3665037603025834,-6.18453755305039
1798,-10.551069722276903,-14.311946819330092
1799,-5.347987444550627,-4.876869282028723
1800,-7.457790538370544,-5.8112239456761925
1801,-6.069254562880227,-6.768243974659653
1802,-4.390212162216919,-6.103841955872138
1803,-4.616316684086592,-6.182279828540587
1804,-6.333891477183309,-10.193248741173509
1805,-5.680859322911713,-5.903317532079224
1806,-5.680091357080505,-6.415295595123397
1807,-7.652312573690223,-7.438793611818085
1808,-5.161748483661071,-5.927607913781191
1809,-6.201790774674063,-5.62454195008147
1810,-5.0930449108133145,-4.339130677842042
1811,-6.846885582923389,-4.5437653016967285
1812,-6.159525580854044,-5.3423692044232105
1813,-3.8045961219991717,-5.307719486186808
1814,-5.669451270701936,-6.585415463626544
1815,-5.693474354139667,-5.45767578156611
1816,-6.140211386475237,-5.324348026042901
1817,-5.6679666811963525,-5.092802085319807
1818,-5.407457440141478,-5.59785272483771
1819,-7.766499991129859,-6.343463257327964
1820,-6.5467501174937155,-4.7495107894024935
1821,-8.101255461318713,-8.511302348941065
1822,-9.183207554073736,-8.10559375405263
1823,-5.213834582318784,-6.148188834728547
1824,-3.49009916762137,-4.277958073486436
1825,-7.806323852812412,-8.125380125779401
1826,-7.684407498795073,-7.092629088171899
1827,-6.1352529457863545,-5.740845525710299
1828,-7.378581745820194,-8.506761067790091
1829,-5.3622843717335,-5.187509459168991
1830,-4.128797881812805,-4.299030693301163
1831,-5.217461969166321,-4.951783061251157
1832,-6.420894053128954,-8.291669861070872
1833,-5.100455018714902,-5.447092639662294
1834,-5.898941139719601,-5.391066499353483
1835,-4.5021204732966,-5.308472684640257
1836,-5.444961792209967,-5.472698343829513
1837,-4.461638012862828,-5.374220491298602
1838,-6.688960350745436,-5.373516674414773
1839,-2.3139573356331056,-6.4923905141686635
1840,-5.82441571346417,-5.285658561238937
1841,-6.156970519590104,-4.728300133445113
1842,-5.844179753337727,-5.034717745655813
1843,-5.187335300584785,-5.635194304644129
1844,-4.800400419770153,-3.5301692368980566
1845,-7.652312573690223,-7.438793611818085
1846,-5.293329306610582,-4.15645333962393
1847,-6.061381706658683,-6.636865071334074
1848,-6.459091058139043,-5.675379563566533
1849,-8.771909938635158,-8.737268731185095
1850,-10.042881129616166,-9.651254132462087
1851,-4.8170944334996015,-5.320675305698484
1852,-5.304704466729733,-4.53119533633105
1853,-4.6652106850875015,-4.586907155426202
1854,-5.594636219604652,-5.177258271922537
1855,-5.594636219604652,-5.177258271922537
1856,-7.488834415702474,-8.268451677797836
1857,-6.828927819435476,-5.003590950954319
1858,-5.999633845707618,-5.121052227575059
1859,-4.252380176258567,-4.090774667966658
1860,-6.739011782238945,-5.893481395830127
1861,-4.93088614597816,-3.956164336673746
1862,-6.857203663445523,-7.340592803671273
1863,-6.156970519590104,-4.728300133445113
1864,-6.065819926751418,-5.475615165963875
1865,-5.050917755466282,-5.686921149150176
1866,-6.48282790668534,-5.477971325141814
1867,-4.947084791339836,-5.632919886076029
1868,-5.320689328244972,-7.154686162719714
1869,-5.320689328244972,-7.154686162719714
1870,-6.420716542804929,-6.344467904440053
1871,-5.140499950372936,-4.919428024816467
1872,-10.344682511252557,-8.96294298940939
1873,-3.7639251958613746,-5.026912231310147
1874,-5.582797739394016,-4.722262960727888
1875,-5.0930449108133145,-4.339130677842042
1876,-6.972275894034918,-7.003888157163772
1877,-7.195478703520605,-6.691669942322842
1878,-5.357409081485946,-4.690175604575894
1879,-4.5701040038534035,-5.005677911377062
1880,-5.977728494173386,-6.508137747203589
1881,-6.549110838927721,-5.666190541492929
1882,-4.5977270108094075,-6.010459049962397
1883,-4.756718723835018,-4.908844165162007
1884,-5.105623736541245,-4.918839654774548
1885,-5.985892710788606,-5.636068089091968
1886,-5.368669424101876,-5.129051122817622
1887,-9.283944250778804,-8.85537880273437
1888,-4.853458466758829,-5.895586924961698
1889,-5.854584730078905,-4.846041863366474
1890,-6.37367033901939,-6.574349702081604
1891,-5.5775279057700065,-5.4401763943344665
1892,-7.438367666673506,-6.28553692318752
1893,-5.351238211056178,-5.479268940614275
1894,-5.636959245321771,-7.039996520924122
1895,-4.773496199988607,-5.92994595183344
1896,-7.4046564022731225,-5.899959952648105
1897,-5.636959245321771,-7.039996520924122
1898,-7.178002929532276,-6.312229255105605
1899,-5.105623736541245,-4.918839654774548
1900,-6.482001582442447,-4.555120747202789
1901,-6.506555307717088,-6.193198893208644
1902,-5.312915987169241,-5.681876571058119
1903,-5.674100231054304,-5.834215667179705
1904,-5.006007332449133,-5.844942093105337
1905,-5.404903757291871,-6.002169534936369
1906,-5.1924458281583785,-5.693297066347222
1907,-5.795629577255841,-5.034031748200246
1908,-5.355363529232443,-5.869415779810813
1909,-6.04883146219895,-5.000402747753037
1910,-4.655278985623697,-5.37166962933642
1911,-4.814008643279292,-6.818375921961423
1912,-6.8503257202251895,-5.861623257901033
1913,-4.760827810649211,-4.986003751677137
1914,-4.909238566898004,-5.6395435153993425
1915,-4.938394667076823,-5.144634388073065
1916,-7.065882487562119,-4.9233428298092
1917,-4.868849175453459,-5.370044269366504
1918,-4.655278985623697,-5.37166962933642
1919,-7.065882487562119,-4.9233428298092
1920,-5.1924458281583785,-5.693297066347222
1921,-5.424546486924065,-6.161296931649456
1922,-4.03310709553759,-6.118668091624032
1923,-7.23023209414664,-4.745827091361061
1924,-7.4046564022731225,-5.899959952648105
1925,-5.312915987169241,-5.681876571058119
1926,-5.754172051549448,-6.579095121001271
1927,-5.728187303378277,-6.507391020558584
1928,-6.069402821176059,-4.384995015907489
1929,-6.769856955099739,-6.454841056470666
1930,-6.512416619693955,-6.078303057765838
1931,-5.914414440711299,-6.476854937004011
1932,-9.379155608473853,-9.49119003812261
1933,-5.434156982150446,-5.8635895398714775
1934,-6.405819704995576,-7.0449453791120185
1935,-6.405819704995576,-7.0449453791120185
1936,-5.420813773448948,-6.211955130187931
1937,-5.088465112958571,-4.688737787495059
1938,-7.9659987422607195,-8.373241063047121
1939,-7.824516757954665,-6.802748364734555
1940,-6.308275546037769,-7.2138596687114225
1941,-5.029203385723765,-3.9864995166501025
1942,-5.357409081485946,-4.690175604575894
1943,-5.211185910859761,-5.6458508209617495
1944,-5.583237056121451,-6.364918539525926
1945,-9.149164352921252,-5.883207822674411
1946,-8.877103631891123,-7.781550214009547
1947,-4.766840516605047,-6.126779457671022
1948,-6.910612982297238,-7.942892078697199
1949,-6.61208720621263,-5.943227437943811
1950,-5.630912098524887,-4.782370566911734
1951,-6.025832052634751,-6.070649895165736
1952,-5.098909822125546,-5.253013164905692
1953,-5.850638390471795,-5.2175078938487705
1954,-5.936146506614264,-4.592011978861059
1955,-6.7667693160775855,-5.190571433856423
1956,-4.748618022636251,-4.471518562538794
1957,-8.225924807077634,-7.580511149014681
1958,-4.433431607449835,-4.640030733310256
1959,-8.188484068044875,-8.418996707987795
1960,-4.7962149268566945,-5.549201379959046
1961,-8.957798263306424,-9.507674945780007
1962,-4.6580386789692465,-5.2480405857839845
1963,-1.9671886642480505,-5.0256187304064674
1964,-8.101371899355433,-8.728491831774926
1965,-4.1900577452751335,-5.27027419410122
1966,-7.315773087692159,-8.224672566011185
1967,-6.444752178900635,-6.207449991189241
1968,-5.741392475111365,-5.200281822356959
1969,-5.684406495652485,-6.754886596544157
1970,-4.817998092259986,-5.8407412983765985
1971,-6.325971509349426,-6.942253367676786
1972,-6.053520153927285,-5.917632983050289
1973,-6.265860765360959,-10.093477037241467
1974,-3.9034882558061925,-4.849974238379937
1975,-5.397036301378866,-6.211178537180903
1976,-5.277733960400923,-5.403790788237718
1977,-9.318958470803427,-9.704590076500214
1978,-7.688702461491232,-7.948446786941812
1979,-5.118228109794707,-4.800821571009061
1980,-6.301541676340291,-6.461541678059692
1981,-5.70983109373482,-5.364273144433205
1982,-4.703884378482719,-5.532129619753844
1983,-6.677319486015327,-6.973909882812901
1984,-7.657703717692801,-5.091974614883542
1985,-6.664577959488058,-5.399323155152615
1986,-4.911865189654792,-5.043493290143827
1987,-9.831080331951366,-10.186476276513842
1988,-10.795505062242697,-9.892354882563012
1989,-4.889148983075549,-3.7510451158575293
1990,-5.662023251154413,-4.899987963778793
1991,-6.469851627551773,-4.901279205337138
1992,-5.411346624293801,-4.8365890640030305
1993,-4.984926246720303,-4.789769265732133
1994,-6.99753143946336,-6.564872130260575
1995,-9.183110393364064,-10.446548963095477
1996,-7.150572331705572,-7.2272626825218165
1997,-5.257264368422317,-5.0738098762748844
1998,-7.472839853327544,-9.42934622799105
1999,-5.182460299797841,-5.0607476618460625
2000,-7.018804710529324,-7.774076672469552
2001,-9.262873017644537,-8.904026864694028
2002,-7.863680966793764,-6.6399879640902615
2003,-7.002789038450495,-5.938481166026522
2004,-5.7559781987884335,-5.4210898555801235
2005,-9.616217474115967,-9.34794278330326
2006,-8.869800782184138,-8.542970914936674
2007,-5.680748257187162,-5.5700985699903605
2008,-4.544447063005404,-5.1948828479388025
2009,-6.174934573369392,-6.726562116209266
2010,-4.596823685576272,-4.8339460057966654
2011,-7.511836248552422,-7.250933718456037
2012,-4.899140932545501,-5.92341789141623
2013,-5.877249277507309,-4.969981190305072
2014,-6.129563983974177,-6.2297498980616695
2015,-5.848297964361068,-6.198158190729593
2016,-5.293623478321226,-5.956218299569942
2017,-6.863928337394388,-7.3972801764654275
2018,-7.761880619580147,-7.928280465801139
2019,-5.402494617957942,-5.7154072700018395
2020,-7.035531526484558,-9.932729866071002
2021,-6.011007901725665,-5.266512627383387
2022,-4.857984463637793,-3.7987244651805234
2023,-5.760878695217865,-7.441018334313874
2024,-5.42882157495322,-4.238061835046016
2025,-4.911754810610887,-5.756255032663843
2026,-5.623701690237009,-6.844931318984157
2027,-5.9809631234449645,-5.778796949252152
2028,-6.742784683226536,-7.003111272273246
2029,-6.304324246002816,-5.561980394466772
2030,-6.639513253730282,-6.524322683870753
2031,-6.511726554602075,-6.792515398290119
2032,-4.053379025832131,-4.784815552753656
2033,-4.819528788879644,-4.642730663947276
2034,-5.449840037310993,-4.704320367675393
2035,-6.2479597135038585,-4.612267759671855
2036,-7.219716892994175,-8.65820755730763
2037,-9.620142759592078,-9.248425902977342
2038,-7.246443980212494,-6.557272691149144
2039,-5.782284324093213,-3.977228427480693
2040,-5.758310107751804,-5.087887936630393
2041,-4.229848535659584,-4.726826699056753
2042,-6.116211185323349,-6.833957669050941
2043,-7.023384045260967,-6.167395366010325
2044,-11.10616124277255,-9.533390233889003
2045,-5.60819601403549,-5.735990098733701
2046,-7.594395265412804,-8.954335863566063
2047,-4.453685421347551,-5.621990327793715
2048,-4.546979787180296,-4.590654928951826
2049,-3.7370623125771765,-6.4874271220252275
2050,-5.274056835928397,-5.698184982726877
2051,-6.2260333513744195,-6.388206379677224
2052,-5.338617437173379,-5.128837260319852
2053,-9.438261546690246,-9.639363970965205
2054,-6.8487008819251605,-6.358599448276897
2055,-4.669816385272485,-4.321031526157759
2056,-4.941467171366558,-5.17590659756592
2057,-10.633887649103038,-9.704256890204526
2058,-4.829574353169596,-4.863226037520823
2059,-5.066012794178047,-3.7297114383376515
2060,-2.557085016036881,-4.974624739018152
2061,-4.060212517824922,-3.4977761372257197
2062,-5.908282706590716,-5.434645247854756
2063,-4.997725052740653,-5.200785992694037
2064,-5.728094237649904,-5.049150394972701
2065,-4.051797387206873,-6.224207960601278
2066,-5.603034032949905,-5.074651715879653
2067,-6.105153689752905,-5.361162986471815
2068,-6.620144011061759,-5.862025802894776
2069,-5.696649621957354,-5.883658011487011
2070,-5.837418660669696,-7.6512168486461505
2071,-7.368747309038078,-8.545796347517296
2072,-9.501481196124395,-10.37726761271366
2073,-4.937697420252416,-4.840257282606655
2074,-6.16326831446823,-7.384935769596293
2075,-8.945799833915526,-9.264445942597636
2076,-6.570929892902751,-5.873681288808939
2077,-6.657585978620068,-7.125464346954222
2078,-8.854279247683868,-10.373447988901269
2079,-5.251390596914332,-5.785221793713275
2080,-5.016858314024027,-7.586245225827216
2081,-5.956962015763498,-5.065952811905607
2082,-9.810783815412872,-10.359788525343594
2083,-8.383568262568678,-8.222106027961935
2084,-4.731153294164403,-4.8474629929856565
2085,-5.211581482544167,-4.329381501927063
2086,-6.031184743896166,-4.9655010917675995
2087,-7.38542707024178,-6.897446409834023
2088,-5.53315363701836,-4.992682458133957
2089,-8.423144229802379,-7.524022035381776
2090,-5.618009536825195,-7.978375573458338
2091,-4.21614479535862,-5.531363469811117
2092,-7.468129134206856,-7.664242589746479
2093,-5.9178620705921485,-6.937382404457765
2094,-6.881529725591031,-8.027285319354148
2095,-8.301286035698988,-7.193001758832512
2096,-9.03235302959445,-9.813115975708909
2097,-5.870277814019432,-4.724309257773081
2098,-4.615324158206782,-4.312011337721323
2099,-5.603996441364653,-6.700562409667503
2100,-8.332050597231401,-7.07695138181087
2101,-7.344204106253778,-7.468623881593526
2102,-5.183859858414736,-3.8178067528963036
2103,-8.215868350877273,-8.003413670199535
2104,-4.832470971842191,-4.626662027393941
2105,-5.680435576131689,-4.889538022388499
2106,-4.901525467045451,-5.283596673357685
2107,-9.315504224730924,-9.543580204143778
