row_id,SMAP_Surface_T15,SMAP_Root_T15
0,0.2918349802494049,0.4455459713935852
1,0.3158889412879944,0.45354971289634705
2,0.310884565114975,0.44806569814682007
3,0.2358962744474411,0.4159795343875885
4,0.39809873700141907,0.43911081552505493
5,0.3562565743923187,0.44778698682785034
6,0.5669479370117188,0.6066787838935852
7,0.33526912331581116,0.5128280520439148
8,0.3562565743923187,0.44778698682785034
9,0.38614243268966675,0.45764315128326416
10,0.33526912331581116,0.5128280520439148
11,0.39809873700141907,0.43911081552505493
12,0.3349502384662628,0.43053537607192993
13,0.267589271068573,0.3851465880870819
14,0.46157070994377136,0.5198623538017273
15,0.31592607498168945,0.48262685537338257
16,0.555401086807251,0.6461725831031799
17,0.32755225896835327,0.4481653869152069
18,0.2979751229286194,0.39246469736099243
19,0.3811355233192444,0.5085129141807556
20,0.41824185848236084,0.5473994016647339
21,0.30799710750579834,0.4362137019634247
22,0.30717363953590393,0.43901216983795166
23,0.33684536814689636,0.462137371301651
24,0.267589271068573,0.3851465880870819
25,0.2514052987098694,0.40733492374420166
26,0.2918349802494049,0.4455459713935852
27,0.39674070477485657,0.5103927850723267
28,0.39674070477485657,0.5103927850723267
29,0.3846943974494934,0.4981369078159332
30,0.39469245076179504,0.43023020029067993
31,0.39469245076179504,0.43023020029067993
32,0.31592607498168945,0.48262685537338257
33,0.31592607498168945,0.48262685537338257
34,0.6375187635421753,0.7221552729606628
35,0.39469245076179504,0.43023020029067993
36,0.43602749705314636,0.5177993774414062
37,0.43602749705314636,0.5177993774414062
38,0.43602749705314636,0.5177993774414062
39,0.33526912331581116,0.5128280520439148
40,0.38700610399246216,0.49228769540786743
41,0.5669479370117188,0.6066787838935852
42,0.3118794560432434,0.3790532648563385
43,0.640434205532074,0.6750849485397339
44,0.405111163854599,0.5337214469909668
45,0.3981221318244934,0.4866470396518707
46,0.39893287420272827,0.4421727657318115
47,0.28265631198883057,0.38788604736328125
48,0.4418095648288727,0.548351526260376
49,0.41892850399017334,0.5024520754814148
50,0.30751287937164307,0.38424429297447205
51,0.29742124676704407,0.44806772470474243
52,0.378560870885849,0.5079910159111023
53,0.2943079471588135,0.3678950071334839
54,0.40285590291023254,0.5389785766601562
55,0.3365234136581421,0.3612920343875885
56,0.28560787439346313,0.38153332471847534
57,0.31769609451293945,0.4420527219772339
58,0.267455518245697,0.3766128718852997
59,0.47875720262527466,0.5656997561454773
60,0.32703956961631775,0.4267522394657135
61,0.3705556094646454,0.4813522398471832
62,0.2348937690258026,0.3541204035282135
63,0.5529352426528931,0.547466516494751
64,0.3269800543785095,0.43288931250572205
65,0.2718963325023651,0.3148788511753082
66,0.3435882329940796,0.472910076379776
67,0.4012771248817444,0.4900924861431122
68,0.39586687088012695,0.5141097903251648
69,0.39674070477485657,0.5103927850723267
70,0.552733838558197,0.6493586301803589
71,0.29044798016548157,0.4348607361316681
72,0.39674070477485657,0.5103927850723267
73,0.39674070477485657,0.5103927850723267
74,0.3786992132663727,0.5360305905342102
75,0.32650092244148254,0.46106112003326416
76,0.42459002137184143,0.5167078971862793
77,0.3458760380744934,0.48063814640045166
78,0.41380560398101807,0.44770559668540955
79,0.4114903509616852,0.388559490442276
80,0.35047248005867004,0.34571483731269836
81,0.5116429328918457,0.6192296743392944
82,0.26846665143966675,0.3937210142612457
83,0.4225722849369049,0.3926732540130615
84,0.6605941653251648,0.7424596548080444
85,0.28909096121788025,0.4348953366279602
86,0.2979893684387207,0.2991287410259247
87,0.3641911447048187,0.49826812744140625
88,0.4264276921749115,0.5610936880111694
89,0.2713073492050171,0.38633474707603455
90,0.3129673898220062,0.45345306396484375
91,0.2859140634536743,0.4154108762741089
92,0.386812299489975,0.5015345215797424
93,0.3846943974494934,0.4981369078159332
94,0.3846943974494934,0.4981369078159332
95,0.39674070477485657,0.5103927850723267
96,0.39674070477485657,0.5103927850723267
97,0.3846943974494934,0.4981369078159332
98,0.39674070477485657,0.5103927850723267
99,0.3846943974494934,0.4981369078159332
100,0.386812299489975,0.5015345215797424
101,0.39674070477485657,0.5103927850723267
102,0.552733838558197,0.6493586301803589
103,0.35790300369262695,0.40455272793769836
104,0.5522028207778931,0.6464879512786865
105,0.5522028207778931,0.6464879512786865
106,0.5522028207778931,0.6464879512786865
107,0.5522028207778931,0.6464879512786865
108,0.39621326327323914,0.3943741023540497
109,0.3562565743923187,0.44778698682785034
110,0.41380560398101807,0.44770559668540955
111,0.6269261240959167,0.6696507930755615
112,0.41380560398101807,0.44770559668540955
113,0.46514636278152466,0.5471329092979431
114,0.4390314519405365,0.5764989256858826
115,0.3067321479320526,0.43910878896713257
116,0.30686795711517334,0.49768930673599243
117,0.29312029480934143,0.49187877774238586
118,0.41800281405448914,0.5374059081077576
119,0.2757318913936615,0.4763544797897339
120,0.24993029236793518,0.4318649470806122
121,0.38039547204971313,0.49212291836738586
122,0.381420373916626,0.5018478631973267
123,0.3605819344520569,0.48580577969551086
124,0.3605819344520569,0.48580577969551086
125,0.310884565114975,0.44806569814682007
126,0.3278294503688812,0.4944819211959839
127,0.2983454167842865,0.47996675968170166
128,0.3264561593532562,0.4938868284225464
129,0.31266170740127563,0.4875442683696747
130,0.438762366771698,0.4700159728527069
131,0.29044798016548157,0.4348607361316681
132,0.29044798016548157,0.4348607361316681
133,0.29044798016548157,0.4348607361316681
134,0.2990112006664276,0.400867223739624
135,0.39281970262527466,0.480212926864624
136,0.39281970262527466,0.480212926864624
137,0.3223429024219513,0.4084833860397339
138,0.3223429024219513,0.4084833860397339
139,0.3223429024219513,0.4084833860397339
140,0.31760454177856445,0.4504745602607727
141,0.3665176033973694,0.37930554151535034
142,0.3922734260559082,0.5095626711845398
143,0.39674070477485657,0.5103927850723267
144,0.3906351327896118,0.5082666873931885
145,0.3906351327896118,0.5082666873931885
146,0.3849487006664276,0.500110387802124
147,0.4216567873954773,0.5024968385696411
148,0.387492835521698,0.39474132657051086
149,0.387492835521698,0.39474132657051086
150,0.387492835521698,0.39474132657051086
151,0.35047248005867004,0.34571483731269836
152,0.44589993357658386,0.49054718017578125
153,0.3665176033973694,0.37930554151535034
154,0.3665176033973694,0.37930554151535034
155,0.387492835521698,0.39474132657051086
156,0.387492835521698,0.39474132657051086
157,0.3665176033973694,0.37930554151535034
158,0.35047248005867004,0.34571483731269836
159,0.3665176033973694,0.37930554151535034
160,0.3665176033973694,0.37930554151535034
161,0.386812299489975,0.5015345215797424
162,0.39674070477485657,0.5103927850723267
163,0.2918349802494049,0.4455459713935852
164,0.39674070477485657,0.5103927850723267
165,0.3915552496910095,0.5032628178596497
166,0.386812299489975,0.5015345215797424
167,0.3855000436306,0.49600881338119507
168,0.8601587414741516,0.8697280883789062
169,0.43602749705314636,0.5177993774414062
170,0.41380560398101807,0.44770559668540955
171,0.3915145695209503,0.43701833486557007
172,0.5669479370117188,0.6066787838935852
173,0.2973836064338684,0.3968805968761444
174,0.32650092244148254,0.46106112003326416
175,0.2071537971496582,0.20328420400619507
176,0.2071537971496582,0.20328420400619507
177,0.2071537971496582,0.20328420400619507
178,0.2152256965637207,0.2213440090417862
179,0.43602749705314636,0.5177993774414062
180,0.5522028207778931,0.6464879512786865
181,0.5522028207778931,0.6464879512786865
182,0.3089711368083954,0.3946029841899872
183,0.3086812198162079,0.4443720579147339
184,0.3915552496910095,0.5032628178596497
185,0.31831204891204834,0.452686071395874
186,0.41507717967033386,0.5263432860374451
187,0.3086812198162079,0.4443720579147339
188,0.3086812198162079,0.4443720579147339
189,0.31831204891204834,0.452686071395874
190,0.4917851388454437,0.5270329713821411
191,0.3922734260559082,0.5095626711845398
192,0.39674070477485657,0.5103927850723267
193,0.39469245076179504,0.43023020029067993
194,0.3915552496910095,0.5032628178596497
195,0.31831204891204834,0.452686071395874
196,0.37376758456230164,0.41719919443130493
197,0.4021143317222595,0.5143559575080872
198,0.3849487006664276,0.500110387802124
199,0.29044798016548157,0.4348607361316681
200,0.3336451053619385,0.5174382925033569
201,0.325716108083725,0.49623870849609375
202,0.2918349802494049,0.4455459713935852
203,0.3507537543773651,0.5019159913063049
204,0.3507537543773651,0.5019159913063049
205,0.33734482526779175,0.49303844571113586
206,0.33734482526779175,0.49303844571113586
207,0.35458728671073914,0.500164270401001
208,0.38182878494262695,0.4615819454193115
209,0.3507537543773651,0.5019159913063049
210,0.3158889412879944,0.45354971289634705
211,0.3158889412879944,0.45354971289634705
212,0.31592607498168945,0.48262685537338257
213,0.31073299050331116,0.4437708556652069
214,0.2990112006664276,0.400867223739624
215,0.2990112006664276,0.400867223739624
216,0.39281970262527466,0.480212926864624
217,0.29044798016548157,0.4348607361316681
218,0.29044798016548157,0.4348607361316681
219,0.29044798016548157,0.4348607361316681
220,0.29044798016548157,0.4348607361316681
221,0.451537549495697,0.4773809015750885
222,0.3030766546726227,0.40733999013900757
223,0.2921859323978424,0.38105010986328125
224,0.7024052739143372,0.7371780276298523
225,0.37234240770339966,0.4462926387786865
226,0.4502522349357605,0.4978439509868622
227,0.25777533650398254,0.36625009775161743
228,0.32757923007011414,0.4780471920967102
229,0.38614243268966675,0.45764315128326416
230,0.38052669167518616,0.44886526465415955
231,0.2677881717681885,0.38528087735176086
232,0.1970120519399643,0.28389638662338257
233,0.2740691900253296,0.39874929189682007
234,0.2980254888534546,0.4787297546863556
235,0.3178878426551819,0.4452662169933319
236,0.38614243268966675,0.45764315128326416
237,0.39822232723236084,0.4556584656238556
238,0.274199903011322,0.4116256833076477
239,0.29003140330314636,0.41597139835357666
240,0.5572341680526733,0.6154515743255615
241,0.4137364327907562,0.5535354614257812
242,0.23342637717723846,0.3857630491256714
243,0.19466270506381989,0.2827000916004181
244,0.46831104159355164,0.5403600335121155
245,0.36557817459106445,0.49689891934394836
246,0.31924182176589966,0.39683687686920166
247,0.24430589377880096,0.40121716260910034
248,0.24320319294929504,0.4464116394519806
249,0.3082732856273651,0.43545788526535034
250,0.40590766072273254,0.47701671719551086
251,0.28566280007362366,0.328754186630249
252,0.2625996470451355,0.2981114685535431
253,0.6084792613983154,0.6930943727493286
254,0.28795620799064636,0.29924267530441284
255,0.39150694012641907,0.5042170286178589
256,0.357259601354599,0.47770845890045166
257,0.32385098934173584,0.2647394835948944
258,0.35790300369262695,0.40455272793769836
259,0.39674070477485657,0.5103927850723267
260,0.6084792613983154,0.6930943727493286
261,0.5522028207778931,0.6464879512786865
262,0.3846943974494934,0.4981369078159332
263,0.5122207403182983,0.6025344729423523
264,0.3915552496910095,0.5032628178596497
265,0.3560592234134674,0.48162078857421875
266,0.4108535349369049,0.5266219973564148
267,0.4108535349369049,0.5266219973564148
268,0.37376758456230164,0.41719919443130493
269,0.39469245076179504,0.43023020029067993
270,0.3906351327896118,0.5082666873931885
271,0.573131799697876,0.6573684811592102
272,0.39674070477485657,0.5103927850723267
273,0.32081905007362366,0.4854883849620819
274,0.3906351327896118,0.5082666873931885
275,0.555401086807251,0.6461725831031799
276,0.3906351327896118,0.5082666873931885
277,0.3915552496910095,0.5032628178596497
278,0.3915552496910095,0.5032628178596497
279,0.47605741024017334,0.5514785647392273
280,0.38896429538726807,0.5070490837097168
281,0.3086812198162079,0.4443720579147339
282,0.3086812198162079,0.4443720579147339
283,0.3089711368083954,0.3946029841899872
284,0.39674070477485657,0.5103927850723267
285,0.573131799697876,0.6573684811592102
286,0.573131799697876,0.6573684811592102
287,0.3086812198162079,0.4443720579147339
288,0.43337246775627136,0.5455520749092102
289,0.5522028207778931,0.6464879512786865
290,0.3915552496910095,0.5032628178596497
291,0.32081905007362366,0.4854883849620819
292,0.3915552496910095,0.5032628178596497
293,0.39674070477485657,0.5103927850723267
294,0.5522028207778931,0.6464879512786865
295,0.5522028207778931,0.6464879512786865
296,0.3922734260559082,0.5095626711845398
297,0.3846943974494934,0.4981369078159332
298,0.3849487006664276,0.500110387802124
299,0.3849487006664276,0.500110387802124
300,0.39469245076179504,0.43023020029067993
301,0.3560592234134674,0.48162078857421875
302,0.3922734260559082,0.5095626711845398
303,0.4921879768371582,0.5977025628089905
304,0.5168827772140503,0.6116104125976562
305,0.5168827772140503,0.6116104125976562
306,0.3086812198162079,0.4443720579147339
307,0.31831204891204834,0.452686071395874
308,0.3915552496910095,0.5032628178596497
309,0.3748362064361572,0.43611907958984375
310,0.30004116892814636,0.24024558067321777
311,0.30004116892814636,0.24024558067321777
312,0.30004116892814636,0.24024558067321777
313,0.30004116892814636,0.24024558067321777
314,0.30004116892814636,0.24024558067321777
315,0.30004116892814636,0.24024558067321777
316,0.31391191482543945,0.3689427673816681
317,0.2850961983203888,0.2917790710926056
318,0.5669479370117188,0.6066787838935852
319,0.5522028207778931,0.6464879512786865
320,0.39674070477485657,0.5103927850723267
321,0.40142565965652466,0.5138646364212036
322,0.3906351327896118,0.5082666873931885
323,0.3849487006664276,0.500110387802124
324,0.573131799697876,0.6573684811592102
325,0.3906351327896118,0.5082666873931885
326,0.3849487006664276,0.500110387802124
327,0.386812299489975,0.5015345215797424
328,0.3915552496910095,0.5032628178596497
329,0.3915552496910095,0.5032628178596497
330,0.39469245076179504,0.43023020029067993
331,0.3560592234134674,0.48162078857421875
332,0.3922734260559082,0.5095626711845398
333,0.39674070477485657,0.5103927850723267
334,0.3846943974494934,0.4981369078159332
335,0.3906351327896118,0.5082666873931885
336,0.3922734260559082,0.5095626711845398
337,0.3906351327896118,0.5082666873931885
338,0.3849487006664276,0.500110387802124
339,0.39469245076179504,0.43023020029067993
340,0.3915552496910095,0.5032628178596497
341,0.39469245076179504,0.43023020029067993
342,0.41800281405448914,0.5374059081077576
343,0.3560592234134674,0.48162078857421875
344,0.4575861394405365,0.5588414669036865
345,0.41800281405448914,0.5374059081077576
346,0.41800281405448914,0.5374059081077576
347,0.3915552496910095,0.5032628178596497
348,0.3915552496910095,0.5032628178596497
349,0.3906351327896118,0.5082666873931885
350,0.36568498611450195,0.5062403678894043
351,0.3458760380744934,0.48063814640045166
352,0.3562565743923187,0.44778698682785034
353,0.35790300369262695,0.40455272793769836
354,0.39674070477485657,0.5103927850723267
355,0.39674070477485657,0.5103927850723267
356,0.552733838558197,0.6493586301803589
357,0.3922734260559082,0.5095626711845398
358,0.3915552496910095,0.5032628178596497
359,0.6074528694152832,0.6523635983467102
360,0.30004116892814636,0.24024558067321777
361,0.23654426634311676,0.38286489248275757
362,0.3709782660007477,0.5575637817382812
363,0.4216567873954773,0.5024968385696411
364,0.37395524978637695,0.42373403906822205
365,0.6617456674575806,0.6978042721748352
366,0.4302718937397003,0.5348383784294128
367,0.3559015691280365,0.31434276700019836
368,0.37834522128105164,0.5124455690383911
369,0.32030943036079407,0.47321420907974243
370,0.4210861027240753,0.5291783809661865
371,0.4283665716648102,0.5306167602539062
372,0.2783665657043457,0.20625966787338257
373,0.3687179386615753,0.5104355216026306
374,0.5005060434341431,0.5900182127952576
375,0.188126340508461,0.27260690927505493
376,0.26668572425842285,0.4100601375102997
377,0.3698582649230957,0.35707855224609375
378,0.32030943036079407,0.47321420907974243
379,0.39281970262527466,0.480212926864624
380,0.4302718937397003,0.5348383784294128
381,0.5097498297691345,0.6052221059799194
382,0.39852648973464966,0.542980432510376
383,0.25618281960487366,0.4112655818462372
384,0.33897754549980164,0.46999868750572205
385,0.2892465889453888,0.38994699716567993
386,0.38052669167518616,0.44886526465415955
387,0.3178115487098694,0.47828829288482666
388,0.36557817459106445,0.49689891934394836
389,0.30361732840538025,0.4489598572254181
390,0.6602055430412292,0.6786656975746155
391,0.4000503122806549,0.5020299553871155
392,0.3811355233192444,0.5085129141807556
393,0.325744092464447,0.4694361388683319
394,0.3223429024219513,0.4084833860397339
395,0.5116429328918457,0.6192296743392944
396,0.28777819871902466,0.30373790860176086
397,0.3176437020301819,0.5098099112510681
398,0.5057357549667358,0.5763137936592102
399,0.33215075731277466,0.34406280517578125
400,0.6269261240959167,0.6696507930755615
401,0.6112614870071411,0.7070876955986023
402,0.5323358774185181,0.599773645401001
403,0.325716108083725,0.49623870849609375
404,0.37572070956230164,0.5031031370162964
405,0.3216506540775299,0.48422396183013916
406,0.2862701117992401,0.3915359675884247
407,0.4115564823150635,0.5564855337142944
408,0.29544419050216675,0.40677136182785034
409,0.3632064461708069,0.457132488489151
410,0.37566372752189636,0.5104151368141174
411,0.3031107187271118,0.4047887325286865
412,0.3754796087741852,0.5055343508720398
413,0.3436635136604309,0.48217111825942993
414,0.4917851388454437,0.5270329713821411
415,0.47875720262527466,0.5656997561454773
416,0.2507267892360687,0.3838648498058319
417,0.3286325931549072,0.456125408411026
418,0.28158870339393616,0.3990534543991089
419,0.3178619146347046,0.4416193664073944
420,0.29861345887184143,0.4720057249069214
421,0.5132461190223694,0.5396886467933655
422,0.2639917731285095,0.45812124013900757
423,0.3086898624897003,0.4008519649505615
424,0.44190824031829834,0.5838984251022339
425,0.28909096121788025,0.4348953366279602
426,0.29228511452674866,0.40345001220703125
427,0.2916320562362671,0.4327224791049957
428,0.40864863991737366,0.5402430295944214
429,0.44638362526893616,0.4902796447277069
430,0.3173736333847046,0.45838573575019836
431,0.22623948752880096,0.3953608274459839
432,0.5116429328918457,0.6192296743392944
433,0.29416754841804504,0.36640676856040955
434,0.4256647527217865,0.5519180297851562
435,0.6252690553665161,0.6877680420875549
436,0.37572070956230164,0.5031031370162964
437,0.38967639207839966,0.5200271606445312
438,0.2261001318693161,0.3696935176849365
439,0.5049636363983154,0.5871943235397339
440,0.4054203927516937,0.5250208377838135
441,0.23294521868228912,0.44451141357421875
442,0.6026097536087036,0.6524510979652405
443,0.5006291270256042,0.6028803586959839
444,0.40285590291023254,0.5389785766601562
445,0.353527307510376,0.46518200635910034
446,0.3848485052585602,0.5046229362487793
447,0.4120488166809082,0.5651789307594299
448,0.28795620799064636,0.29924267530441284
449,0.45259854197502136,0.578350305557251
450,0.35256853699684143,0.5145553946495056
451,0.27031856775283813,0.39462941884994507
452,0.28795620799064636,0.29924267530441284
453,0.37358954548835754,0.4707789123058319
454,0.3268447518348694,0.443491131067276
455,0.43614447116851807,0.5411514639854431
456,0.2348937690258026,0.3541204035282135
457,0.3858688175678253,0.5299545526504517
458,0.24230089783668518,0.36516979336738586
459,0.3963119089603424,0.508953332901001
460,0.7605677247047424,0.7920140624046326
461,0.33373868465423584,0.433786541223526
462,0.4216567873954773,0.5024968385696411
463,0.33884578943252563,0.35483551025390625
464,0.26058652997016907,0.3363174498081207
465,0.32097622752189636,0.46927642822265625
466,0.30214637517929077,0.4100652039051056
467,0.32385098934173584,0.2647394835948944
468,0.552733838558197,0.6493586301803589
469,0.552733838558197,0.6493586301803589
470,0.552733838558197,0.6493586301803589
471,0.552733838558197,0.6493586301803589
472,0.573131799697876,0.6573684811592102
473,0.32097622752189636,0.46927642822265625
474,0.32097622752189636,0.46927642822265625
475,0.5669479370117188,0.6066787838935852
476,0.30214637517929077,0.4100652039051056
477,0.3849487006664276,0.500110387802124
478,0.39469245076179504,0.43023020029067993
479,0.39469245076179504,0.43023020029067993
480,0.3560592234134674,0.48162078857421875
481,0.3915552496910095,0.5032628178596497
482,0.3915552496910095,0.5032628178596497
483,0.4575861394405365,0.5588414669036865
484,0.3922734260559082,0.5095626711845398
485,0.3849487006664276,0.500110387802124
486,0.3846943974494934,0.4981369078159332
487,0.3849487006664276,0.500110387802124
488,0.3906351327896118,0.5082666873931885
489,0.38896429538726807,0.5070490837097168
490,0.39674070477485657,0.5103927850723267
491,0.3915552496910095,0.5032628178596497
492,0.3915552496910095,0.5032628178596497
493,0.39674070477485657,0.5103927850723267
494,0.3906351327896118,0.5082666873931885
495,0.3906351327896118,0.5082666873931885
496,0.3846943974494934,0.4981369078159332
497,0.5522028207778931,0.6464879512786865
498,0.552733838558197,0.6493586301803589
499,0.5522028207778931,0.6464879512786865
500,0.39674070477485657,0.5103927850723267
501,0.39586687088012695,0.5141097903251648
502,0.5522028207778931,0.6464879512786865
503,0.5522028207778931,0.6464879512786865
504,0.39674070477485657,0.5103927850723267
505,0.3906351327896118,0.5082666873931885
506,0.2999175786972046,0.4189193844795227
507,0.5522028207778931,0.6464879512786865
508,0.5522028207778931,0.6464879512786865
509,0.39469245076179504,0.43023020029067993
510,0.3560592234134674,0.48162078857421875
511,0.44557949900627136,0.5804926753044128
512,0.3922734260559082,0.5095626711845398
513,0.3922734260559082,0.5095626711845398
514,0.3906351327896118,0.5082666873931885
515,0.3849487006664276,0.500110387802124
516,0.27995601296424866,0.4097020626068115
517,0.6429030895233154,0.7342788577079773
518,0.5522028207778931,0.6464879512786865
519,0.5522028207778931,0.6464879512786865
520,0.3846943974494934,0.4981369078159332
521,0.3915552496910095,0.5032628178596497
522,0.3915552496910095,0.5032628178596497
523,0.40142565965652466,0.5138646364212036
524,0.39674070477485657,0.5103927850723267
525,0.3846943974494934,0.4981369078159332
526,0.39469245076179504,0.43023020029067993
527,0.573131799697876,0.6573684811592102
528,0.3560592234134674,0.48162078857421875
529,0.5183618664741516,0.6277806758880615
530,0.3922734260559082,0.5095626711845398
531,0.573131799697876,0.6573684811592102
532,0.573131799697876,0.6573684811592102
533,0.584868848323822,0.6606928706169128
534,0.3906351327896118,0.5082666873931885
535,0.8597579598426819,0.8707880973815918
536,0.5089889168739319,0.6164220571517944
537,0.4582687020301819,0.5796504020690918
538,0.41081538796424866,0.537945032119751
539,0.4014348089694977,0.5220494866371155
540,0.39674070477485657,0.5103927850723267
541,0.41379594802856445,0.5337092280387878
542,0.552733838558197,0.6493586301803589
543,0.39674070477485657,0.5103927850723267
544,0.30214637517929077,0.4100652039051056
545,0.5669479370117188,0.6066787838935852
546,0.5522028207778931,0.6464879512786865
547,0.5522028207778931,0.6464879512786865
548,0.5522028207778931,0.6464879512786865
549,0.4021199345588684,0.5148381590843201
550,0.3915552496910095,0.5032628178596497
551,0.573131799697876,0.6573684811592102
552,0.573131799697876,0.6573684811592102
553,0.3622497320175171,0.5058385133743286
554,0.3264210820198059,0.38324737548828125
555,0.3478550910949707,0.44511568546295166
556,0.5669479370117188,0.6066787838935852
557,0.6262476444244385,0.6612197756767273
558,0.4085138738155365,0.5277745723724365
559,0.37186428904533386,0.4381566345691681
560,0.4436044991016388,0.5070338249206543
561,0.4487167000770569,0.5029281973838806
562,0.27547043561935425,0.44350841641426086
563,0.2358962744474411,0.4159795343875885
564,0.32755225896835327,0.4481653869152069
565,0.3559015691280365,0.31434276700019836
566,0.30863288044929504,0.47758230566978455
567,0.23735551536083221,0.30299633741378784
568,0.29742124676704407,0.44806772470474243
569,0.3499775826931,0.4452316462993622
570,0.3363387882709503,0.4389755427837372
571,0.40048468112945557,0.5360611081123352
572,0.398693323135376,0.516284704208374
573,0.27457526326179504,0.39918163418769836
574,0.3542999029159546,0.47142285108566284
575,0.26452988386154175,0.28139904141426086
576,0.5059778690338135,0.5998204946517944
577,0.3040812015533447,0.46115267276763916
578,0.3849487006664276,0.500110387802124
579,0.3001927435398102,0.42869213223457336
580,0.42218777537345886,0.5717443227767944
581,0.4114903509616852,0.388559490442276
582,0.37234240770339966,0.4462926387786865
583,0.28240302205085754,0.22615815699100494
584,0.2943079471588135,0.3678950071334839
585,0.2604771554470062,0.3721267879009247
586,0.3727381229400635,0.45727694034576416
587,0.47875720262527466,0.5656997561454773
588,0.3220529854297638,0.3644210994243622
589,0.5363987684249878,0.5411107540130615
590,0.6464625000953674,0.6771133542060852
591,0.32030943036079407,0.47321420907974243
592,0.31563055515289307,0.3792679011821747
593,0.28283435106277466,0.41470083594322205
594,0.41941678524017334,0.5549026727676392
595,0.3270736336708069,0.4304102659225464
596,0.41095322370529175,0.524677038192749
597,0.266094446182251,0.3683609068393707
598,0.2925007939338684,0.3702072203159332
599,0.23274533450603485,0.28791454434394836
600,0.36841681599617004,0.37672170996665955
601,0.35675349831581116,0.47660166025161743
602,0.29548388719558716,0.39330801367759705
603,0.3176157474517822,0.4318832457065582
604,0.386812299489975,0.5015345215797424
605,0.31194251775741577,0.3307632505893707
606,0.343090295791626,0.508922815322876
607,0.22400560975074768,0.3683527708053589
608,0.29548388719558716,0.39330801367759705
609,0.3314986824989319,0.4648585021495819
610,0.3727381229400635,0.45727694034576416
611,0.28572893142700195,0.35124462842941284
612,0.3843947947025299,0.514038622379303
613,0.27279964089393616,0.42448580265045166
614,0.5546289682388306,0.6073644161224365
615,0.387492835521698,0.39474132657051086
616,0.36746567487716675,0.46003878116607666
617,0.38896429538726807,0.5070490837097168
618,0.7431116700172424,0.7728449702262878
619,0.318004310131073,0.4799606502056122
620,0.37834522128105164,0.5124455690383911
621,0.3073984384536743,0.23943939805030823
622,0.3378646671772003,0.4734196960926056
623,0.28560787439346313,0.38153332471847534
624,0.343090295791626,0.508922815322876
625,0.353444904088974,0.48882803320884705
626,0.32527920603752136,0.3987676203250885
627,0.1965280920267105,0.27993521094322205
628,0.3334365487098694,0.4645390808582306
629,0.24070431292057037,0.40310823917388916
630,0.3605453073978424,0.44589489698410034
631,0.4790613651275635,0.5421483516693115
632,0.2967223823070526,0.38739168643951416
633,0.7337549328804016,0.7588943839073181
634,0.3562565743923187,0.44778698682785034
635,0.573131799697876,0.6573684811592102
636,0.447539746761322,0.5331639647483826
637,0.7550480961799622,0.8020421266555786
638,0.2822768986225128,0.42737579345703125
639,0.22935126721858978,0.41576793789863586
640,0.2563064396381378,0.37032216787338257
641,0.33215075731277466,0.34406280517578125
642,0.2858184576034546,0.21668396890163422
643,0.43132779002189636,0.5345922112464905
644,0.3054544925689697,0.45705515146255493
645,0.41195014119148254,0.5252456665039062
646,0.45881497859954834,0.5539321899414062
647,0.37347206473350525,0.43314871191978455
648,0.3057759404182434,0.4549453854560852
649,0.19668778777122498,0.27813875675201416
650,0.2993433475494385,0.4415949583053589
651,0.552733838558197,0.6493586301803589
652,0.552733838558197,0.6493586301803589
653,0.552733838558197,0.6493586301803589
654,0.4202214181423187,0.46626943349838257
655,0.35743099451065063,0.3149144649505615
656,0.7223413586616516,0.7517613768577576
657,0.44277340173721313,0.4899439513683319
658,0.39469245076179504,0.43023020029067993
659,0.573131799697876,0.6573684811592102
660,0.40142565965652466,0.5138646364212036
661,0.4575861394405365,0.5588414669036865
662,0.3086812198162079,0.4443720579147339
663,0.3086812198162079,0.4443720579147339
664,0.3086812198162079,0.4443720579147339
665,0.3086812198162079,0.4443720579147339
666,0.3086812198162079,0.4443720579147339
667,0.573131799697876,0.6573684811592102
668,0.3906351327896118,0.5082666873931885
669,0.3906351327896118,0.5082666873931885
670,0.5281936526298523,0.6241205930709839
671,0.39586687088012695,0.5141097903251648
672,0.43337246775627136,0.5455520749092102
673,0.43337246775627136,0.5455520749092102
674,0.39586687088012695,0.5141097903251648
675,0.3846943974494934,0.4981369078159332
676,0.29377490282058716,0.47087353467941284
677,0.3458760380744934,0.48063814640045166
678,0.37234240770339966,0.4462926387786865
679,0.37234240770339966,0.4462926387786865
680,0.39674070477485657,0.5103927850723267
681,0.3922734260559082,0.5095626711845398
682,0.3906351327896118,0.5082666873931885
683,0.3906351327896118,0.5082666873931885
684,0.3849487006664276,0.500110387802124
685,0.584868848323822,0.6606928706169128
686,0.39674070477485657,0.5103927850723267
687,0.3906351327896118,0.5082666873931885
688,0.5804641246795654,0.6663386225700378
689,0.5168827772140503,0.6116104125976562
690,0.3846943974494934,0.4981369078159332
691,0.584868848323822,0.6606928706169128
692,0.39674070477485657,0.5103927850723267
693,0.3915552496910095,0.5032628178596497
694,0.573131799697876,0.6573684811592102
695,0.3922734260559082,0.5095626711845398
696,0.573131799697876,0.6573684811592102
697,0.3906351327896118,0.5082666873931885
698,0.573131799697876,0.6573684811592102
699,0.3915552496910095,0.5032628178596497
700,0.3922734260559082,0.5095626711845398
701,0.573131799697876,0.6573684811592102
702,0.3906351327896118,0.5082666873931885
703,0.3849487006664276,0.500110387802124
704,0.4575861394405365,0.5588414669036865
705,0.809013307094574,0.8577326536178589
706,0.39586687088012695,0.5141097903251648
707,0.4575861394405365,0.5588414669036865
708,0.3846943974494934,0.4981369078159332
709,0.5522028207778931,0.6464879512786865
710,0.552733838558197,0.6493586301803589
711,0.5522028207778931,0.6464879512786865
712,0.3846943974494934,0.4981369078159332
713,0.41507717967033386,0.5263432860374451
714,0.35101112723350525,0.45853933691978455
715,0.39586687088012695,0.5141097903251648
716,0.573131799697876,0.6573684811592102
717,0.41800281405448914,0.5374059081077576
718,0.4021199345588684,0.5148381590843201
719,0.3922734260559082,0.5095626711845398
720,0.3922734260559082,0.5095626711845398
721,0.3846943974494934,0.4981369078159332
722,0.6252690553665161,0.6877680420875549
723,0.3260864019393921,0.33130037784576416
724,0.34937793016433716,0.5010574460029602
725,0.657188355922699,0.6879653930664062
726,0.32579901814460754,0.4653925597667694
727,0.6082565188407898,0.7345433831214905
728,0.3590407967567444,0.455402135848999
729,0.3553517460823059,0.4457087218761444
730,0.2916834354400635,0.42978668212890625
731,0.33213549852371216,0.4635981321334839
732,0.5629917979240417,0.615673303604126
733,0.3846943974494934,0.4981369078159332
734,0.188126340508461,0.27260690927505493
735,0.25205686688423157,0.38401949405670166
736,0.3617965281009674,0.3443039059638977
737,0.39893287420272827,0.4421727657318115
738,0.28204697370529175,0.47590792179107666
739,0.6602055430412292,0.6786656975746155
740,0.268798291683197,0.4067845642566681
741,0.4105015695095062,0.49413809180259705
742,0.26968178153038025,0.45800119638442993
743,0.284078449010849,0.42765554785728455
744,0.33892005681991577,0.47613170742988586
745,0.2348937690258026,0.3541204035282135
746,0.30550381541252136,0.4199773371219635
747,0.47875720262527466,0.5656997561454773
748,0.31023862957954407,0.4921981990337372
749,0.39222052693367004,0.5295771360397339
750,0.3265243172645569,0.4564153254032135
751,0.2631331980228424,0.42335766553878784
752,0.3278294503688812,0.4944819211959839
753,0.42707058787345886,0.5323745608329773
754,0.48039495944976807,0.593883752822876
755,0.7550480961799622,0.8020421266555786
756,0.23156583309173584,0.2985031306743622
757,0.22372077405452728,0.38910675048828125
758,0.330840528011322,0.4320928156375885
759,0.6269261240959167,0.6696507930755615
760,0.2961221933364868,0.384164959192276
761,0.38614243268966675,0.45764315128326416
762,0.2420298010110855,0.42438608407974243
763,0.3082732856273651,0.43545788526535034
764,0.2255258858203888,0.384836345911026
765,0.5089136362075806,0.5778498649597168
766,0.4287968575954437,0.5623692870140076
767,0.3920445442199707,0.5141810178756714
768,0.42721301317214966,0.48526763916015625
769,0.5089889168739319,0.6164220571517944
770,0.2713073492050171,0.38633474707603455
771,0.32806697487831116,0.4562210142612457
772,0.2993367314338684,0.37571462988853455
773,0.2105412483215332,0.3542322814464569
774,0.3274296820163727,0.4047287106513977
775,0.34338730573654175,0.4412226378917694
776,0.2845357060432434,0.40260061621665955
777,0.2417810708284378,0.420419842004776
778,0.35558876395225525,0.4083307981491089
779,0.3044290840625763,0.49046987295150757
780,0.30095210671424866,0.402506023645401
781,0.6084792613983154,0.6930943727493286
782,0.2514052987098694,0.40733492374420166
783,0.23178961873054504,0.316415935754776
784,0.29627376794815063,0.3873235285282135
785,0.288982629776001,0.44571685791015625
786,0.2919072210788727,0.422769695520401
787,0.3290913701057434,0.3450658321380615
788,0.3641911447048187,0.49826812744140625
789,0.32954251766204834,0.4607844054698944
790,0.2542937994003296,0.4132125973701477
791,0.2757318913936615,0.4763544797897339
792,0.279277503490448,0.4103754758834839
793,0.3942667245864868,0.4626805782318115
794,0.3313054144382477,0.4245457947254181
795,0.4216567873954773,0.5024968385696411
796,0.3313054144382477,0.4245457947254181
797,0.3915552496910095,0.5032628178596497
798,0.5522028207778931,0.6464879512786865
799,0.4108535349369049,0.5266219973564148
800,0.552733838558197,0.6493586301803589
801,0.23735247552394867,0.35836946964263916
802,0.32755225896835327,0.4481653869152069
803,0.30361732840538025,0.4489598572254181
804,0.1978716254234314,0.21681265532970428
805,0.3103550970554352,0.3591659665107727
806,0.5528121590614319,0.6684463620185852
807,0.3127181828022003,0.4856013059616089
808,0.3976140022277832,0.5497227907180786
809,0.23843635618686676,0.4224695861339569
810,0.23843635618686676,0.4224695861339569
811,0.2918349802494049,0.4455459713935852
812,0.23843635618686676,0.4224695861339569
813,0.5669479370117188,0.6066787838935852
814,0.28435105085372925,0.3220871090888977
815,0.5669479370117188,0.6066787838935852
816,0.552733838558197,0.6493586301803589
817,0.23618414998054504,0.4228765070438385
818,0.5669479370117188,0.6066787838935852
819,0.39906156063079834,0.5358759760856628
820,0.2348937690258026,0.3541204035282135
821,0.2866663336753845,0.4092310667037964
822,0.4123336374759674,0.5570999383926392
823,0.5118453502655029,0.5703425407409668
824,0.2829752266407013,0.3989669978618622
825,0.1978716254234314,0.21681265532970428
826,0.5397363901138306,0.5548314452171326
827,0.287740558385849,0.4059402644634247
828,0.6905359625816345,0.7276239991188049
