row_id,Precip_T45,Precip,Temp,SoilTemp_T30,SoilTemp_T15
0,0.016458616,0.033766105,296.0560277,298.2238505,298.2126235
1,0.000969082,0.029031529,303.006695,305.440566,305.9915406
2,0.046519399,0.019002556,290.2357749,290.9553663,291.2072361
3,0.087074861,0.064158931,289.6151531,292.3423238,292.5082181
4,0.087074861,0.064158931,289.6151531,292.3423238,292.5082181
5,0.01628691,0.017420351,292.2283476,293.6917324,293.7191393
6,0.020640507,0.020685851,292.0499079,293.3870178,293.5968086
7,0.088069394,0.037156134,290.3997831,290.8918463,290.8079739
8,0.088069394,0.037156134,290.3997831,290.8918463,290.8079739
9,0.002385721,0.025400146,301.0600858,299.1665208,299.4991632
10,0.002385721,0.025400146,301.0600858,299.1665208,299.4991632
11,0.003829882,0.02279441,299.4333063,298.010949,298.53439
12,0.003829882,0.02279441,299.4333063,298.010949,298.53439
13,0.006387249,0.03138788,296.7773493,298.0413364,298.8544258
14,0.001167014,0.03146927,296.8559951,299.7385206,300.3552775
15,0.001261562,0.007847979,296.3487794,299.4124138,299.7406996
16,0.002336592,0.017505377,300.52232,299.2614752,299.9451539
17,0.018586606,0.037368505,295.1171714,297.2591586,297.3651137
18,0.017831937,0.019559561,292.8456219,294.0917053,294.1929132
19,0.011484608,0.014692261,292.5022842,293.3535054,293.2498251
20,0.003292203,0.060948997,295.9967612,299.9850104,299.4386814
21,0.041123286,0.063522189,292.4138619,293.4890252,293.2293878
22,0.034546599,0.014371424,290.5053061,291.7524149,291.9614733
23,0.030227721,0.0427116,292.8670032,294.3233568,294.0959351
24,0.001075521,0.027364983,303.1172744,303.8705736,304.3568346
25,0.003980741,0.014166742,294.3633356,295.1829759,295.8070354
26,0.001261562,0.007847979,296.3487794,299.4124138,299.7406996
27,0.001261562,0.007847979,296.3487794,299.4124138,299.7406996
28,0.002003104,0.026532858,293.4209691,295.522863,296.2613539
29,0.001261562,0.007847979,296.3487794,299.4124138,299.7406996
30,0.000464723,0.005534469,295.874501,300.7328131,300.8836792
31,0.002003104,0.026532858,293.4209691,295.522863,296.2613539
32,0.000582397,0.006877556,298.7869847,301.6449713,302.1947252
33,0.001629904,0.014451801,295.0679743,297.5197326,298.8679512
34,0.00231944,0.008998006,302.7303332,305.9536248,304.8394735
35,0.008191601,0.022986843,299.3107749,302.1206224,302.4022828
36,0.014887616,0.016104474,291.8632597,292.9474127,292.9402765
37,0.0055473,0.02053365,294.4899958,297.2138081,296.9984308
38,0.007761002,0.025829717,299.4007434,302.1085239,302.337222
39,0.001036808,0.039337441,300.1456219,303.2036844,302.8189331
40,0.010056481,0.012060492,299.8396594,300.5582417,300.9355727
41,0.001024678,0.006898566,296.7658096,299.6696621,300.5157322
42,0.000684366,0.004029646,302.6639378,306.824138,305.7001777
43,0.000474379,0.024572342,300.4121258,304.2989481,305.49434
44,0.003181219,0.033250286,300.1789552,302.8033752,303.5181465
45,0.001068652,0.013916089,303.7448081,308.6781202,307.9711955
46,0.002555892,0.043502688,300.6990561,303.7176927,304.0073229
47,0.000696987,0.087441801,301.4200359,305.1859002,304.4652439
48,0.004578963,0.00671792,299.5865236,302.6300191,302.2988594
49,0.029859036,0.026011585,291.395432,293.3085456,293.4941556
50,0.000870645,0.003953948,302.5914878,309.2788689,307.8868802
51,0.001687616,0.014871313,295.1388456,297.4643941,299.0598403
52,0.001831263,0.001625567,302.6382543,308.2234761,306.0777982
53,0.001768351,0.026078149,294.8455785,298.1124898,299.2398316
54,0.003091097,0.042632862,300.7400066,303.5271165,304.1566447
55,0.001958132,0.009805872,302.8654352,306.9948357,305.6029718
56,0.004210577,0.021021499,299.0255698,303.7405497,303.715054
57,0.001698464,0.033158018,295.5442276,298.7106669,299.4226821
58,0.000936151,0.008391126,295.9418187,299.1193637,300.4228448
59,0.001242071,0.024259373,300.8784289,305.2354661,306.40786
60,0.001036808,0.039337441,300.1456219,303.2036844,302.8189331
61,0.005485982,0.006920933,301.3003311,302.8567932,302.8107897
62,0.000297144,0.014865651,300.2480253,303.1513841,303.6686944
63,0.000913173,0.00737372,302.6356392,305.9577046,305.4465373
64,0.005161136,0.006143525,299.6889487,303.5989318,302.2038019
65,0.015512109,0.024881407,293.5664769,294.8783481,294.8672187
66,0.002530187,0.009068086,294.3526965,295.6192335,296.8101875
67,0.017654106,0.046571209,299.3538141,300.7629564,300.6776517
68,0.004780501,0.023907512,300.1022299,303.5965935,303.6540948
69,0.002003104,0.026532858,293.4209691,295.522863,296.2613539
70,0.001927152,0.019884541,294.1011774,297.1760911,298.6453926
71,0.014682725,0.088652997,295.9679743,297.216944,297.3117554
72,0.001927152,0.019884541,294.1011774,297.1760911,298.6453926
73,0.001927152,0.019884541,294.1011774,297.1760911,298.6453926
74,0.010383472,0.019657,297.6378636,299.8465881,299.9948229
75,0.008644939,0.015719175,298.0656848,300.647288,300.8452841
76,0.00764218,0.039384498,294.6074708,297.7166076,297.6618965
77,0.000692591,0.006877794,296.1296279,299.457965,300.6553644
78,0.003856272,0.007047801,293.8538358,295.1577318,295.864658
79,0.00314416,0.005707353,294.9070748,295.9915751,296.5648696
80,0.001815975,0.017361074,295.6655058,297.3276374,298.6936944
81,0.001768351,0.026078149,294.8455785,298.1124898,299.2398316
82,0.003121898,0.032321303,293.8897842,295.4969082,296.2069811
83,0.003121898,0.032321303,293.8897842,295.4969082,296.2069811
84,0.003121898,0.032321303,293.8897842,295.4969082,296.2069811
85,0.003121898,0.032321303,293.8897842,295.4969082,296.2069811
86,0.003121898,0.032321303,293.8897842,295.4969082,296.2069811
87,0.003121898,0.032321303,293.8897842,295.4969082,296.2069811
88,0.003121898,0.032321303,293.8897842,295.4969082,296.2069811
89,0.003540769,0.014742836,296.7221952,301.5639275,301.4462552
90,0.009926871,0.020469486,298.0665257,300.0996317,300.2784004
91,0.004365504,0.027690425,300.8639053,303.8656907,304.4338854
92,0.000352875,0.026729568,299.4144587,301.6333719,301.9527385
93,0.013803005,0.016490071,295.7839248,297.8484653,297.8812975
94,0.00638409,0.06064482,298.2894641,300.0384772,299.4346124
95,0.024773061,0.034373879,295.565636,296.3004238,296.7644952
96,0.011779383,0.016067534,298.9764324,302.3764655,302.5951484
97,0.003499895,0.041845917,299.7232477,302.0035434,301.7714234
98,0.006963357,0.020507529,298.9121855,301.6789666,302.0696113
99,0.003009305,0.043838143,300.5278593,303.3290805,303.7541382
100,0.002167299,0.008045941,295.159424,296.8680887,298.3034546
101,0.016652569,0.031667098,295.1337838,297.1494581,297.3008559
102,0.001468808,0.002081393,303.1576499,308.1119418,306.2607083
103,0.019203916,0.018517479,292.3032933,293.934788,294.0963854
104,0.00042218,0.052486628,300.4068578,304.4614752,304.2943943
105,0.012363032,0.02233073,296.5692872,298.4057786,298.5996352
106,0.001698703,0.019141852,294.7135689,297.0681701,298.5281996
107,0.001901299,0.00961405,296.0379016,298.2301927,299.5364516
108,0.000388295,0.015724882,299.0416342,302.2199985,302.8495267
109,0.045377433,0.066692411,294.0671931,293.2507331,293.5697252
110,0.001204044,0.01065047,294.9091256,297.4995937,298.1060859
111,0.001740918,0.01709175,295.3289878,298.1882548,299.6291057
112,0.001370341,0.014088108,294.7512154,296.8641554,297.6166925
113,0.001370341,0.014088108,294.7512154,296.8641554,297.6166925
114,0.001140878,0.015082701,294.731988,297.8601081,299.0348999
115,0.001524463,0.015304147,295.5180069,298.4016011,299.7734199
116,0.001477286,0.016412153,294.1324654,297.0915913,298.1058255
117,0.003553197,0.025246947,294.3502117,295.8014546,296.4904555
118,0.003553197,0.025246947,294.3502117,295.8014546,296.4904555
119,0.001683891,0.012894794,294.5784018,297.4503696,298.6762791
120,0.001330957,0.034750878,301.108442,306.5615132,307.3255087
121,0.014158547,0.022837742,297.0820639,300.1210022,300.2093466
122,0.087764666,0.056095838,288.0989693,290.6414883,290.8555217
123,0.018680751,0.036037578,294.7871149,296.2897305,296.3825182
124,0.001330957,0.034750878,301.108442,306.5615132,307.3255087
125,0.001140878,0.015082701,294.731988,297.8601081,299.0348999
126,0.001267031,0.024174704,295.7057944,298.5139709,299.6218845
127,0.001267031,0.024174704,295.7057944,298.5139709,299.6218845
128,0.001267031,0.024174704,295.7057944,298.5139709,299.6218845
129,0.001267031,0.024174704,295.7057944,298.5139709,299.6218845
130,0.001267031,0.024174704,295.7057944,298.5139709,299.6218845
131,0.001267031,0.024174704,295.7057944,298.5139709,299.6218845
132,0.002698287,0.029207899,294.9999947,296.2706821,297.1175171
133,0.001267031,0.024174704,295.7057944,298.5139709,299.6218845
134,0.001267031,0.024174704,295.7057944,298.5139709,299.6218845
135,0.001740918,0.01709175,295.3289878,298.1882548,299.6291057
136,0.003160343,0.02355203,294.9182673,296.4861117,297.3274075
137,0.001380697,0.033011212,296.8264867,298.9793789,299.5716567
138,0.002655536,0.054995715,296.8350424,302.8251959,302.8686402
139,0.010873318,0.011885687,296.5482532,299.2201558,299.3119344
140,0.027011886,0.016109198,290.7938586,292.1674757,292.4031237
141,0.003212884,0.065314933,294.2621638,298.6928609,298.0388984
142,0.003790259,0.025326296,300.2669272,303.5360304,304.2383776
143,0.000254274,0.052127763,301.1421225,305.0991055,304.7997491
144,0.003472641,0.030654355,301.4536243,304.022033,304.5878351
145,0.001592249,0.004557609,301.7881457,306.3726515,305.1479316
146,0.001160443,0.031879409,297.1332901,299.3445861,299.8686565
147,0.00294736,0.042071565,300.4190973,303.1699713,303.6517673
148,0.000571653,0.032156333,301.514361,305.3878696,307.2182387
149,0.000520781,0.04384011,298.9715442,302.6785271,303.625015
150,0.003984183,0.005309983,303.0441733,307.0708991,306.5187161
151,0.010450348,0.021521612,298.4566353,301.0528435,301.3500095
152,0.008383513,0.037047311,300.1589357,302.9141554,303.1857029
153,0.011030287,0.065263539,299.1721084,299.1754075,299.1869616
154,0.020635575,0.020154729,292.206771,293.5699008,293.6711467
155,0.001571447,0.024741261,300.2583226,303.3547641,304.0551365
156,0.001042485,0.002528443,302.9408855,308.7900397,307.0000909
157,0.002013624,0.004529222,296.0321507,298.4468431,298.8815851
158,0.001912683,0.028079285,300.3594836,303.5291293,304.3283787
159,0.008072883,0.03181678,297.6249513,299.3120341,299.6148262
160,0.002280459,0.012506633,302.1314834,306.7139763,305.7931953
161,0.00240837,0.038192689,300.5971572,303.5130052,303.8676202
162,0.000350326,0.017365246,298.2475153,301.1002719,301.9293498
163,0.038893521,0.051915019,296.7572321,297.2977925,297.3495647
164,0.004981086,0.032214581,301.4849665,304.9069071,305.7127645
165,0.009172335,0.010786175,298.5264541,299.293653,299.8724759
166,0.004002869,0.005203515,296.3779244,296.2127122,296.7748468
167,0.000228346,0.018933638,299.8792862,303.0416836,303.5385349
168,0.002958804,0.02252984,301.9703832,305.7799051,305.4771308
169,0.00079529,0.029803707,301.6682239,304.6559414,306.1620158
170,0.003671244,0.019821062,300.2443415,303.4938374,304.3009915
171,0.004094422,0.035030215,300.2697972,304.0478196,304.4885566
172,0.0174229,0.024277731,298.8336807,300.2271491,300.8349108
173,0.001109555,0.020969539,300.2103463,303.309419,303.8857409
174,0.001370341,0.014088108,294.7512154,296.8641554,297.6166925
175,0.001329288,0.015952557,293.9816896,297.5224941,298.712439
176,0.001370341,0.014088108,294.7512154,296.8641554,297.6166925
177,0.001117438,0.009543031,294.8372126,298.0197272,298.9262628
178,0.001370341,0.014088108,294.7512154,296.8641554,297.6166925
179,0.001477286,0.016412153,294.1324654,297.0915913,298.1058255
180,0.001140878,0.015082701,294.731988,297.8601081,299.0348999
181,0.001140878,0.015082701,294.731988,297.8601081,299.0348999
182,0.001140878,0.015082701,294.731988,297.8601081,299.0348999
183,0.000600666,0.007095455,298.7897516,301.4193691,302.1160903
184,0.001110673,0.031144931,297.4780871,299.5521165,300.2426311
185,0.001204044,0.01065047,294.9091256,297.4995937,298.1060859
186,0.00085558,0.006677567,294.7777345,297.6025343,298.2504327
187,0.001140878,0.015082701,294.731988,297.8601081,299.0348999
188,0.001140878,0.015082701,294.731988,297.8601081,299.0348999
189,0.001140878,0.015082701,294.731988,297.8601081,299.0348999
190,0.001146644,0.009184881,294.666325,298.2252176,299.4849813
191,0.001318246,0.009691565,295.1911839,298.4187506,299.6973728
192,0.001524463,0.015304147,295.5180069,298.4016011,299.7734199
193,0.001605168,0.024288058,295.5853625,298.337544,299.3958917
194,0.001305178,0.02373895,296.2230036,298.912072,299.9703058
195,0.000750125,0.006297513,294.6456978,297.9556973,298.5052775
196,0.000750125,0.006297513,294.6456978,297.9556973,298.5052775
197,0.00085558,0.006677567,294.7777345,297.6025343,298.2504327
198,0.00085558,0.006677567,294.7777345,297.6025343,298.2504327
199,0.000927761,0.006767481,295.691325,298.4514492,299.2393813
200,0.000750125,0.006297513,294.6456978,297.9556973,298.5052775
201,0.10491252,0.091318994,287.7690648,289.9456875,289.7258125
202,0.002121225,0.00214751,303.2550131,308.0122402,305.8962769
203,0.090327561,0.087519824,288.8256729,290.5747836,290.3751235
204,0.090327561,0.087519824,288.8256729,290.5747836,290.3751235
205,0.015990347,0.024806856,295.7380481,296.9421393,297.0416274
206,0.034638658,0.034636184,293.2533964,294.3389438,294.3397719
207,0.011533663,0.021276786,299.4888239,301.1465284,301.7310859
208,0.004942641,0.005960523,301.5662056,304.1869147,303.716329
209,0.003821477,0.00357604,302.8553441,306.8927198,305.2932116
210,0.001318246,0.009691565,295.1911839,298.4187506,299.6973728
211,0.000976101,0.007454097,295.4923233,298.9447869,300.1268976
212,0.003907934,0.004350602,302.5489639,306.3826395,305.1103991
213,0.000967607,0.00711961,295.8647788,299.1308492,300.4221341
214,0.000669778,0.004967242,295.6635364,299.4801764,300.5913236
215,0.000284612,0.004321962,297.8855524,302.2687669,302.3197795
216,0.000284612,0.004321962,297.8855524,302.2687669,302.3197795
217,0.000284612,0.004321962,297.8855524,302.2687669,302.3197795
218,0.000235111,0.004125579,298.5269967,302.5853793,302.7753622
219,0.000235111,0.004125579,298.5269967,302.5853793,302.7753622
220,0.001370341,0.014088108,294.7512154,296.8641554,297.6166925
221,0.00085558,0.006677567,294.7777345,297.6025343,298.2504327
222,0.001370341,0.014088108,294.7512154,296.8641554,297.6166925
223,0.000750125,0.006297513,294.6456978,297.9556973,298.5052775
224,0.015512109,0.024881407,293.5664769,294.8783481,294.8672187
225,0.001140878,0.015082701,294.731988,297.8601081,299.0348999
226,0.001329288,0.015952557,293.9816896,297.5224941,298.712439
227,0.001329288,0.015952557,293.9816896,297.5224941,298.712439
228,0.002698287,0.029207899,294.9999947,296.2706821,297.1175171
229,0.001627445,0.018838837,297.1500652,297.5975375,298.3829251
230,0.001627445,0.018838837,297.1500652,297.5975375,298.3829251
231,0.001627445,0.018838837,297.1500652,297.5975375,298.3829251
232,0.000600666,0.007095455,298.7897516,301.4193691,302.1160903
233,0.000685573,0.009240075,299.0942981,300.7972391,301.656368
234,0.000582397,0.006877556,298.7869847,301.6449713,302.1947252
235,0.00236404,0.035630851,300.4978517,303.60012,304.1958754
236,0.017324105,0.025006666,295.0199654,295.6093865,296.0342272
237,0.001348525,0.007532924,296.3843589,299.2194125,300.6990655
238,0.00022313,0.070626109,301.5673178,305.4741489,304.7292359
239,0.00140366,0.04093933,301.7377334,305.9933275,306.6240655
240,0.005992085,0.015975072,295.9311253,299.5871805,299.7499173
241,0.014033616,0.022756173,293.8446182,295.2964362,295.3101007
242,0.090327561,0.087519824,288.8256729,290.5747836,290.3751235
243,0.005992085,0.015975072,295.9311253,299.5871805,299.7499173
244,0.013521835,0.023402869,294.1963651,295.9902784,295.9727255
245,0.013521835,0.023402869,294.1963651,295.9902784,295.9727255
246,0.004870176,0.015004709,298.1937393,302.4516282,302.6649618
247,0.015142277,0.028363778,294.9758899,297.0190273,297.0655152
248,0.013088048,0.022697984,294.556402,296.234278,296.4020278
249,0.016747564,0.03312318,295.3017037,297.6228685,297.6777222
250,0.016747564,0.03312318,295.3017037,297.6228685,297.6777222
251,0.015142277,0.028363778,294.9758899,297.0190273,297.0655152
252,0.015142277,0.028363778,294.9758899,297.0190273,297.0655152
253,0.016747564,0.03312318,295.3017037,297.6228685,297.6777222
254,0.015142277,0.028363778,294.9758899,297.0190273,297.0655152
255,0.016747564,0.03312318,295.3017037,297.6228685,297.6777222
256,0.015142277,0.028363778,294.9758899,297.0190273,297.0655152
257,0.018680751,0.036037578,294.7871149,296.2897305,296.3825182
258,0.013521835,0.023402869,294.1963651,295.9902784,295.9727255
259,0.016747564,0.03312318,295.3017037,297.6228685,297.6777222
260,0.014033616,0.022756173,293.8446182,295.2964362,295.3101007
261,0.10491252,0.091318994,287.7690648,289.9456875,289.7258125
262,0.006449625,0.016350641,300.4498916,300.5355258,300.7486532
263,0.002698287,0.029207899,294.9999947,296.2706821,297.1175171
264,0.001477286,0.016412153,294.1324654,297.0915913,298.1058255
265,0.087764666,0.056095838,288.0989693,290.6414883,290.8555217
266,0.033566207,0.034430503,295.4138131,296.2068257,296.1208212
267,0.070795462,0.048779681,289.9479602,292.0536193,292.3664917
268,0.035339773,0.039393305,293.7615778,294.6202155,294.5931682
269,0.001146644,0.009184881,294.666325,298.2252176,299.4849813
270,0.001605168,0.024288058,295.5853625,298.337544,299.3958917
271,0.001329288,0.015952557,293.9816896,297.5224941,298.712439
272,0.001329288,0.015952557,293.9816896,297.5224941,298.712439
273,0.001294717,0.014805882,295.1998862,297.8268561,299.0178047
274,0.001524463,0.015304147,295.5180069,298.4016011,299.7734199
275,0.01422821,0.014771669,295.8925728,298.0655388,298.2316936
276,0.015990347,0.024806856,295.7380481,296.9421393,297.0416274
277,0.015990347,0.024806856,295.7380481,296.9421393,297.0416274
278,0.042484671,0.028606533,290.8047907,291.7882602,291.7274889
279,0.010890097,0.013586684,296.4990615,299.0043789,299.1140775
280,0.015217975,0.023640692,296.819743,298.9888298,299.0130412
281,0.015990347,0.024806856,295.7380481,296.9421393,297.0416274
282,0.090327561,0.087519824,288.8256729,290.5747836,290.3751235
283,0.015990347,0.024806856,295.7380481,296.9421393,297.0416274
284,0.002336592,0.017505377,300.52232,299.2614752,299.9451539
285,0.001305178,0.02373895,296.2230036,298.912072,299.9703058
286,0.001294717,0.014805882,295.1998862,297.8268561,299.0178047
287,0.001698464,0.033158018,295.5442276,298.7106669,299.4226821
288,0.001305178,0.02373895,296.2230036,298.912072,299.9703058
289,0.002003104,0.026532858,293.4209691,295.522863,296.2613539
290,0.001294717,0.014805882,295.1998862,297.8268561,299.0178047
291,0.001140878,0.015082701,294.731988,297.8601081,299.0348999
292,0.001532003,0.011475622,295.6574329,298.6488288,300.0385892
293,0.001524463,0.015304147,295.5180069,298.4016011,299.7734199
294,0.001477286,0.016412153,294.1324654,297.0915913,298.1058255
295,0.000464663,0.003066748,294.9314454,296.7027513,297.0837281
296,0.000464663,0.003066748,294.9314454,296.7027513,297.0837281
297,0.000840798,0.002568125,295.0194771,297.1279086,297.3638659
298,0.000781685,0.002724617,295.3688315,297.3410868,297.7021417
299,0.00140664,0.002762362,294.4341852,296.2074334,296.5079468
300,0.002733782,0.003526523,293.8722495,296.871664,296.9291057
301,0.000840798,0.002568125,295.0194771,297.1279086,297.3638659
302,0.002003104,0.026532858,293.4209691,295.522863,296.2613539
303,0.002523109,0.036368548,293.6762914,295.3199659,295.8795831
304,0.002523109,0.036368548,293.6762914,295.3199659,295.8795831
305,0.003121898,0.032321303,293.8897842,295.4969082,296.2069811
306,0.002698287,0.029207899,294.9999947,296.2706821,297.1175171
307,0.001627445,0.018838837,297.1500652,297.5975375,298.3829251
308,0.001627445,0.018838837,297.1500652,297.5975375,298.3829251
309,0.001329288,0.015952557,293.9816896,297.5224941,298.712439
310,0.001140878,0.015082701,294.731988,297.8601081,299.0348999
311,0.001140878,0.015082701,294.731988,297.8601081,299.0348999
312,0.001140878,0.015082701,294.731988,297.8601081,299.0348999
313,0.016915113,0.029526397,291.5389433,292.7240838,292.525373
314,0.000455544,0.022348001,299.0718968,301.5092509,301.9774075
315,0.001876474,0.02939394,300.4230796,303.6301439,304.478791
316,0.000666797,0.046960785,301.0756837,304.7072055,304.4749499
317,0.003550723,0.044943213,300.5677627,303.2126146,303.6613268
318,0.000622317,0.056377589,300.5510798,304.2366923,303.4205987
319,0.01188764,0.016458078,292.9324057,294.7509663,294.8215373
320,0.001072958,0.008976027,302.9535537,306.9620449,305.6846721
321,0.022481755,0.012666955,290.8509821,292.0175408,292.2586304
322,0.000500068,0.02097021,300.2273873,303.2817443,303.8192641
323,0.000840798,0.002568125,295.0194771,297.1279086,297.3638659
324,0.004043937,0.043438225,300.4921334,302.7472337,302.9271743
325,0.001592249,0.004557609,301.7881457,306.3726515,305.1479316
326,0.034482971,0.058802947,295.2208769,296.4303609,296.2401517
327,0.001068652,0.013916089,303.7448081,308.6781202,307.9711955
328,0.000255615,0.057163461,301.2953072,305.3113559,304.744378
329,0.000613719,0.014754757,301.8819934,307.9149312,307.7411065
330,0.005912691,0.02718988,300.0607966,303.1526211,303.2856866
331,0.00079228,0.000912621,298.0351835,299.5202914,299.3397936
332,0.001356885,0.022438257,295.6543187,297.8544603,298.6086847
333,0.003914833,0.028643771,298.9147299,303.5710944,303.5712715
334,0.001055017,0.021260946,300.3392417,303.0567932,303.6221829
335,0.00670816,0.018244981,298.760547,302.6270243,302.7669637
336,0.003053054,0.028028324,300.9789661,303.7711758,304.3978557
337,0.005888432,0.016176536,299.1748102,301.0691521,300.7905749
338,0.001703411,0.009000539,295.8951661,298.1421447,299.6706638
339,0.006030798,0.030271187,300.4017796,303.2949442,303.7947632
340,0.003984183,0.005309983,303.0441733,307.0708991,306.5187161
341,0.001196459,0.02391456,302.0681045,305.5733676,307.099174
342,0.037356213,0.064659386,296.7197104,297.3180074,297.0848837
343,0.002260104,0.042067169,300.5326824,304.8396219,305.3637248
344,0.009680912,0.031333565,291.5925728,293.7117682,293.4193726
345,0.012129545,0.01757349,297.1772842,299.8509392,300.0301799
346,0.047432348,0.030018776,291.2080839,292.4648824,292.5599271
347,0.034546599,0.014371424,290.5053061,291.7524149,291.9614733
348,0.002385721,0.025400146,301.0600858,299.1665208,299.4991632
349,0.065543071,0.042802318,289.8871529,291.9358839,292.1629707
350,0.047432348,0.030018776,291.2080839,292.4648824,292.5599271
351,0.088069394,0.037156134,290.3997831,290.8918463,290.8079739
352,0.067556113,0.040376797,289.2498916,290.2658264,290.4209785
353,0.033247203,0.018451526,291.010509,292.2492953,292.4664972
354,0.046803773,0.034249529,291.2671985,292.500847,292.6001289
355,0.012129545,0.01757349,297.1772842,299.8509392,300.0301799
356,0.017719939,0.021901368,292.731044,293.9790751,294.0701647
357,0.017719939,0.021901368,292.731044,293.9790751,294.0701647
358,0.006449625,0.016350641,300.4498916,300.5355258,300.7486532
359,0.030227721,0.0427116,292.8670032,294.3233568,294.0959351
360,0.033793882,0.043663114,292.1532608,293.4148118,293.2367446
361,0.035339773,0.039393305,293.7615778,294.6202155,294.5931682
362,0.015512109,0.024881407,293.5664769,294.8783481,294.8672187
363,0.087074861,0.064158931,289.6151531,292.3423238,292.5082181
364,0.087074861,0.064158931,289.6151531,292.3423238,292.5082181
365,0.014992058,0.029560923,295.330458,297.4832146,297.4869236
366,0.047432348,0.030018776,291.2080839,292.4648824,292.5599271
367,0.027011886,0.016109198,290.7938586,292.1674757,292.4031237
368,0.001871854,0.043416961,300.6608996,305.7700093,306.1468954
369,0.090327561,0.087519824,288.8256729,290.5747836,290.3751235
370,0.035339773,0.039393305,293.7615778,294.6202155,294.5931682
371,0.014992058,0.029560923,295.330458,297.4832146,297.4869236
372,0.000902653,0.029224872,302.0815322,305.6934848,307.2387357
373,0.001400322,0.024470716,295.8958443,297.5592292,298.158153
374,0.002062604,0.028438761,302.0994033,305.4448954,305.4571764
375,0.010450348,0.021521612,298.4566353,301.0528435,301.3500095
376,0.001055017,0.021260946,300.3392417,303.0567932,303.6221829
377,0.006970123,0.014145806,297.0649307,301.480936,301.3422079
378,0.007012442,0.010392755,298.4918404,300.7954976,300.4235393
379,0.003231421,0.025851875,300.8262968,303.6798509,304.105424
380,0.000218466,0.032643645,299.0742026,302.4829922,303.7509481
381,0.00140366,0.04093933,301.7377334,305.9933275,306.6240655
382,0.002952352,0.032181679,300.3061525,303.8683166,305.6494562
383,0.008785054,0.071521937,296.1219402,298.0878207,297.7268921
384,0.00063014,0.039746984,301.5974882,305.9693746,307.7079088
385,0.009589702,0.029836997,299.4112035,302.314508,302.6726278
386,0.004780501,0.023907512,300.1022299,303.5965935,303.6540948
387,0.000254274,0.052127763,301.1421225,305.0991055,304.7997491
388,0.015339032,0.01225151,295.7618871,298.6579922,298.7217706
389,0.005761549,0.023953854,300.5013402,303.0460673,303.6337443
390,0.0174229,0.024277731,298.8336807,300.2271491,300.8349108
391,0.011574552,0.021931886,298.9709203,302.206332,302.5420451
392,0.021949217,0.024773597,291.9646486,293.2120503,293.1683852
393,0.003161207,0.031762808,301.2644316,304.3006951,305.0967435
394,0.007799804,0.040805741,300.2957412,303.8999898,304.1467326
395,0.000519633,0.017282932,300.0799046,303.4442498,304.0161174
396,0.000473634,0.009915143,298.0762751,302.2080898,302.7774998
397,0.00042218,0.052486628,300.4068578,304.4614752,304.2943943
398,0.001937091,0.032806873,300.2565377,302.5219136,303.153319
399,0.001007348,0.090397611,296.9369142,300.6223314,299.5931519
400,0.004942641,0.005960523,301.5662056,304.1869147,303.716329
401,0.002167136,0.046443715,299.8154515,305.0563266,305.468472
402,0.01510708,0.029620945,295.4061525,297.0670254,297.1234796
403,0.047432348,0.030018776,291.2080839,292.4648824,292.5599271
404,0.002736241,0.050615891,298.4514975,303.3055942,303.5193618
405,0.002736241,0.050615891,298.4514975,303.3055942,303.5193618
406,0.002736241,0.050615891,298.4514975,303.3055942,303.5193618
407,0.012129545,0.01757349,297.1772842,299.8509392,300.0301799
408,0.047752559,0.02570103,290.7210179,291.980095,292.1779175
409,0.032909468,0.013302579,290.4695965,291.3469082,291.5830173
410,0.002260104,0.042067169,300.5326824,304.8396219,305.3637248
411,0.006449625,0.016350641,300.4498916,300.5355258,300.7486532
412,0.006449625,0.016350641,300.4498916,300.5355258,300.7486532
413,0.001115725,0.028857275,302.8938098,306.576612,306.887439
414,0.015512109,0.024881407,293.5664769,294.8783481,294.8672187
415,0.002260104,0.042067169,300.5326824,304.8396219,305.3637248
416,0.002167136,0.046443715,299.8154515,305.0563266,305.468472
417,0.004780501,0.023907512,300.1022299,303.5965935,303.6540948
418,0.001115725,0.028857275,302.8938098,306.576612,306.887439
419,0.001075521,0.027364983,303.1172744,303.8705736,304.3568346
420,0.001075521,0.027364983,303.1172744,303.8705736,304.3568346
421,0.018680751,0.036037578,294.7871149,296.2897305,296.3825182
422,0.013475925,0.023660421,294.3115778,295.8702806,295.8779772
423,0.002167136,0.046443715,299.8154515,305.0563266,305.468472
424,0.003938288,0.033937796,301.3397082,304.5029412,304.8758613
425,0.015512109,0.024881407,293.5664769,294.8783481,294.8672187
426,0.000969082,0.029031529,303.006695,305.440566,305.9915406
427,0.010420397,0.013254597,293.5098363,296.030171,295.9575942
428,0.010420397,0.013254597,293.5098363,296.030171,295.9575942
429,0.004780501,0.023907512,300.1022299,303.5965935,303.6540948
430,0.003465608,0.03202106,301.3647842,304.3777296,304.7643542
431,0.02465035,0.032089844,291.5587946,292.8698574,293.4988865
432,0.007370696,0.012209385,298.0816787,300.7733405,300.9244996
433,0.002385721,0.025400146,301.0600858,299.1665208,299.4991632
434,0.001075521,0.027364983,303.1172744,303.8705736,304.3568346
435,0.001115725,0.028857275,302.8938098,306.576612,306.887439
436,0.044627264,0.034394904,291.2574817,292.7468756,292.5782702
437,0.015142277,0.028363778,294.9758899,297.0190273,297.0655152
438,0.032909468,0.013302579,290.4695965,291.3469082,291.5830173
439,0.047432348,0.030018776,291.2080839,292.4648824,292.5599271
440,0.067804173,0.051278412,290.7897788,292.6507276,292.7738648
441,0.001871854,0.043416961,300.6608996,305.7700093,306.1468954
442,0.016196326,0.026974841,294.1932673,295.4924269,295.5768704
443,0.006836459,0.045819952,296.8277291,300.0600809,299.8741686
444,0.014992058,0.029560923,295.330458,297.4832146,297.4869236
445,0.015512109,0.024881407,293.5664769,294.8783481,294.8672187
446,0.014992058,0.029560923,295.330458,297.4832146,297.4869236
447,0.00546968,0.018698587,297.4607966,301.8317552,302.0817478
448,0.013521835,0.023402869,294.1963651,295.9902784,295.9727255
449,0.014033616,0.022756173,293.8446182,295.2964362,295.3101007
450,0.001871854,0.043416961,300.6608996,305.7700093,306.1468954
451,0.014992058,0.029560923,295.330458,297.4832146,297.4869236
452,0.087074861,0.064158931,289.6151531,292.3423238,292.5082181
453,0.006449625,0.016350641,300.4498916,300.5355258,300.7486532
454,0.000936583,0.008687421,300.3896974,302.5288635,302.6068943
455,0.007370696,0.012209385,298.0816787,300.7733405,300.9244996
456,0.01422821,0.014771669,295.8925728,298.0655388,298.2316936
457,0.007370696,0.012209385,298.0816787,300.7733405,300.9244996
458,0.005267024,0.03251861,300.623085,304.1503099,304.4777059
459,0.002469033,0.013817667,300.1543784,304.6257493,305.2866523
460,0.000601694,0.032706171,300.3595921,303.2021491,303.9174575
461,0.010877088,0.021606698,298.823519,301.5681376,301.7805
462,0.011523515,0.028862327,298.9601075,301.9811638,302.3922893
463,0.000308931,0.076244443,302.16135,305.9103413,305.969888
464,0.001513437,0.018204271,302.6796605,306.0080464,305.511202
465,0.001556367,0.02487637,295.5606013,297.5216586,298.1870104
466,0.014986262,0.049448951,299.5601021,301.6026157,301.8762194
467,0.006515429,0.028817102,300.3694174,303.5807407,303.8694648
468,0.004024252,0.070394158,294.120177,296.8011779,296.1562975
469,0.019395247,0.034368186,296.0514107,296.8611334,296.9907973
470,0.000660375,0.011424854,302.7339085,307.2498867,306.2588854
471,0.003552809,0.034777655,300.5581978,303.0916185,303.4429457
472,0.000821844,0.006976306,295.7340496,299.1309577,300.3179023
473,0.001004532,0.023615345,301.6372668,305.9257656,306.8217109
474,0.003053263,0.040133923,300.8372017,304.1986931,304.7172893
475,0.002870143,0.040294885,300.7885852,303.8368821,304.3421808
476,0.001723036,0.005215063,303.7674914,308.5798021,307.4108657
477,0.000574708,0.007422953,297.7090984,301.2636562,301.7949694
478,0.020947188,0.021429702,294.9039606,296.6109924,296.5982843
479,0.000764564,0.043556168,302.140777,305.7196567,306.57948
480,0.000317589,0.062301844,301.7574817,305.0631897,305.5496243
481,0.003143177,0.004969194,298.1451987,298.8889492,299.1699531
482,0.000546172,0.071496829,301.9103354,305.7538201,305.7504056
483,0.000372291,0.044584214,300.2164606,304.0002176,303.7536391
484,0.003703252,0.0208202,300.691835,303.7529032,304.100628
485,0.001723036,0.005215063,303.7674914,308.5798021,307.4108657
486,0.001718909,0.033937319,296.1824274,298.0833014,298.551393
487,0.001418263,0.031514912,301.6055937,305.0269863,304.9811565
488,0.032909468,0.013302579,290.4695965,291.3469082,291.5830173
489,0.002631277,0.041795536,300.6915637,303.5486389,303.8499716
490,0.005907655,0.009547784,294.3958986,295.4696187,295.9955499
491,0.003560215,0.035971447,301.1690268,303.9480529,304.5420885
492,0.00573273,0.018893733,300.9633248,304.1804911,304.7905857
493,0.00033471,0.050842523,302.3523439,306.2479227,307.6077298
494,0.000691801,0.006719141,295.7696182,299.2651536,300.4236641
495,0.006027207,0.069184273,296.8646811,301.179151,300.3046374
496,0.003978238,0.03452666,301.3950793,303.8901319,304.3917142
497,0.016652569,0.031667098,295.1337838,297.1494581,297.3008559
498,0.000520781,0.04384011,298.9715442,302.6785271,303.625015
499,0.004145503,0.04001066,300.9727703,303.5879672,303.9467164
500,0.000432491,0.043838888,298.4050783,301.3074713,301.0669095
501,0.00253956,0.044800802,300.7043513,303.740094,303.975015
502,0.001968309,0.035075977,294.9596138,297.1078999,297.64013
503,0.001686365,0.009902223,301.7703506,307.1850104,306.0353177
504,0.006371319,0.014805078,295.799284,298.9459208,299.1010132
505,0.000345051,0.089440509,301.3935385,304.9853848,303.4814874
506,0.003583297,0.011406153,299.7556859,304.8415805,304.9563572
507,0.003192499,0.024038612,299.5466364,302.2537767,302.9297187
508,0.000290662,0.041385993,298.3215876,300.7877611,301.1798055
509,0.00140366,0.04093933,301.7377334,305.9933275,306.6240655
510,0.001329288,0.015952557,293.9816896,297.5224941,298.712439
511,0.007551819,0.012122824,298.4509767,301.6493333,301.464072
512,0.006654352,0.011009841,298.0903864,301.726753,301.4958971
513,0.006654352,0.011009841,298.0903864,301.726753,301.4958971
514,0.006336749,0.012403204,295.1506078,295.8522956,296.5675877
515,0.009822384,0.015916943,296.8724502,295.5566901,296.1344279
516,0.009822384,0.015916943,296.8724502,295.5566901,296.1344279
517,0.014402479,0.089397012,295.8204049,296.5028218,296.6076213
518,0.019875988,0.03064613,296.8487794,295.9992302,296.3549792
519,0.002385721,0.025400146,301.0600858,299.1665208,299.4991632
520,0.014626563,0.031076103,295.6266657,295.2494147,295.6977526
521,0.002650902,0.001955538,297.7511232,298.7194776,298.7701701
522,0.007370696,0.012209385,298.0816787,300.7733405,300.9244996
523,0.006449625,0.016350641,300.4498916,300.5355258,300.7486532
524,0.007370696,0.012209385,298.0816787,300.7733405,300.9244996
525,0.019875988,0.03064613,296.8487794,295.9992302,296.3549792
526,0.022865057,0.033909469,296.4764541,296.4820427,296.8751289
527,0.000750125,0.006297513,294.6456978,297.9556973,298.5052775
528,0.00079228,0.000912621,298.0351835,299.5202914,299.3397936
529,0.003829882,0.02279441,299.4333063,298.010949,298.53439
530,0.022865057,0.033909469,296.4764541,296.4820427,296.8751289
531,0.003801048,0.032595678,300.7084474,299.5341044,300.0336358
532,0.002650902,0.001955538,297.7511232,298.7194776,298.7701701
533,0.000752106,0.001128524,300.7130644,301.4233947,301.3350519
534,0.005741373,0.028205647,301.29547,299.5003045,299.9188789
535,0.019875988,0.03064613,296.8487794,295.9992302,296.3549792
536,0.001058653,0.010415822,299.6897842,301.6578186,301.6632094
537,0.001690239,0.003755002,300.3963543,298.7000657,299.2592598
538,0.001391068,0.001729994,299.8609919,299.4115024,299.7652765
539,0.001391068,0.001729994,299.8609919,299.4115024,299.7652765
540,0.001690239,0.003755002,300.3963543,298.7000657,299.2592598
541,0.000752106,0.001128524,300.7130644,301.4233947,301.3350519
542,0.001058653,0.010415822,299.6897842,301.6578186,301.6632094
543,0.022865057,0.033909469,296.4764541,296.4820427,296.8751289
544,0.000936583,0.008687421,300.3896974,302.5288635,302.6068943
545,0.019875988,0.03064613,296.8487794,295.9992302,296.3549792
546,0.001477286,0.016412153,294.1324654,297.0915913,298.1058255
547,0.006449625,0.016350641,300.4498916,300.5355258,300.7486532
548,0.00079228,0.000912621,298.0351835,299.5202914,299.3397936
549,0.00079228,0.000912621,298.0351835,299.5202914,299.3397936
550,0.00079228,0.000912621,298.0351835,299.5202914,299.3397936
551,0.001690239,0.003755002,300.3963543,298.7000657,299.2592598
552,0.004254282,0.007533535,299.0570911,297.5764167,298.1992229
553,0.006449625,0.016350641,300.4498916,300.5355258,300.7486532
554,0.006449625,0.016350641,300.4498916,300.5355258,300.7486532
555,0.019875988,0.03064613,296.8487794,295.9992302,296.3549792
556,0.002385721,0.025400146,301.0600858,299.1665208,299.4991632
557,0.001058653,0.010415822,299.6897842,301.6578186,301.6632094
558,0.0058925,0.01030071,299.7732098,301.6878207,301.8233168
559,0.037558079,0.049853145,295.741401,296.0459316,296.2250421
560,0.009822384,0.015916943,296.8724502,295.5566901,296.1344279
561,0.020311847,0.039037406,295.6379938,297.1045417,297.1862943
562,0.009532124,0.02706781,299.7538033,302.5441033,302.8554349
563,0.021949217,0.024773597,291.9646486,293.2120503,293.1683852
564,0.001330957,0.034750878,301.108442,306.5615132,307.3255087
565,0.001601532,0.002454504,303.5898276,307.8249789,306.1924792
566,0.001871854,0.043416961,300.6608996,305.7700093,306.1468954
567,0.018586606,0.037368505,295.1171714,297.2591586,297.3651137
568,0.001871854,0.043416961,300.6608996,305.7700093,306.1468954
569,0.005393833,0.009059935,296.2522354,298.7642205,298.5532647
570,0.016915113,0.029526397,291.5389433,292.7240838,292.525373
571,0.007663205,0.012084081,293.8413738,296.0087029,295.825921
572,0.016915113,0.029526397,291.5389433,292.7240838,292.525373
573,0.013521835,0.023402869,294.1963651,295.9902784,295.9727255
574,0.01188764,0.016458078,292.9324057,294.7509663,294.8215373
575,0.000969082,0.029031529,303.006695,305.440566,305.9915406
576,0.015512109,0.024881407,293.5664769,294.8783481,294.8672187
577,0.015512109,0.024881407,293.5664769,294.8783481,294.8672187
578,0.018680751,0.036037578,294.7871149,296.2897305,296.3825182
579,0.016747564,0.03312318,295.3017037,297.6228685,297.6777222
580,0.014033616,0.022756173,293.8446182,295.2964362,295.3101007
581,0.004870176,0.015004709,298.1937393,302.4516282,302.6649618
582,0.017150253,0.025434732,296.6296442,298.3808329,298.683663
583,0.001085118,0.012799277,302.8562718,305.0588928,304.9141534
584,0.015512109,0.024881407,293.5664769,294.8783481,294.8672187
585,0.007065594,0.027975857,294.5609051,297.3753967,297.0964342
586,0.009680912,0.031333565,291.5925728,293.7117682,293.4193726
587,0.013099685,0.023041426,297.5595487,300.02123,300.2558201
588,0.018680751,0.036037578,294.7871149,296.2897305,296.3825182
589,0.006836459,0.045819952,296.8277291,300.0600809,299.8741686
590,0.007663205,0.012084081,293.8413738,296.0087029,295.825921
591,0.015512109,0.024881407,293.5664769,294.8783481,294.8672187
592,0.009016201,0.040487438,300.9836753,304.0301384,304.2470364
593,0.014033616,0.022756173,293.8446182,295.2964362,295.3101007
594,0.015512109,0.024881407,293.5664769,294.8783481,294.8672187
595,0.007394791,0.021376818,292.8016169,294.909967,294.6861641
596,0.007394791,0.021376818,292.8016169,294.909967,294.6861641
597,0.0055473,0.02053365,294.4899958,297.2138081,296.9984308
598,0.007394791,0.021376818,292.8016169,294.909967,294.6861641
599,0.013521835,0.023402869,294.1963651,295.9902784,295.9727255
600,0.017406568,0.01524125,294.1672853,296.4608296,296.719454
601,0.001871854,0.043416961,300.6608996,305.7700093,306.1468954
602,0.017831937,0.019559561,292.8456219,294.0917053,294.1929132
603,0.015512109,0.024881407,293.5664769,294.8783481,294.8672187
604,0.012819454,0.015621185,292.6382325,294.7124789,294.7356052
605,0.032672405,0.025003671,292.0854439,293.4308817,293.4932279
606,0.004993543,0.041553154,298.9894261,302.5760098,302.5104533
607,0.002260104,0.042067169,300.5326824,304.8396219,305.3637248
608,0.002736241,0.050615891,298.4514975,303.3055942,303.5193618
609,0.014158547,0.022837742,297.0820639,300.1210022,300.2093466
610,0.001871854,0.043416961,300.6608996,305.7700093,306.1468954
611,0.018680751,0.036037578,294.7871149,296.2897305,296.3825182
612,0.018680751,0.036037578,294.7871149,296.2897305,296.3825182
613,0.005393833,0.009059935,296.2522354,298.7642205,298.5532647
614,0.002260104,0.042067169,300.5326824,304.8396219,305.3637248
615,0.001871854,0.043416961,300.6608996,305.7700093,306.1468954
616,0.001871854,0.043416961,300.6608996,305.7700093,306.1468954
617,0.001115725,0.028857275,302.8938098,306.576612,306.887439
618,0.015512109,0.024881407,293.5664769,294.8783481,294.8672187
619,0.004870176,0.015004709,298.1937393,302.4516282,302.6649618
620,0.041789562,0.037364333,296.8110082,297.3255703,297.6946005
621,0.014033616,0.022756173,293.8446182,295.2964362,295.3101007
622,0.015512109,0.024881407,293.5664769,294.8783481,294.8672187
623,0.041789562,0.037364333,296.8110082,297.3255703,297.6946005
624,0.000969082,0.029031529,303.006695,305.440566,305.9915406
625,0.004993543,0.041553154,298.9894261,302.5760098,302.5104533
626,0.018680751,0.036037578,294.7871149,296.2897305,296.3825182
627,0.003292203,0.060948997,295.9967612,299.9850104,299.4386814
628,0.001871854,0.043416961,300.6608996,305.7700093,306.1468954
629,0.002260104,0.042067169,300.5326824,304.8396219,305.3637248
630,0.005205751,0.017796665,299.7487143,303.1158806,303.1606161
631,0.013521835,0.023402869,294.1963651,295.9902784,295.9727255
632,0.005205751,0.017796665,299.7487143,303.1158806,303.1606161
633,0.046519399,0.019002556,290.2357749,290.9553663,291.2072361
634,0.001871854,0.043416961,300.6608996,305.7700093,306.1468954
635,0.001871854,0.043416961,300.6608996,305.7700093,306.1468954
636,0.032672405,0.025003671,292.0854439,293.4308817,293.4932279
637,0.002736241,0.050615891,298.4514975,303.3055942,303.5193618
638,0.014158547,0.022837742,297.0820639,300.1210022,300.2093466
639,0.014033616,0.022756173,293.8446182,295.2964362,295.3101007
640,0.01188764,0.016458078,292.9324057,294.7509663,294.8215373
641,0.002736241,0.050615891,298.4514975,303.3055942,303.5193618
642,0.013521835,0.023402869,294.1963651,295.9902784,295.9727255
643,0.001391068,0.001729994,299.8609919,299.4115024,299.7652765
644,0.001391068,0.001729994,299.8609919,299.4115024,299.7652765
645,0.022865057,0.033909469,296.4764541,296.4820427,296.8751289
646,0.019875988,0.03064613,296.8487794,295.9992302,296.3549792
647,0.001058653,0.010415822,299.6897842,301.6578186,301.6632094
648,0.002385721,0.025400146,301.0600858,299.1665208,299.4991632
649,0.00079228,0.000912621,298.0351835,299.5202914,299.3397936
650,0.000752106,0.001128524,300.7130644,301.4233947,301.3350519
651,0.009822384,0.015916943,296.8724502,295.5566901,296.1344279
652,0.000752106,0.001128524,300.7130644,301.4233947,301.3350519
653,0.006449625,0.016350641,300.4498916,300.5355258,300.7486532
654,0.019875988,0.03064613,296.8487794,295.9992302,296.3549792
655,0.00079228,0.000912621,298.0351835,299.5202914,299.3397936
656,0.002385721,0.025400146,301.0600858,299.1665208,299.4991632
657,0.000750125,0.006297513,294.6456978,297.9556973,298.5052775
658,0.00218761,0.008834138,300.1068686,298.7209099,299.3629327
659,0.006449625,0.016350641,300.4498916,300.5355258,300.7486532
660,0.006449625,0.016350641,300.4498916,300.5355258,300.7486532
661,0.00079228,0.000912621,298.0351835,299.5202914,299.3397936
662,0.00189969,0.001557022,296.1614368,298.248883,297.9010729
663,0.004254282,0.007533535,299.0570911,297.5764167,298.1992229
664,0.032672405,0.025003671,292.0854439,293.4308817,293.4932279
665,0.032672405,0.025003671,292.0854439,293.4308817,293.4932279
666,0.004870176,0.015004709,298.1937393,302.4516282,302.6649618
667,0.007394791,0.021376818,292.8016169,294.909967,294.6861641
668,0.015512109,0.024881407,293.5664769,294.8783481,294.8672187
669,0.013521835,0.023402869,294.1963651,295.9902784,295.9727255
670,0.010352656,0.018528148,297.9556316,300.9732374,301.2631389
671,0.003036946,0.006303056,301.3887751,303.7567606,303.5915297
672,0.009172335,0.010786175,298.5264541,299.293653,299.8724759
673,0.002303779,0.037891343,300.5550077,303.5100972,303.9663344
674,0.000877947,0.050852745,300.8378365,304.2924431,304.5962823
675,0.003619552,0.034628852,300.5862957,303.2720547,303.7658895
676,0.011024088,0.016149759,299.251899,302.6828999,302.8808255
677,0.001085013,0.035894825,301.0483888,304.7179314,305.0491903
678,0.003030971,0.003762334,300.1403159,304.1215989,303.4446873
679,0.031926498,0.056116044,295.4219511,294.8567606,295.0992174
680,0.000369728,0.066633611,301.1143881,304.9607862,304.5460979
681,0.00027217,0.035366102,298.3114151,301.9005432,302.8043986
682,0.00478065,0.032638638,300.9712675,303.8658047,304.3250367
683,0.001400322,0.024470716,295.8958443,297.5592292,298.158153
684,0.005136907,0.003724291,300.5089357,304.1247456,302.9654989
685,0.014887616,0.016104474,291.8632597,292.9474127,292.9402765
686,0.0033115,0.028685301,301.0071941,303.6906256,304.2027656
687,0.011616036,0.022113665,297.4752822,299.8121317,300.0496352
688,0.000870645,0.003953948,302.5914878,309.2788689,307.8868802
689,0.002167299,0.008045941,295.159424,296.8680887,298.3034546
690,0.010109529,0.016497418,298.0945965,300.9640686,301.1402548
691,0.00063014,0.039746984,301.5974882,305.9693746,307.7079088
692,0.014806196,0.048507809,300.3400446,302.2678663,302.4762411
693,0.0005368,0.050672456,298.7076553,301.5337137,301.0410577
694,0.000359878,0.099632516,301.6906523,305.1536031,303.8021797
695,0.019399807,0.013616963,291.2116592,292.6030334,292.8786933
696,0.011803538,0.02002564,298.7755861,300.6881951,300.9286174
697,0.003331989,0.041174337,300.2064454,302.3693963,302.9280369
698,0.007479742,0.034725129,300.3532608,302.7466369,302.9965319
699,0.003053054,0.028028324,300.9789661,303.7711758,304.3978557
700,0.001038328,0.040564492,297.8781523,300.912913,301.270067
701,0.002515614,0.007674634,299.6949925,304.800771,304.9464939
702,0.000824764,0.047634675,300.7151097,304.257097,303.7434937
703,0.005813763,0.010584294,298.0513836,302.8050082,302.4421536
704,0.002904147,0.003570794,301.8930503,306.4271219,304.7214559
705,0.000607222,0.026291876,300.4955459,304.0871046,305.2409546
706,0.042194471,0.036509573,290.1953723,291.6977491,291.6474433
707,0.000822723,0.029475167,301.7852703,304.6089633,306.0104099
708,0.006616369,0.021123185,298.7457304,302.6012702,302.8113648
709,0.01089485,0.020096435,296.0679797,297.9957417,298.1630846
710,0.002209991,0.012892678,295.381147,297.2097663,298.6805434
711,0.003174663,0.032226457,301.2001846,304.0246751,304.2961304
712,0.01510708,0.029620945,295.4061525,297.0670254,297.1234796
713,0.000297666,0.021556764,299.078532,301.8842617,302.67712
714,0.002097651,0.025805815,300.2921931,303.4332689,304.1419583
715,0.001988173,0.021444335,293.6105958,296.6962951,298.1093683
716,0.000853017,0.048112615,300.9815811,304.5122619,305.1990655
717,0.000467002,0.044836044,299.2053712,302.3365675,302.4611586
718,0.000776097,0.056205317,299.033328,302.1676493,301.7797459
719,0.001757205,0.013451397,294.6073786,297.3521925,298.7427124
720,0.010036528,0.012697845,297.4625598,299.9121046,300.1306302
721,0.005641908,0.029968604,300.4845325,303.365094,303.6608223
722,0.003583297,0.011406153,299.7556859,304.8415805,304.9563572
723,0.003484622,0.038524538,298.4170574,300.8285542,300.4837389
724,0.018890366,0.028008132,297.3376683,296.9224073,297.3670343
725,0.000397101,0.105650529,301.3847766,304.8335076,303.1914266
726,0.004286289,0.010541572,296.5003148,298.0898769,298.8443563
727,0.00153327,0.016532137,302.4175783,306.9563212,308.0660903
728,0.00029017,0.015427693,300.9019153,307.7034783,308.0111044
729,0.008090928,0.023301362,300.0356501,303.0787767,303.5560588
730,0.011533663,0.021276786,299.4888239,301.1465284,301.7310859
731,0.006460875,0.047726422,298.7226672,301.2990946,300.8700779
732,0.001605168,0.024288058,295.5853625,298.337544,299.3958917
733,0.000589535,0.018114298,300.1377768,303.3652567,304.011278
734,0.000395149,0.016241788,300.1501737,303.5197489,303.9851061
735,0.02066651,0.031521036,298.3666288,299.7170145,299.7691393
736,0.005828992,0.02061282,300.3031143,303.2586866,303.7468954
737,0.004060343,0.023024096,299.4112089,302.6865403,302.6987726
738,0.002001718,0.039031997,300.3281414,305.1049214,304.7813735
739,0.002209991,0.012892678,295.381147,297.2097663,298.6805434
740,0.005849138,0.02031131,299.3751954,301.9893832,302.4979371
741,0.000358492,0.032935499,299.2906468,302.8704976,302.95837
742,0.001686365,0.009902223,301.7703506,307.1850104,306.0353177
743,0.000281274,0.025182008,298.6298558,301.4035759,301.8055108
744,0.003377766,0.043434455,300.4788087,303.264253,303.7350736
745,0.000672668,0.039183601,298.8635418,301.4430182,301.6976929
746,0.020405159,0.020759656,291.6480633,293.0903272,293.2259481
747,0.006094799,0.004383936,297.3972875,296.3503804,297.1197415
748,0.001313627,0.011115774,302.8510309,302.2206061,302.6795614
749,0.000623524,0.055779903,300.7005969,304.3393561,303.6261272
750,0.000153542,0.018198609,299.8696399,302.8686584,303.3578492
751,0.004026234,0.019852787,300.6690431,303.8992465,304.6699965
752,0.000181258,0.023256361,299.0919435,301.3256951,302.1137357
753,0.01330559,0.040412232,300.0793241,302.3607048,302.6723023
754,0.00033173,0.010939061,298.4066408,302.316,303.1738105
755,0.005012333,0.011485948,300.5574112,301.6294657,302.0861098
756,0.005183399,0.023434847,300.3913196,303.6602274,303.8768216
757,0.008383513,0.037047311,300.1589357,302.9141554,303.1857029
758,0.001502723,0.009450316,302.0761829,306.8550462,306.0471178
759,0.020373911,0.050091013,294.041325,293.928896,294.323561
760,0.076963723,0.105052247,293.2696887,293.3451341,293.5763442
761,0.00508067,0.019157722,300.2920303,303.3987854,304.1030206
762,0.00068298,0.009197145,301.2927247,307.8903978,307.2096992
763,0.000413105,0.038889348,298.3399849,300.7911682,301.1921374
764,0.000317589,0.062301844,301.7574817,305.0631897,305.5496243
765,0.003009305,0.043838143,300.5278593,303.3290805,303.7541382
766,0.003173381,0.042752921,300.8087024,303.9745883,304.4322144
767,0.009953931,0.042333543,299.3068469,301.2002773,301.5005412
768,0.008491948,0.012816712,299.7190268,301.0812506,301.3798544
769,0.009977013,0.023149594,298.8423504,301.1830519,301.3659763
770,0.000928357,0.009322613,301.7629287,308.548487,307.693217
771,0.021106482,0.06392832,299.5360353,300.7055942,300.6251235
772,0.019399807,0.013616963,291.2116592,292.6030334,292.8786933
773,0.001096845,0.03399752,301.5685982,305.5750278,306.7657051
774,0.003225565,0.036797746,301.0397191,304.0066792,304.5331693
775,0.004870176,0.015004709,298.1937393,302.4516282,302.6649618
776,0.001085013,0.035894825,301.0483888,304.7179314,305.0491903
777,0.008644939,0.015719175,298.0656848,300.647288,300.8452841
778,0.000496879,0.053891345,301.4134875,304.6938537,305.2703546
779,0.004785285,0.024321809,300.6486926,303.880936,304.1756063
780,0.006839931,0.037838801,295.706771,299.2591261,299.3618151
781,0.001050606,0.001043021,303.3965388,309.2202155,307.2448283
782,0.000135735,0.034121155,298.8560331,302.1867248,303.3226929
783,0.000472039,0.048956334,301.8645021,305.7131354,307.015743
784,0.016653016,0.046523481,300.6363337,302.766765,303.1216729
785,0.001775935,0.025842115,295.3417482,297.152301,298.0446059
786,0.005161136,0.006143525,299.6889487,303.5989318,302.2038019
787,0.011136621,0.016517057,298.6302953,301.8768507,302.0692315
788,0.000912055,0.030818447,297.392779,299.9099833,300.5781508
789,0.002899364,0.026046424,299.8339574,302.7160976,303.4237075
790,0.004942641,0.005960523,301.5662056,304.1869147,303.716329
791,0.005568445,0.021691828,300.3001032,302.9601026,303.3641805
792,0.001432762,0.035752117,295.970101,298.0942226,298.8181627
793,0.000708848,0.022224098,300.2357477,303.4928012,304.0199097
794,0.00811936,0.036225154,298.3989368,301.9414177,302.9474542
795,0.001993716,0.024457916,301.4483345,304.9116923,305.7268053
796,0.00403288,0.02015297,297.5498645,298.3914666,298.9842435
797,0.000286847,0.0755167,301.7213977,304.8493821,304.4885838
798,0.005900145,0.073808029,295.844271,300.0010857,298.7540894
799,0.002013624,0.004529222,296.0321507,298.4468431,298.8815851
800,0.011574552,0.021931886,298.9709203,302.206332,302.5420451
801,0.002785772,0.006505772,301.602078,307.1227817,305.4141371
802,0.018680751,0.036037578,294.7871149,296.2897305,296.3825182
803,0.002803296,0.004065766,296.4699871,297.8596469,298.1066556
804,0.008383513,0.037047311,300.1589357,302.9141554,303.1857029
805,0.0049299,0.020307585,298.9145835,302.4868442,302.5533298
806,0.001329288,0.015952557,293.9816896,297.5224941,298.712439
807,0.001356885,0.022438257,295.6543187,297.8544603,298.6086847
808,0.00235422,0.018827914,302.3059517,306.0393941,305.3185154
809,0.020311847,0.039037406,295.6379938,297.1045417,297.1862943
810,0.001438007,0.040721311,301.0924372,305.8292107,306.395691
811,0.019203916,0.018517479,292.3032933,293.934788,294.0963854
812,0.003806427,0.004305764,300.028174,304.4763027,302.9771037
813,0.002736241,0.050615891,298.4514975,303.3055942,303.5193618
814,0.000682846,0.096734702,300.9018447,304.5995503,303.5061185
815,0.001775935,0.025842115,295.3417482,297.152301,298.0446059
816,0.001081541,0.008075117,304.0208606,309.4007385,308.4244887
817,0.000609771,0.038038804,301.5411188,305.3261562,306.8704902
818,0.002062604,0.028438761,302.0994033,305.4448954,305.4571764
819,0.00621593,0.03647527,300.9859159,304.6271653,305.5171536
820,0.001140878,0.015082701,294.731988,297.8601081,299.0348999
821,0.009953931,0.042333543,299.3068469,301.2002773,301.5005412
822,0.002303779,0.037891343,300.5550077,303.5100972,303.9663344
823,0.009680912,0.031333565,291.5925728,293.7117682,293.4193726
824,0.000260413,0.016353383,298.4182673,301.8032775,302.635844
825,0.002939329,0.038434371,300.3502334,302.6333014,303.268982
826,0.002167136,0.046443715,299.8154515,305.0563266,305.468472
827,0.000558466,0.013901963,298.8851889,301.2008795,302.0595473
828,0.042194471,0.036509573,290.1953723,291.6977491,291.6474433
829,0.042484671,0.028606533,290.8047907,291.7882602,291.7274889
830,0.003292203,0.060948997,295.9967612,299.9850104,299.4386814
831,0.001871854,0.043416961,300.6608996,305.7700093,306.1468954
832,0.014033616,0.022756173,293.8446182,295.2964362,295.3101007
833,0.014033616,0.022756173,293.8446182,295.2964362,295.3101007
834,0.011616036,0.022113665,297.4752822,299.8121317,300.0496352
835,0.002736241,0.050615891,298.4514975,303.3055942,303.5193618
836,0.018680751,0.036037578,294.7871149,296.2897305,296.3825182
837,0.018680751,0.036037578,294.7871149,296.2897305,296.3825182
838,0.001871854,0.043416961,300.6608996,305.7700093,306.1468954
839,0.017406568,0.01524125,294.1672853,296.4608296,296.719454
840,0.005393833,0.009059935,296.2522354,298.7642205,298.5532647
841,0.020311847,0.039037406,295.6379938,297.1045417,297.1862943
842,0.014033616,0.022756173,293.8446182,295.2964362,295.3101007
843,0.020311847,0.039037406,295.6379938,297.1045417,297.1862943
844,0.002736241,0.050615891,298.4514975,303.3055942,303.5193618
845,0.003292203,0.060948997,295.9967612,299.9850104,299.4386814
846,0.001871854,0.043416961,300.6608996,305.7700093,306.1468954
847,0.010873318,0.011885687,296.5482532,299.2201558,299.3119344
848,0.019203916,0.018517479,292.3032933,293.934788,294.0963854
849,0.01628691,0.017420351,292.2283476,293.6917324,293.7191393
850,0.001871854,0.043416961,300.6608996,305.7700093,306.1468954
851,0.014033616,0.022756173,293.8446182,295.2964362,295.3101007
852,0.021949217,0.024773597,291.9646486,293.2120503,293.1683852
853,0.009680912,0.031333565,291.5925728,293.7117682,293.4193726
854,0.010873318,0.011885687,296.5482532,299.2201558,299.3119344
855,0.013099685,0.023041426,297.5595487,300.02123,300.2558201
856,0.01422821,0.014771669,295.8925728,298.0655388,298.2316936
857,0.005243018,0.009049996,293.119922,293.6884121,294.2671211
858,0.002385721,0.025400146,301.0600858,299.1665208,299.4991632
859,0.010204196,0.020831718,298.7128419,298.721013,298.8006986
860,0.001058653,0.010415822,299.6897842,301.6578186,301.6632094
861,0.000936583,0.008687421,300.3896974,302.5288635,302.6068943
862,0.009822384,0.015916943,296.8724502,295.5566901,296.1344279
863,0.001690239,0.003755002,300.3963543,298.7000657,299.2592598
864,0.009277016,0.060867145,297.6622777,297.076357,297.1705119
865,0.000752106,0.001128524,300.7130644,301.4233947,301.3350519
866,0.00189969,0.001557022,296.1614368,298.248883,297.9010729
867,0.006449625,0.016350641,300.4498916,300.5355258,300.7486532
868,0.0058925,0.01030071,299.7732098,301.6878207,301.8233168
869,0.001058653,0.010415822,299.6897842,301.6578186,301.6632094
870,0.002385721,0.025400146,301.0600858,299.1665208,299.4991632
871,0.00403288,0.02015297,297.5498645,298.3914666,298.9842435
872,0.00403288,0.02015297,297.5498645,298.3914666,298.9842435
873,0.005741373,0.028205647,301.29547,299.5003045,299.9188789
874,0.001690239,0.003755002,300.3963543,298.7000657,299.2592598
875,0.000752106,0.001128524,300.7130644,301.4233947,301.3350519
876,0.019875988,0.03064613,296.8487794,295.9992302,296.3549792
877,0.018436298,0.0346639,296.7905492,295.3272196,295.749212
878,0.000752106,0.001128524,300.7130644,301.4233947,301.3350519
879,0.001058653,0.010415822,299.6897842,301.6578186,301.6632094
880,0.098099873,0.108444332,294.7119684,294.4090013,294.7226875
881,0.001391068,0.001729994,299.8609919,299.4115024,299.7652765
882,0.005243018,0.009049996,293.119922,293.6884121,294.2671211
883,0.006449625,0.016350641,300.4498916,300.5355258,300.7486532
884,0.04344523,0.044696688,294.3878256,295.0592454,295.5292576
885,0.00079228,0.000912621,298.0351835,299.5202914,299.3397936
886,0.000752106,0.001128524,300.7130644,301.4233947,301.3350519
887,0.031932354,0.02268882,291.362511,293.0804585,293.2805922
888,0.025561899,0.030501469,291.7344619,293.1299974,293.0432984
889,0.025561899,0.030501469,291.7344619,293.1299974,293.0432984
890,0.015512109,0.024881407,293.5664769,294.8783481,294.8672187
891,0.015512109,0.024881407,293.5664769,294.8783481,294.8672187
892,0.020640507,0.020685851,292.0499079,293.3870178,293.5968086
893,0.017406568,0.01524125,294.1672853,296.4608296,296.719454
894,0.017406568,0.01524125,294.1672853,296.4608296,296.719454
895,0.014246613,0.012079998,295.8194229,298.3304368,298.509097
896,0.014246613,0.012079998,295.8194229,298.3304368,298.509097
897,0.022942752,0.052484407,290.7217341,292.3804857,292.0761272
898,0.029509336,0.056461795,291.6382434,292.8466912,292.603064
899,0.000969082,0.029031529,303.006695,305.440566,305.9915406
900,0.009680912,0.031333565,291.5925728,293.7117682,293.4193726
901,0.022245735,0.041208162,292.0981989,292.9787875,292.7660848
902,0.025561899,0.030501469,291.7344619,293.1299974,293.0432984
903,0.019203916,0.018517479,292.3032933,293.934788,294.0963854
904,0.032672405,0.025003671,292.0854439,293.4308817,293.4932279
905,0.014033616,0.022756173,293.8446182,295.2964362,295.3101007
906,0.018680751,0.036037578,294.7871149,296.2897305,296.3825182
907,0.001871854,0.043416961,300.6608996,305.7700093,306.1468954
908,0.003292203,0.060948997,295.9967612,299.9850104,299.4386814
909,0.018680751,0.036037578,294.7871149,296.2897305,296.3825182
910,0.002736241,0.050615891,298.4514975,303.3055942,303.5193618
911,0.016915113,0.029526397,291.5389433,292.7240838,292.525373
912,0.021956235,0.03298062,292.0889053,293.0395243,292.8815905
913,0.029056206,0.049709081,292.0999404,293.7471361,293.470105
914,0.001871854,0.043416961,300.6608996,305.7700093,306.1468954
915,0.014033616,0.022756173,293.8446182,295.2964362,295.3101007
916,0.019931093,0.023021176,292.0309246,293.3621534,293.5032593
917,0.001871854,0.043416961,300.6608996,305.7700093,306.1468954
918,0.002655536,0.054995715,296.8350424,302.8251959,302.8686402
919,0.001871854,0.043416961,300.6608996,305.7700093,306.1468954
920,0.007850468,0.025970458,297.9934951,299.4342834,299.8914375
921,0.029509336,0.056461795,291.6382434,292.8466912,292.603064
922,0.025561899,0.030501469,291.7344619,293.1299974,293.0432984
923,0.014887616,0.016104474,291.8632597,292.9474127,292.9402765
924,0.076963723,0.105052247,293.2696887,293.3451341,293.5763442
925,0.019875988,0.03064613,296.8487794,295.9992302,296.3549792
926,0.019875988,0.03064613,296.8487794,295.9992302,296.3549792
927,0.002336592,0.017505377,300.52232,299.2614752,299.9451539
928,0.004002869,0.005203515,296.3779244,296.2127122,296.7748468
929,0.009680912,0.031333565,291.5925728,293.7117682,293.4193726
930,0.01524891,0.037230357,290.1210016,292.2099453,291.9033787
931,0.001068652,0.013916089,303.7448081,308.6781202,307.9711955
932,0.003914833,0.028643771,298.9147299,303.5710944,303.5712715
933,0.025561899,0.030501469,291.7344619,293.1299974,293.0432984
934,0.013521835,0.023402869,294.1963651,295.9902784,295.9727255
935,0.000397101,0.105650529,301.3847766,304.8335076,303.1914266
936,0.042194471,0.036509573,290.1953723,291.6977491,291.6474433
937,0.009006232,0.067033707,295.0825251,297.3822977,296.9980401
938,0.025561899,0.030501469,291.7344619,293.1299974,293.0432984
939,0.025561899,0.030501469,291.7344619,293.1299974,293.0432984
940,0.015512109,0.024881407,293.5664769,294.8783481,294.8672187
941,0.010842651,0.019400685,295.7232749,297.733768,297.9147882
942,0.007370696,0.012209385,298.0816787,300.7733405,300.9244996
943,0.002336592,0.017505377,300.52232,299.2614752,299.9451539
944,0.0058925,0.01030071,299.7732098,301.6878207,301.8233168
945,0.006449625,0.016350641,300.4498916,300.5355258,300.7486532
946,0.005393833,0.009059935,296.2522354,298.7642205,298.5532647
947,0.003801048,0.032595678,300.7084474,299.5341044,300.0336358
948,0.003525779,0.042994394,300.5355253,303.2723693,303.6299466
949,0.002375066,0.034882396,299.3146594,302.1630649,301.7405911
950,0.017831937,0.019559561,292.8456219,294.0917053,294.1929132
951,0.003331989,0.041174337,300.2064454,302.3693963,302.9280369
952,0.019399807,0.013616963,291.2116592,292.6030334,292.8786933
953,0.00093773,0.005527943,297.5227757,301.063347,302.0634644
954,0.000923395,0.009176328,303.4162111,306.9721632,306.0092923
955,0.003546089,0.018742576,302.6472169,304.6289774,304.7761163
956,0.014962539,0.027687966,298.6738445,300.2147359,300.295615
957,0.003822789,0.02610594,300.9694446,303.9765794,304.44976
958,0.00214614,0.008613884,301.6174046,303.7185607,303.5830499
959,0.041685,0.05488637,295.752078,296.2942877,296.4193238
960,0.00811936,0.036225154,298.3989368,301.9414177,302.9474542
961,0.005001366,0.025097653,300.6117948,303.9363288,304.2330662
962,0.000347719,0.047693907,302.3035158,305.804113,307.2651246
963,0.016406268,0.030927389,297.0436633,299.2991814,299.3379327
964,0.01606594,0.032582908,299.6622343,301.3920525,301.3159167
965,0.001029536,0.082147016,296.782856,300.2945156,299.6286228
966,0.016876876,0.057985663,299.345101,300.9285597,301.0708157
967,0.002377913,0.010983064,295.295177,297.2662496,298.7707995
968,0.001511365,0.026584386,295.0138565,297.3685336,298.4833863
969,0.002650902,0.001955538,297.7511232,298.7194776,298.7701701
970,0.001109555,0.020969539,300.2103463,303.309419,303.8857409
971,0.003095165,0.026273742,300.793978,303.4452752,304.1063626
972,0.00167501,0.017047673,295.5163575,297.3665805,298.7665243
973,0.001105338,0.028937309,301.4341798,305.3559956,306.2582723
974,0.00437209,0.020479678,300.3395346,303.459495,304.1560914
975,0.010886923,0.030776381,299.3665963,302.2347229,302.7625312
976,0.004981086,0.032214581,301.4849665,304.9069071,305.7127645
977,0.001566112,0.031331017,299.1899687,304.2592617,304.5247545
978,0.013099685,0.023041426,297.5595487,300.02123,300.2558201
979,0.003236756,0.019486605,295.1971898,296.1910868,296.7629761
980,0.001105338,0.028937309,301.4341798,305.3559956,306.2582723
981,0.000560403,0.023949101,300.493072,304.0953565,304.8444486
982,0.001768351,0.026078149,294.8455785,298.1124898,299.2398316
983,0.004981086,0.032214581,301.4849665,304.9069071,305.7127645
984,0.005828992,0.02061282,300.3031143,303.2586866,303.7468954
985,0.046519399,0.019002556,290.2357749,290.9553663,291.2072361
986,0.020574108,0.038654342,297.401861,298.8895894,298.9657539
987,0.002208069,0.006910428,302.3056316,307.3441901,305.8634698
988,0.015207246,0.009730249,297.0504233,299.0258307,299.0486858
989,0.000933796,0.084716468,298.913124,302.6194776,301.8741252
990,0.000853822,0.007380649,296.1238066,299.512365,300.6351115
991,0.002515614,0.007674634,299.6949925,304.800771,304.9464939
992,0.003292889,0.026839568,300.5067004,304.05248,304.8296699
993,0.004353076,0.049578353,297.578863,302.5865892,301.8875638
994,0.00573273,0.018893733,300.9633248,304.1804911,304.7905857
995,0.000307948,0.055566936,300.7937339,304.7682081,304.612043
996,0.00623183,0.033268302,301.4237035,305.0377014,305.8686999
997,0.001880631,0.005754679,299.3549101,298.6901102,299.1704197
998,0.000582397,0.006877556,298.7869847,301.6449713,302.1947252
999,0.01422821,0.014771669,295.8925728,298.0655388,298.2316936
1000,0.000752106,0.001128524,300.7130644,301.4233947,301.3350519
1001,0.001017034,0.005469426,296.7863391,299.7659457,301.0692749
1002,0.000286847,0.0755167,301.7213977,304.8493821,304.4885838
1003,0.006384045,0.025145008,297.1002009,300.1882059,299.8133939
1004,0.026979551,0.020225763,291.5481284,293.0532721,293.2631714
1005,0.002619073,0.027616917,302.2723526,305.6535651,305.5253676
1006,0.000535518,0.046551361,298.2048884,300.5268181,300.7084622
1007,0.011616036,0.022113665,297.4752822,299.8121317,300.0496352
1008,0.000504747,0.069915666,300.1821453,303.8953023,303.2985393
1009,0.001718909,0.033937319,296.1824274,298.0833014,298.551393
1010,0.000288978,0.020613312,298.9971138,301.0836432,301.7836467
1011,0.000359878,0.099632516,301.6906523,305.1536031,303.8021797
1012,0.000638828,0.003556608,298.1009279,300.4022847,300.8761543
1013,0.008563086,0.030052542,299.2397625,301.5861389,301.7507582
1014,0.002149195,0.002349197,303.1512317,308.7934522,306.5717109
1015,0.005864844,0.01634483,300.8775175,304.0732808,304.7479696
1016,0.008383513,0.037047311,300.1589357,302.9141554,303.1857029
1017,0.001317799,0.022607058,300.0541831,303.3545851,304.3320571
1018,0.000139982,0.026470005,299.6869033,303.2817606,304.4985501
1019,0.015188903,0.029098078,296.3560819,298.2063971,298.3182658
1020,0.000776097,0.056205317,299.033328,302.1676493,301.7797459
1021,0.003705099,0.037371977,301.1460559,303.820248,304.2546048
1022,0.000214845,0.014184638,299.4298721,302.7409349,303.3056085
1023,0.0049299,0.020307585,298.9145835,302.4868442,302.5533298
1024,0.001192317,0.045029312,300.5382977,304.0968268,304.5336304
1025,0.006290257,0.019545703,300.443544,303.7504184,304.2486695
1026,0.000779897,0.045072987,300.8323949,304.2687669,304.0225519
1027,0.000698179,0.01631093,299.0827964,302.6385532,303.2879327
1028,0.00508067,0.019157722,300.2920303,303.3987854,304.1030206
1029,0.00140366,0.04093933,301.7377334,305.9933275,306.6240655
1030,0.001153484,0.01001346,295.3700685,298.2510749,299.6125367
1031,0.000317589,0.062301844,301.7574817,305.0631897,305.5496243
1032,0.000359878,0.099632516,301.6906523,305.1536031,303.8021797
1033,0.000446618,0.026711106,299.4899198,303.3444831,303.4706747
1034,0.017054215,0.030976995,298.0710233,299.3926927,299.6298706
1035,0.001405761,0.032404646,296.5642851,299.2522956,300.0126886
1036,0.00347054,0.024196401,299.7964682,302.8253913,302.8618097
1037,0.007554069,0.022979259,299.3830134,301.7502285,301.9752211
1038,0.000682846,0.096734702,300.9018447,304.5995503,303.5061185
1039,0.000130996,0.012843012,299.9530871,303.2163201,303.7189006
1040,0.012363032,0.02233073,296.5692872,298.4057786,298.5996352
1041,0.003398672,0.010483994,301.4082467,303.6995232,303.5451701
1042,0.004257247,0.023300558,296.596159,300.3345818,300.1877266
1043,0.000589877,0.001992836,304.0771431,309.7396762,308.05448
1044,0.003815577,0.022829293,296.5753094,296.5274312,296.9665948
1045,0.000384018,0.014992818,299.9861763,303.0205898,303.587949
1046,0.01510708,0.029620945,295.4061525,297.0670254,297.1234796
1047,0.00249964,0.021653771,296.0680828,297.0728576,297.5677179
1048,0.012581304,0.050816967,299.3510092,301.069738,301.230679
1049,0.003972575,0.043801426,300.8486329,303.1968214,303.4064169
1050,0.002756477,0.00279434,303.4548395,308.0101298,307.3870864
1051,0.005992085,0.015975072,295.9311253,299.5871805,299.7499173
1052,0.012409806,0.019253775,297.169374,299.182862,299.3406291
1053,0.003988803,0.035294741,301.3357098,303.4279412,304.0604859
1054,0.000369728,0.066633611,301.1143881,304.9607862,304.5460979
1055,0.001131892,0.036622822,301.1537273,304.8255052,305.2654555
1056,0.002105758,0.023789122,299.9828018,303.1976569,303.9535197
1057,0.004043892,0.027197241,300.8639595,303.2526319,303.6642891
1058,0.000292286,0.020801558,297.9238066,300.9517964,301.7038724
1059,0.000496879,0.053891345,301.4134875,304.6938537,305.2703546
1060,0.000554368,0.010819241,301.7544326,307.8976298,307.3731378
1061,0.002638862,0.017746567,300.624425,305.144266,305.9376669
1062,0.00144513,0.020896211,297.5059951,298.1656636,299.0258342
1063,0.004043937,0.043438225,300.4921334,302.7472337,302.9271743
1064,0.000228346,0.018933638,299.8792862,303.0416836,303.5385349
1065,0.001185849,0.003740787,303.6144478,309.7730909,308.2722589
1066,0.003076211,0.014164656,301.9864964,305.996306,305.2633396
1067,0.003348753,0.02178651,300.833328,304.0503858,304.469454
1068,0.01510708,0.029620945,295.4061525,297.0670254,297.1234796
1069,0.014905453,0.026927247,295.5072918,297.4155877,297.4947307
1070,0.014905453,0.026927247,295.5072918,297.4155877,297.4947307
1071,0.004794538,0.017905279,299.1209094,302.8472337,303.341291
1072,0.01510708,0.029620945,295.4061525,297.0670254,297.1234796
1073,0.014905453,0.026927247,295.5072918,297.4155877,297.4947307
1074,0.014905453,0.026927247,295.5072918,297.4155877,297.4947307
1075,0.014905453,0.026927247,295.5072918,297.4155877,297.4947307
1076,0.001637206,0.01390697,301.5423992,306.2896219,306.8802233
1077,0.015990347,0.024806856,295.7380481,296.9421393,297.0416274
1078,0.001637206,0.01390697,301.5423992,306.2896219,306.8802233
1079,0.016196326,0.026974841,294.1932673,295.4924269,295.5768704
1080,0.001871854,0.043416961,300.6608996,305.7700093,306.1468954
1081,0.001665011,0.022792503,301.0792862,305.5172207,305.592094
1082,0.015188903,0.029098078,296.3560819,298.2063971,298.3182658
1083,0.013740614,0.024700239,296.5674209,298.405643,298.5722806
1084,0.010352656,0.018528148,297.9556316,300.9732374,301.2631389
1085,0.010352656,0.018528148,297.9556316,300.9732374,301.2631389
1086,0.010352656,0.018528148,297.9556316,300.9732374,301.2631389
1087,0.010383472,0.019657,297.6378636,299.8465881,299.9948229
1088,0.01510708,0.029620945,295.4061525,297.0670254,297.1234796
1089,0.007663205,0.012084081,293.8413738,296.0087029,295.825921
1090,0.010352656,0.018528148,297.9556316,300.9732374,301.2631389
1091,0.014033616,0.022756173,293.8446182,295.2964362,295.3101007
1092,0.014992058,0.029560923,295.330458,297.4832146,297.4869236
1093,0.010352656,0.018528148,297.9556316,300.9732374,301.2631389
1094,0.01422821,0.014771669,295.8925728,298.0655388,298.2316936
1095,0.010352656,0.018528148,297.9556316,300.9732374,301.2631389
1096,0.010352656,0.018528148,297.9556316,300.9732374,301.2631389
1097,0.010352656,0.018528148,297.9556316,300.9732374,301.2631389
1098,0.015512109,0.024881407,293.5664769,294.8783481,294.8672187
1099,0.010352656,0.018528148,297.9556316,300.9732374,301.2631389
1100,0.003775954,0.017320737,295.538379,299.7035054,299.6594876
1101,0.010352656,0.018528148,297.9556316,300.9732374,301.2631389
1102,0.011616036,0.022113665,297.4752822,299.8121317,300.0496352
1103,0.014033616,0.022756173,293.8446182,295.2964362,295.3101007
1104,0.002260104,0.042067169,300.5326824,304.8396219,305.3637248
1105,0.001601562,0.041220322,300.3143936,305.703641,306.1797459
1106,0.016196326,0.026974841,294.1932673,295.4924269,295.5768704
1107,0.016652569,0.031667098,295.1337838,297.1494581,297.3008559
1108,0.016652569,0.031667098,295.1337838,297.1494581,297.3008559
1109,0.017495006,0.032496377,297.2391549,298.5770243,298.7325779
1110,0.017495006,0.032496377,297.2391549,298.5770243,298.7325779
1111,0.013521835,0.023402869,294.1963651,295.9902784,295.9727255
1112,0.013521835,0.023402869,294.1963651,295.9902784,295.9727255
1113,0.015512109,0.024881407,293.5664769,294.8783481,294.8672187
1114,0.014246613,0.012079998,295.8194229,298.3304368,298.509097
1115,0.01510708,0.029620945,295.4061525,297.0670254,297.1234796
1116,0.01510708,0.029620945,295.4061525,297.0670254,297.1234796
1117,0.010352656,0.018528148,297.9556316,300.9732374,301.2631389
1118,0.010352656,0.018528148,297.9556316,300.9732374,301.2631389
1119,0.004746109,0.009284123,296.6665529,301.374317,301.0870701
1120,0.015512109,0.024881407,293.5664769,294.8783481,294.8672187
1121,0.015512109,0.024881407,293.5664769,294.8783481,294.8672187
1122,0.015512109,0.024881407,293.5664769,294.8783481,294.8672187
1123,0.015512109,0.024881407,293.5664769,294.8783481,294.8672187
1124,0.015512109,0.024881407,293.5664769,294.8783481,294.8672187
1125,0.014033616,0.022756173,293.8446182,295.2964362,295.3101007
1126,0.013475925,0.023660421,294.3115778,295.8702806,295.8779772
1127,0.000259876,0.065929576,301.609055,305.5059034,304.7079685
1128,0.015512109,0.024881407,293.5664769,294.8783481,294.8672187
1129,0.014033616,0.022756173,293.8446182,295.2964362,295.3101007
1130,0.014033616,0.022756173,293.8446182,295.2964362,295.3101007
1131,0.014033616,0.022756173,293.8446182,295.2964362,295.3101007
1132,0.01510708,0.029620945,295.4061525,297.0670254,297.1234796
1133,0.01510708,0.029620945,295.4061525,297.0670254,297.1234796
1134,0.01510708,0.029620945,295.4061525,297.0670254,297.1234796
1135,0.013521835,0.023402869,294.1963651,295.9902784,295.9727255
1136,0.013521835,0.023402869,294.1963651,295.9902784,295.9727255
1137,0.01510708,0.029620945,295.4061525,297.0670254,297.1234796
1138,0.01510708,0.029620945,295.4061525,297.0670254,297.1234796
1139,0.001391068,0.001729994,299.8609919,299.4115024,299.7652765
1140,0.008852214,0.015340626,295.7651314,295.321485,296.0864353
1141,0.008852214,0.015340626,295.7651314,295.321485,296.0864353
1142,0.009822384,0.015916943,296.8724502,295.5566901,296.1344279
1143,0.017633736,0.019134446,292.2432835,293.5004672,294.1305651
1144,0.000936583,0.008687421,300.3896974,302.5288635,302.6068943
1145,0.006542087,0.010454833,294.7501575,295.2008633,295.8231595
1146,0.008852214,0.015340626,295.7651314,295.321485,296.0864353
1147,0.006336749,0.012403204,295.1506078,295.8522956,296.5675877
1148,0.003801048,0.032595678,300.7084474,299.5341044,300.0336358
1149,0.006542087,0.010454833,294.7501575,295.2008633,295.8231595
1150,0.004002869,0.005203515,296.3779244,296.2127122,296.7748468
1151,0.00189969,0.001557022,296.1614368,298.248883,297.9010729
1152,0.006542087,0.010454833,294.7501575,295.2008633,295.8231595
1153,0.006542087,0.010454833,294.7501575,295.2008633,295.8231595
1154,0.001391068,0.001729994,299.8609919,299.4115024,299.7652765
1155,0.002650902,0.001955538,297.7511232,298.7194776,298.7701701
1156,0.004972309,0.039477795,299.6931425,298.2217943,298.4673055
1157,0.003801048,0.032595678,300.7084474,299.5341044,300.0336358
1158,0.010204196,0.020831718,298.7128419,298.721013,298.8006986
1159,0.00079228,0.000912621,298.0351835,299.5202914,299.3397936
1160,0.044153318,0.084975361,293.9714682,293.6236226,293.8926745
1161,0.001058653,0.010415822,299.6897842,301.6578186,301.6632094
1162,0.002879262,0.008978515,297.5701227,296.0433763,296.5669312
1163,0.00079228,0.000912621,298.0351835,299.5202914,299.3397936
1164,0.002161384,0.004051655,299.6926596,298.0603359,298.6386434
1165,0.002650902,0.001955538,297.7511232,298.7194776,298.7701701
1166,0.001058653,0.010415822,299.6897842,301.6578186,301.6632094
1167,0.004051879,0.008923291,293.6504125,294.5959859,295.1278253
1168,0.010204196,0.020831718,298.7128419,298.721013,298.8006986
1169,0.000752106,0.001128524,300.7130644,301.4233947,301.3350519
1170,0.004972309,0.039477795,299.6931425,298.2217943,298.4673055
1171,0.00403288,0.02015297,297.5498645,298.3914666,298.9842435
1172,0.0058925,0.01030071,299.7732098,301.6878207,301.8233168
1173,0.002650902,0.001955538,297.7511232,298.7194776,298.7701701
1174,0.00403288,0.02015297,297.5498645,298.3914666,298.9842435
1175,0.001058653,0.010415822,299.6897842,301.6578186,301.6632094
1176,0.007370696,0.012209385,298.0816787,300.7733405,300.9244996
1177,0.019875988,0.03064613,296.8487794,295.9992302,296.3549792
1178,0.006542087,0.010454833,294.7501575,295.2008633,295.8231595
1179,0.00189969,0.001557022,296.1614368,298.248883,297.9010729
1180,0.003801048,0.032595678,300.7084474,299.5341044,300.0336358
1181,0.001058653,0.010415822,299.6897842,301.6578186,301.6632094
1182,0.004972309,0.039477795,299.6931425,298.2217943,298.4673055
1183,0.01510708,0.029620945,295.4061525,297.0670254,297.1234796
1184,0.022942752,0.052484407,290.7217341,292.3804857,292.0761272
1185,0.009571865,0.017976641,297.6457467,298.82748,298.7064386
1186,0.012129545,0.01757349,297.1772842,299.8509392,300.0301799
1187,0.001871854,0.043416961,300.6608996,305.7700093,306.1468954
1188,0.015990347,0.024806856,295.7380481,296.9421393,297.0416274
1189,0.002260104,0.042067169,300.5326824,304.8396219,305.3637248
1190,0.002260104,0.042067169,300.5326824,304.8396219,305.3637248
1191,0.002736241,0.050615891,298.4514975,303.3055942,303.5193618
1192,0.013475925,0.023660421,294.3115778,295.8702806,295.8779772
1193,0.023441851,0.016412347,294.8086481,296.4980855,296.7022936
1194,0.025561899,0.030501469,291.7344619,293.1299974,293.0432984
1195,0.003540769,0.014742836,296.7221952,301.5639275,301.4462552
1196,0.009571865,0.017976641,297.6457467,298.82748,298.7064386
1197,0.014246613,0.012079998,295.8194229,298.3304368,298.509097
1198,0.01510708,0.029620945,295.4061525,297.0670254,297.1234796
1199,0.015990347,0.024806856,295.7380481,296.9421393,297.0416274
1200,0.030536071,0.025830641,290.7227052,292.1888895,292.2540134
1201,0.004257247,0.023300558,296.596159,300.3345818,300.1877266
1202,0.001871854,0.043416961,300.6608996,305.7700093,306.1468954
1203,0.011702791,0.016581088,293.058583,294.6893398,294.7101766
1204,0.019480839,0.023168429,292.0112469,293.3085076,293.234276
1205,0.016915113,0.029526397,291.5389433,292.7240838,292.525373
1206,0.013803005,0.016490071,295.7839248,297.8484653,297.8812975
1207,0.015217975,0.023640692,296.819743,298.9888298,299.0130412
1208,0.004794538,0.017905279,299.1209094,302.8472337,303.341291
1209,0.003775954,0.017320737,295.538379,299.7035054,299.6594876
1210,0.007551819,0.012122824,298.4509767,301.6493333,301.464072
1211,0.007551819,0.012122824,298.4509767,301.6493333,301.464072
1212,0.014033616,0.022756173,293.8446182,295.2964362,295.3101007
1213,0.073572844,0.040636136,288.8508736,290.3336269,290.5567587
1214,0.007663205,0.012084081,293.8413738,296.0087029,295.825921
1215,0.000557393,0.0025153,303.6480524,309.5657613,307.802158
1216,0.000232905,0.024785369,300.4822267,303.6608188,304.5362671
1217,0.000530273,0.003399148,297.4582629,301.058692,301.4762682
1218,0.005485982,0.006920933,301.3003311,302.8567932,302.8107897
1219,0.002217814,0.006500392,299.1549318,298.0424431,298.5770332
1220,0.004720181,0.024620026,300.5154624,303.7055074,304.1678535
1221,0.015396893,0.040664374,298.9200522,300.3550245,300.3673272
1222,0.01367119,0.01567012,291.955675,293.2770297,293.2644247
1223,0.000621408,0.052689939,301.3292482,305.7437561,306.8482463
1224,0.0033115,0.028685301,301.0071941,303.6906256,304.2027656
1225,0.012270585,0.029190718,298.5916071,300.643219,300.7022339
1226,0.004981086,0.032214581,301.4849665,304.9069071,305.7127645
1227,0.003422678,0.003937914,301.9792482,305.7861226,304.4955282
1228,0.001574159,0.01642625,301.2104927,305.5530063,305.1860447
1229,0.005267024,0.03251861,300.623085,304.1503099,304.4777059
1230,0.002868801,0.014066025,302.3009387,306.6344299,305.4590916
1231,0.001462072,0.020721673,301.1864422,305.7468865,306.3643813
1232,0.004089505,0.034363537,297.7200522,297.5132385,297.8013008
1233,0.002881333,0.007102325,302.9141332,307.8372673,307.0065145
1234,0.001242071,0.024259373,300.8784289,305.2354661,306.40786
1235,0.002794206,0.009941935,296.9493654,299.4311801,299.8670723
1236,0.014149234,0.042638286,300.9177519,303.2740566,303.526686
1237,0.000734568,0.043349534,301.2054363,304.881039,306.0569486
1238,0.008644939,0.015719175,298.0656848,300.647288,300.8452841
1239,0.009977013,0.023149594,298.8423504,301.1830519,301.3659763
1240,0.011262,0.021880164,299.2632217,302.1932624,302.5615655
1241,0.009953931,0.042333543,299.3068469,301.2002773,301.5005412
1242,0.003215641,0.025864034,301.2419706,299.507607,299.7972426
1243,0.002515614,0.007674634,299.6949925,304.800771,304.9464939
1244,0.01330559,0.040412232,300.0793241,302.3607048,302.6723023
1245,0.005588487,0.022353917,299.223123,302.6660217,302.8678427
1246,0.006239936,0.008764743,299.7929852,302.0143887,301.5582072
1247,0.010056481,0.012060492,299.8396594,300.5582417,300.9355727
1248,0.007969231,0.047145902,299.65746,301.0683058,300.8419583
1249,0.003790259,0.025326296,300.2669272,303.5360304,304.2383776
1250,0.015188903,0.029098078,296.3560819,298.2063971,298.3182658
1251,0.001344577,0.018444895,300.9410049,304.6058275,304.3628947
1252,0.000218973,0.076215415,302.0973471,305.5673509,305.7189928
1253,0.009346187,0.027499496,298.7309138,300.9219624,301.0209243
1254,0.006664842,0.005870476,299.8125924,302.8002176,302.3475139
1255,0.008338705,0.009087234,298.2635472,300.9027404,300.5454956
1256,0.021591902,0.039895459,296.824897,298.0559251,298.1794149
1257,0.000372291,0.044584214,300.2164606,304.0002176,303.7536391
1258,0.001103997,0.024226963,301.5289552,305.7061042,307.29485
1259,0.005992085,0.015975072,295.9311253,299.5871805,299.7499173
1260,0.001160443,0.031879409,297.1332901,299.3445861,299.8686565
1261,0.002907336,0.02792102,300.3785429,303.4183654,303.3671319
1262,0.00508064,0.045664369,297.9540095,300.2131842,299.8330119
1263,0.001903594,0.03194794,300.5044652,304.5251634,306.4362563
1264,0.00225012,0.006507187,301.9767145,304.7756842,304.2010132
1265,0.025605202,0.027920767,291.0277237,292.3493496,292.4265558
1266,0.002329081,0.00698398,302.5498428,304.7497348,304.0214288
1267,0.001096845,0.03399752,301.5685982,305.5750278,306.7657051
1268,0.003546089,0.018742576,302.6472169,304.6289774,304.7761163
1269,0.000912055,0.030818447,297.392779,299.9099833,300.5781508
1270,0.008670107,0.008198812,297.9849773,300.9910651,300.651572
1271,0.000271872,0.029411926,299.3126358,302.4113884,303.3716187
1272,0.000911221,0.033145531,301.3013999,305.3053392,307.2724813
1273,0.033111721,0.041037991,297.9535863,297.9882331,298.3583754
1274,0.003441766,0.033089086,301.2669381,303.9939405,304.612732
1275,0.000842169,0.030609249,301.212473,305.328245,306.8802667
1276,0.000997916,0.035905822,300.9548504,304.78947,306.0688084
1277,0.000455633,0.038442179,299.5896811,303.0398281,303.0004815
1278,0.004321978,0.01691538,300.983404,304.1020623,304.853574
1279,0.000755072,0.08258827,299.5199708,303.1233622,302.0399835
1280,0.001631692,0.009232818,303.6023005,307.7713385,306.6301473
1281,0.003718689,0.01993291,298.938276,303.2107428,303.2085273
1282,0.0033115,0.028685301,301.0071941,303.6906256,304.2027656
1283,0.003307492,0.003019302,303.1975153,307.1751254,305.436712
1284,0.03823024,0.062375783,293.4162979,294.411676,294.2095527
1285,0.002674297,0.029220252,300.2697918,303.2271491,303.9794041
1286,0.006371319,0.014805078,295.799284,298.9459208,299.1010132
1287,0.001768351,0.026078149,294.8455785,298.1124898,299.2398316
1288,0.015941873,0.019736975,293.9827312,295.2908155,295.3010458
1289,0.00146465,0.012454077,301.2339248,305.3752502,305.0121081
1290,0.000682846,0.096734702,300.9018447,304.5995503,303.5061185
1291,0.002822116,0.008439332,303.0041234,306.485401,305.1053047
1292,0.000533506,0.041081338,301.6564888,305.3404412,307.0362671
1293,0.000535339,0.086636811,300.7959582,304.2706766,302.7765937
1294,0.013683513,0.045478909,301.0351238,304.3113667,304.6263008
1295,0.000682339,0.043258219,298.431695,301.037186,301.4277385
1296,0.00236404,0.035630851,300.4978517,303.60012,304.1958754
1297,0.008090928,0.023301362,300.0356501,303.0787767,303.5560588
1298,0.012581304,0.050816967,299.3510092,301.069738,301.230679
1299,0.000806555,0.007079854,302.5137968,303.8142747,303.84147
1300,0.000518665,0.008624419,302.7190702,308.3574496,307.8223945
1301,0.000500068,0.02097021,300.2273873,303.2817443,303.8192641
1302,0.00279659,0.029829904,301.7014704,305.3058112,305.3872708
1303,0.003759042,0.028377279,300.8715388,304.634457,305.5132637
1304,0.000921995,0.034545853,301.2349068,304.8144917,304.7986912
1305,0.030609369,0.055529415,295.6196453,296.7599453,296.6219713
1306,0.005733311,0.02181895,294.1025175,295.3310282,295.9596667
1307,0.004006282,0.031258135,301.1132217,304.7109707,305.2581259
1308,0.062886551,0.051927134,294.0439563,295.3361063,295.3923923
1309,0.002603605,0.007358848,302.632677,307.1435228,305.4373251
1310,0.017547682,0.057639792,299.2797256,300.5890197,300.5509047
1311,0.000623807,0.002107128,299.1738825,301.5981614,302.3854588
1312,0.005183399,0.023434847,300.3913196,303.6602274,303.8768216
1313,0.020560235,0.019281148,291.5638131,292.4501742,292.5640069
1314,0.002738491,0.025390282,300.2883519,303.1416999,303.0202732
1315,0.003995836,0.052157222,299.0322647,300.8233025,300.0941556
1316,0.010755226,0.021994411,298.5275338,300.8898118,301.2806031
1317,0.006403133,0.022353723,299.9343751,302.8368604,303.1167413
1318,0.000913173,0.00737372,302.6356392,305.9577046,305.4465373
1319,0.003961504,0.033780738,300.801975,303.5293084,303.9106269
1320,0.000840798,0.002568125,295.0194771,297.1279086,297.3638659
1321,0.000896573,0.030905797,301.4573243,304.5214959,306.1082669
1322,0.000181258,0.023256361,299.0919435,301.3256951,302.1137357
1323,0.009759411,0.035144105,299.2377388,300.9484544,301.1590319
1324,0.002515614,0.007674634,299.6949925,304.800771,304.9464939
1325,0.002322257,0.004097521,303.2349014,307.4625061,306.8799086
1326,0.02066651,0.031521036,298.3666288,299.7170145,299.7691393
1327,0.000599906,0.028018176,300.8148764,304.5144917,306.0059883
1328,0.006615028,0.022989004,299.0254125,300.7179423,301.0127862
1329,0.029056206,0.049709081,292.0999404,293.7471361,293.470105
1330,0.001740918,0.01709175,295.3289878,298.1882548,299.6291057
1331,0.000850737,0.046105563,300.5890735,304.0156799,303.9217381
1332,0.002085492,0.002301513,303.2505372,308.2083285,306.0905586
1333,0.003160343,0.02355203,294.9182673,296.4861117,297.3274075
1334,0.00542827,0.02146466,300.1885689,301.8699334,302.6581801
1335,0.00077495,0.003649562,297.6133411,298.4420308,299.0732843
1336,0.003788978,0.021599754,300.8989585,303.8890089,304.6480781
1337,0.004993543,0.041553154,298.9894261,302.5760098,302.5104533
1338,0.000912055,0.030818447,297.392779,299.9099833,300.5781508
1339,0.002329081,0.00698398,302.5498428,304.7497348,304.0214288
1340,0.002958804,0.02252984,301.9703832,305.7799051,305.4771308
1341,0.012085408,0.022141799,298.3886991,300.3865566,300.5868965
1342,0.042194471,0.036509573,290.1953723,291.6977491,291.6474433
1343,0.001698718,0.016610786,301.3585885,305.2803609,306.1717001
1344,0.001242071,0.024259373,300.8784289,305.2354661,306.40786
1345,0.0003701,0.037992149,298.065853,301.6847446,302.2455173
1346,0.041685,0.05488637,295.752078,296.2942877,296.4193238
1347,0.005139485,0.004728093,301.5273981,303.0069288,302.9554295
1348,0.004530802,0.034038901,300.9671008,303.7314785,304.1332452
1349,0.001675323,0.035382225,300.4612686,303.6871914,303.1777656
1350,0.003143177,0.004969194,298.1451987,298.8889492,299.1699531
1351,0.001621708,0.009986355,300.4429635,305.343794,305.7417413
1352,0.00575006,0.026266127,300.6726889,303.8931593,304.2218303
1353,0.00546968,0.018698587,297.4607966,301.8317552,302.0817478
1354,0.009760663,0.05422008,299.5403647,299.8238288,299.7277385
1355,0.002208069,0.006910428,302.3056316,307.3441901,305.8634698
1356,0.003727526,0.040595218,300.9530166,303.8606235,304.4302721
1357,0.029236823,0.02033846,295.0267742,296.5515523,296.8701593
1358,0.001007348,0.090397611,296.9369142,300.6223314,299.5931519
1359,0.000877947,0.050852745,300.8378365,304.2924431,304.5962823
1360,0.00819467,0.073464706,296.1230253,299.6499572,298.8768813
1361,0.001513437,0.018204271,302.6796605,306.0080464,305.511202
