row_id,RVI_T45,RVI_T30,RVI_T0
0,0.9406783615264556,0.7829831649490131,0.779858842634463
1,0.40154060048816886,0.6963109539077177,0.3566134340984105
2,0.9264830265947219,1.0031634821003186,0.8579530350915058
3,0.7891212446286617,0.9341501899380117,1.0828956805661103
4,0.8126564251442245,0.8419739744711507,0.7041470672929444
5,0.6840190676186023,0.5180854945231034,0.6679142122004778
6,0.7092661391371157,0.7754359706439509,0.8606358184881188
7,0.7216678753965751,0.9083521445952378,0.7551345365397243
8,0.9259585460510702,0.8635561197617461,0.660961211685696
9,0.6735438302686483,0.7244810980688308,0.8313698366795782
10,0.8917213515089832,0.7937534436664717,0.7826519986566663
11,0.8387014853509174,0.854949718699786,0.9987559585424249
12,0.9343885760613815,0.9893176078835008,0.8775119617078249
13,0.8870663752869717,0.7085159587352177,0.8702646396212682
14,0.949782309041733,0.6887884148085274,1.090206548539882
15,0.7732959828074928,0.8394614007909926,0.9946006201991833
16,0.8345688716858137,0.844463408798402,0.8103987223771343
17,0.7947664365013277,0.8371830461770655,0.7605637068559271
18,0.8148437962993015,0.9026781270579056,0.912035581815018
19,0.5428102983649854,0.7035657342311274,0.5844096515138122
20,0.77524798315463,0.6561105455504918,0.8230805203479203
21,0.6327818724289686,0.6598691272602557,0.7839325357148155
22,0.7195669097025457,0.8798506269089676,0.7169406986430328
23,0.6242694705697965,0.8279436073747866,0.7533961740557147
24,0.167035143226726,0.8273282929891107,0.2612444675060092
25,0.6423018573287484,0.599701303517449,0.6447851949641106
26,0.7762164607206805,0.8049533261283546,0.9553153445169326
27,0.8899138666284696,0.8494807099202899,0.878251118212754
28,0.7462161136042929,0.42137726846187096,0.6270926506258451
29,0.6077830406379263,0.839081996329409,0.7383075442162842
30,0.6955506350900668,0.690646663461443,0.7285740559988099
31,0.9239950893863591,0.9206614827026052,1.020510807978647
32,0.8605401162099442,1.0466876117727766,0.8146923721202359
33,0.8159393247591469,0.7050170709877165,0.6713384259300164
34,1.041072407275577,0.995288554128994,0.9174430724319713
35,0.9373149356793797,0.8628005294196666,1.182672493342127
36,0.6414650725639492,0.5431528435565853,0.6569911628184139
37,0.8778199339552272,0.8735883743173408,0.9499141322561917
38,0.7026971378478624,0.6136301274928588,0.9662296412540095
39,0.8337530564481797,0.7796146473010609,0.8494546180772956
40,0.9400647523326959,1.1386207495676959,1.1045497927950394
41,0.8781473402512925,0.9983467253154356,1.2689152436480553
42,,1.0312491692088621,0.6710086846930132
43,0.5577986851325272,0.388399698497479,0.37107509911847375
44,1.0433257038944532,0.785971217878416,0.7559532269107758
45,0.21093578578761887,0.2098404789569313,0.16769746346473624
46,1.0336530353483175,0.873807225282208,1.1824010729849097
47,0.4239412449612404,0.31930139233948474,0.317358384273746
48,0.8397485965939612,0.8236347216927224,0.8053295319941123
49,0.8729172812506515,0.8779506976619256,0.8644005735801552
50,0.37478829941035247,0.40831280808558523,0.4720669695375657
51,0.9016697481931664,0.8198171740810415,0.5424452350887772
52,0.419800039918732,0.40174363454128176,0.39162063422350935
53,0.6586496738433687,0.6989161727445161,0.8867016656577487
54,0.5482924411618074,0.3569933972470394,0.30586936313170915
55,0.6449229364373151,0.6657629644713285,0.6295247430420641
56,0.6705650481618626,0.754525959661666,0.7640814883261104
57,1.0110846121564934,1.0984057117885813,0.75982413084011
58,0.9436781950212533,1.012263123199492,1.0347822688665695
59,0.6878447004364394,0.7017636817842258,0.681057599322045
60,0.8222142737830804,0.848351093978567,0.82596992397699
61,0.9897328735821272,1.0941628506712366,0.8631230892290668
62,0.9495931347744185,1.1071299607635796,0.910546810088964
63,0.5904656380891068,0.5867251390102558,0.584600408289958
64,0.8087526605990533,0.7229369506158645,0.663419784497948
65,0.7502423321720809,0.928674722441702,1.116644537790218
66,0.7768281157932848,0.8904686031094875,1.0429280463219972
67,0.8713133723137962,0.883307856357051,1.115383792498987
68,0.9936257860697393,0.9969359290157661,0.9588120906500222
69,0.1904210548690718,0.0985794751035027,0.19963048526661492
70,0.6980239766904801,1.009725877558626,0.7639608493219411
71,0.7662346920488811,0.8980683760257342,1.053987643650992
72,1.004923409773769,0.9818296002473165,1.1801308464345557
73,0.9680552146229691,1.0142624549777401,0.9623068847245065
74,0.629196050044993,1.3835353472239993,0.5971598395363328
75,0.862919788430196,0.9372191722552365,1.0842980338919406
76,0.840883319965936,0.7672010782027943,0.6777584947138016
77,0.8755516487263437,1.0423096894859059,1.1978469643532788
78,0.7438696636271651,0.6203610215474263,0.8767162195816595
79,0.7578532220338227,0.6639703356469084,0.8063403520718984
80,1.0480379998847602,0.969733576849933,1.0571618118843997
81,1.0120413703845736,1.232582549338265,0.9911888823962922
82,0.8683993998278925,1.5116010065890566,1.488685732699927
83,0.650819969184768,0.7427502261897677,0.8507487124050166
84,0.7125052623093409,0.6710889267877163,0.977215441506807
85,0.8034473664951574,0.7561431489741877,0.906400451273041
86,0.8456030074784738,0.6687937861004635,0.8644564085364775
87,0.914007886256915,0.9722063523832678,0.7391151699374936
88,1.061575794823055,1.0260665970209257,1.0722120089917264
89,0.9184821225186721,0.836141343735407,0.8514713682381436
90,0.8158628969291507,0.7068467150463147,0.9205338045565825
91,0.9302986004862901,0.800199779618677,0.7892623609770582
92,0.9093425458515803,0.9924441413377153,0.9774269001137591
93,0.925046617543545,0.9423542277169266,0.8821664844308615
94,0.9267823564560034,0.9710786476405723,0.9318517694768703
95,0.7857279751939692,0.9163670567258214,1.0485071256426743
96,0.8540205185573564,0.9172388257773187,0.9431790011548433
97,0.7957698974227101,0.894239727762316,0.8355237605675008
98,1.0569068733447888,0.8060495884136942,0.8596620430633152
99,0.4452709329950886,0.3472860880511246,0.30527550959518024
100,0.8675914024784547,0.7333341279268244,0.8871295487732165
101,0.880613325369866,0.8112370293001381,0.9964268017247414
102,0.759308155959888,0.6962183163277136,0.7118072714533241
103,0.8588809524722358,0.6983692405062377,0.8639991007328508
104,0.5817542355640029,0.5021011400737094,0.508120088110775
105,0.8227606254680393,0.9278243403998403,0.9004812329523748
106,0.7985511105609154,0.6748540988838565,0.9574071047009743
107,0.9569883642674875,0.852758052100981,1.0592327333933451
108,0.7716640749890384,0.8304380499496832,0.7115974193002141
109,0.5623874621102206,1.002319010258035,0.865012318784601
110,0.8325960270725559,0.8684871766335559,0.8289304286498786
111,0.7983031452932188,0.9306165274614113,1.0806838566934498
112,0.839516903696846,0.700741561841918,0.8315434845439122
113,0.6741811232136401,0.7623583164591661,0.6952644525739037
114,0.751124551290558,0.6203599342630182,0.48898854836113675
115,1.0232908447547076,0.6447473177485524,0.6624449077364201
116,0.7619954834608518,0.6572769172558306,0.9998944269008185
117,0.7695049034351849,1.0014070808742035,0.8503584067187198
118,0.9911308386296517,0.7854498846652452,0.8062602422424431
119,0.9081265820444604,0.9520613894871254,0.728927857128328
120,0.7376947345553846,0.4983088538043345,0.5392595036873995
121,0.8717579061224028,0.8926197131158431,0.9109817754929013
122,0.8099212904065708,0.670003911634236,0.8567757507084244
123,0.8137136739154507,0.9541931157434063,0.944191793572722
124,0.7376947345553846,0.4983088538043345,0.5392595036873995
125,1.0087431206558515,1.0259863774775533,1.1401012944660485
126,1.009922501454735,0.9165700739831107,1.1433900113221058
127,1.0416931171637145,0.8135846257085435,0.8884113536319782
128,0.999437862074116,0.8081473515787893,0.9092654912546222
129,0.9386538812863083,1.555730249239611,1.1169186984106803
130,0.8673796266475957,1.082512998182804,1.3561740801672202
131,0.8085245303451993,0.8173737727294772,1.2211517697309886
132,1.0841361692113298,1.0399527372465103,1.0522798177979773
133,0.9768061104647767,0.7620227033276947,0.9777404708070491
134,0.8666355637579114,0.9372513209828022,1.0496352114995584
135,0.7983031452932188,0.9306165274614113,1.0806838566934498
136,0.8138725539372114,0.8505454049130442,0.8854421600528604
137,0.878911266445615,1.0565564770775435,1.0430415872509302
138,1.0160637535677493,0.7006789895961028,0.8055125793638411
139,0.9866960955139543,1.1095176685083423,0.8725651739889259
140,0.758950183404256,0.7697235960639957,0.5124587665292284
141,0.8099116989949006,0.827990076061276,0.819326935039435
142,0.9354833560327951,1.2364782644286123,0.9399335399832993
143,0.6539926629992843,0.5156333222660077,0.3665304492354391
144,0.5983795624085433,0.9333992719119979,0.9695147676481137
145,,0.9407808446095702,0.7669167364940691
146,0.840688757606971,0.8019004230155041,0.6766199365640053
147,0.8674104729562094,0.8516364323626668,0.40368194842342714
148,0.45950635553853303,0.41468701777939626,0.44653073542306343
149,0.6534262761483365,0.8001013815716755,0.6858976302495116
150,0.6958877237885304,0.7191445526685626,0.9290751586548307
151,0.8386983055580421,0.8543047131982424,0.9736447210830564
152,0.9192128471480577,0.8302684942472031,0.9361071303663073
153,0.6810975908827256,0.7565534794780102,0.5152022645996545
154,0.7851557395317279,0.995100070211652,0.9695138390646573
155,0.949281557805038,0.6979207533511751,0.851422446896076
156,0.8495499763087072,0.8729074829219319,0.968422430745685
157,0.9150551811294205,0.8664053156838885,1.026380726716812
158,0.8421779896026638,0.8985859382872947,0.6716177126827689
159,0.9057030639479374,0.8095928524984499,0.839981714256846
160,0.8121339965583936,0.6463051479494145,0.8301372808727734
161,0.8006523742060909,0.6689774443135188,0.4066112680219774
162,0.8271624351857602,0.9241740732445672,0.9321360751041176
163,0.82071464537484,0.9703789583071134,0.743427391603579
164,0.43093455428582256,0.4290585932012877,0.4208550384701681
165,0.8262270297577766,0.9656350832526536,1.0049761375505637
166,0.8988594096139981,0.9429087726265257,0.8652827359727117
167,0.8880990115010539,0.9744750247327207,0.774193355031888
168,0.671806820439622,0.7764090731498535,0.7179458473222667
169,,,0.40140796686640096
170,0.8233991950323345,0.6148222471509012,0.7848738126296306
171,0.5732631008115948,0.4334459978740636,0.5183507192864553
172,0.9551984698311694,1.1401125511071304,1.0357685470116325
173,0.6986533156656958,0.7224139041891069,0.9201606862204003
174,0.6917352370332952,0.8444943642437845,0.6818432043498343
175,1.0105922721290685,0.9576521290069724,1.1271295616025074
176,0.714667760026559,0.8945584369912338,0.48856261916624033
177,0.7534004995507724,0.8648854587052369,0.8198004621403998
178,0.7483658901573589,0.51167276971956,0.49642761552489895
179,0.8162639514574934,0.9828128751079506,0.9136723905828429
180,0.6820757326446423,0.6300623057669602,1.1896894740249124
181,0.9026352759326526,1.01575596382275,1.1445036113825038
182,0.8669290244065424,0.9786568333175459,1.0595539066145323
183,0.7653842270990934,0.704973215138432,0.8926817915323497
184,0.7354729677865095,0.8783736696537182,1.0724196902060745
185,0.7090414676621173,1.0424196419225908,0.5762161399435642
186,0.9064218543551443,0.8915820539157561,0.9428196808655642
187,0.9945511196384924,1.072668870425621,1.1691669893211962
188,0.9229047008293136,1.06957376676741,1.0699514454053471
189,1.1245593061271406,0.7057956058535196,0.9095664033678278
190,0.9110400906655214,0.7847578722598971,0.7409759312005895
191,0.6416083845401912,0.963363383807396,0.6411373296506209
192,0.7542997208812873,0.7941494429970697,0.6915475854972107
193,0.9169745237887226,0.9660183149273222,1.0097036826784695
194,0.8683531810595919,1.041586668631904,0.7516924425401461
195,0.963881741041778,1.1031740499242244,0.6426751047202002
196,0.6786073240760468,0.5892181874967756,0.6696368475089431
197,0.9983456521945171,0.6512523698282464,0.9070424121491734
198,0.9130514910437542,0.796551204269557,0.8850664987676432
199,1.0445805579011056,1.0380331256082638,1.1877783676365425
200,0.6733829396703881,0.5255414659537526,0.5755872282460369
201,0.7984124450084414,0.6586893052171272,0.7528159475115243
202,1.0150542700140512,0.8157197647562308,0.8631876223749415
203,0.38121842886538493,0.4553502523548296,0.4690276492862402
204,0.9217734915104057,0.8954241711642309,0.8066982115117803
205,0.9395692642146043,0.870922068792843,0.7708855357930166
206,0.9804790444656067,0.8851563385753709,0.9650716864227142
207,0.8593654064032838,0.9223997412419578,0.7366342013792453
208,0.7674954678530252,0.8755971521848034,0.7441499788524927
209,0.7416327196110091,0.8981952205681829,0.8135613595964832
210,0.8129957099885069,0.7605663970973621,0.906369462737022
211,1.1824158063969712,0.8736971786505571,0.9874263729711389
212,0.7095993358061214,0.7797596347811855,0.8248603410165871
213,0.854348132626827,1.0990524610783559,1.0253821847122488
214,0.8967373946232826,0.700769696584072,0.5419416155225674
215,0.8261777598020952,0.8029198352917715,0.9192964650568752
216,0.6149363784758546,0.8881250561125212,0.9585996530030201
217,0.7208567439385125,0.7880718054730929,0.7405499747991139
218,0.8876277302134797,0.849711586286763,0.8065847225971199
219,0.9826771424387328,0.8655011290941135,0.9349712499420643
220,0.838492647794757,0.7971307659538646,0.6906283278798038
221,0.724788931393571,0.622254180055251,0.7931712490532303
222,0.7782656277950113,0.5913303965682581,0.7158138409520143
223,0.8209386607064557,0.973119853664836,0.8714229652733224
224,0.7501572895043677,0.856566825346866,0.8050264280875514
225,0.8010059612819814,0.8612628523094906,0.8358409249792746
226,0.7623106616004199,0.7924762641817831,0.8932991674910515
227,0.759918208232756,0.8935477590715518,0.7125229600014289
228,0.9809002840271466,0.9312675109443704,0.8720022940198218
229,0.8932806974793019,0.9288163483212144,0.8269102192939168
230,0.9447418788846379,0.8393553298037395,0.828481852810423
231,0.7766783801506197,0.7793619483152527,0.7335524969005546
232,0.9246550440263357,0.7456000677894815,0.691033674833484
233,0.5890393634013722,0.572274573132619,0.5396640163504012
234,0.8418860625590534,0.7499326079647565,0.8521762557996032
235,0.9570735065203961,0.9110338648242171,0.6781721713815902
236,0.8019139957957984,1.0036115954038372,1.0662640041016382
237,0.931810424322661,0.985669113185432,0.8936844310756205
238,0.5527492840257041,0.5790261389614313,0.4736861799660824
239,0.6102682610666386,0.5832688380025598,0.47099349236981103
240,0.6780908512205992,0.9570026513822424,0.8192944836446169
241,0.8497791604553767,0.8460730436345892,0.831190987172553
242,0.9217734915104057,0.8954241711642309,0.8066982115117803
243,1.049074753933283,0.9572671425213873,0.8517661207267646
244,0.7491074339064266,0.8406240906475289,0.7531936005416545
245,0.8316586642245928,0.8753430363128517,0.6869803239971854
246,0.9406009491291498,1.0284673296250728,0.9554901775583818
247,1.0550230943744578,1.0440928857999525,0.9610606448328816
248,0.9277523645484693,1.0474448125639286,0.8890828840701981
249,0.7100668177232465,0.9557643208796178,0.9152977135092137
250,1.0320764520300694,1.0509941581193225,0.9095677279051618
251,1.032285834732596,1.1930652105055772,0.9291265921306483
252,0.9821460400454342,0.8482178493654242,1.110803078549792
253,1.0425222174286144,1.1495529122086743,1.0083458681908573
254,1.032285834732596,1.1930652105055772,0.9291265921306483
255,1.0425222174286144,1.1495529122086743,1.0083458681908573
256,0.984138868283196,1.01352284913516,0.9824272168149352
257,0.8137136739154507,0.9541931157434063,0.944191793572722
258,0.7491074339064266,0.8406240906475289,0.7531936005416545
259,0.8846866713459574,0.8073919276113514,0.6979088259383989
260,0.7171422463959866,0.8516441072267192,0.5488367284350323
261,0.6038400516927862,0.5862477079997318,0.6091180981524937
262,0.7355710946301782,0.6177058257647622,0.9863982796071703
263,0.7988447002357429,0.5863810038363917,0.8598905617078775
264,0.8909062326483685,0.6829087364241853,0.8185844698314843
265,0.7342124817785416,0.6904541683471052,0.665859173136604
266,0.5574651899597916,0.9466008635747943,0.7372645943586039
267,0.5352393041060844,0.7063564309954226,0.7205953378899702
268,0.6409074309856366,0.8180988444581825,0.8150974789767584
269,0.8754109283733577,1.003466263933664,0.9592923876563735
270,0.8573183704276603,1.1419098092849438,1.002752982768697
271,0.7071438850348304,0.6794728309519703,0.5957139978860752
272,0.7516163937474686,0.6474904451776696,0.7475346708658759
273,0.6816699929550922,0.9230728816438879,0.7202874951704769
274,0.9965989318940051,1.0114339152933267,1.1398322621383843
275,0.6950147936544363,0.7985417644074366,1.1242762106911077
276,0.9836422155172472,0.9241640943098426,0.9293611284587548
277,0.8342045381254015,0.8118198246000654,0.8620591256900582
278,0.9057028266226809,0.8866070971661528,0.9384218638849884
279,0.7452216353898868,0.7099364575319076,0.9390604959438833
280,0.9046203161549238,0.7968330076677974,0.7588590011015697
281,0.9836422155172472,0.9241640943098426,0.9293611284587548
282,0.6508142838408373,0.652240297062952,0.6858065285744405
283,0.9836422155172472,0.9241640943098426,0.9293611284587548
284,0.9143502337427796,0.9607988524140447,0.7894792478257359
285,0.7276305945392902,1.0332339255682927,0.7860711735107383
286,0.9248714936568241,1.0406463764045415,1.0256300604572741
287,0.9617703093328795,0.9428973350388594,1.131689259216028
288,1.0593351147986552,0.9628127798714424,1.2002444697655597
289,0.6444124583598212,0.9732815593875337,0.716884508178958
290,0.8321110159441243,0.7838731481301949,0.9948350948960549
291,0.4078296376297466,0.4651237413074361,0.31520396021482494
292,0.8626394679036257,1.024235054401375,0.945882058663848
293,0.8936940045444348,0.8638811524260523,1.2087393039920395
294,0.8244002307884373,0.8635267973902055,0.8615305029841331
295,0.9186745029676957,0.8848920313588752,0.8031417871594415
296,0.8721443430310678,0.7476814326987329,1.0305077559988363
297,0.7643658952961869,0.6504928507186045,0.8080607411178378
298,0.7020727263876809,0.567515031307781,0.7187460071760865
299,0.6692756596261153,0.7800153422532891,0.9122777251092713
300,0.7541862215041042,0.8541880366130189,0.5467377080184995
301,0.6960435029412106,0.9439797628668478,0.8693104038258921
302,0.669303525015471,0.6708217689677266,0.7831842012012343
303,0.7560476858456342,0.8849492386748277,0.6863328572365419
304,1.1870251899125694,1.109763727822381,1.2792662511296566
305,0.9772675409021522,1.0575330770514344,0.9756338060005627
306,0.6572462830946079,0.6966810883056899,0.5712484501047499
307,0.9498945385107332,0.9800295847099876,1.126193895564063
308,0.7743961201859847,0.5962154582033591,0.7603949745399581
309,0.7815541360223752,0.7528210703087589,0.4253293847826927
310,0.875256086749595,1.059253742641441,0.947509680572631
311,1.0013690196062346,0.7459146248949319,1.0710608003425985
312,0.9338698704226012,0.9019607335375506,1.0540551043567317
313,0.5917170975862669,0.6229668574021803,0.628661051871045
314,0.8839997069777146,0.814678931461218,0.7718641676423368
315,0.7603346484662185,0.6707856611670477,0.7787287358027364
316,0.5100627751454798,0.4771420986452611,0.35431139816907686
317,0.5611779987077076,0.40226766722228924,0.6279814956791625
318,0.5686524039441021,0.5073201731206152,0.5194547415933094
319,0.6695966168211618,0.7807742198497097,0.7600668732434388
320,0.9210247144710526,0.8992885228392447,0.9698939736304081
321,1.056238594243093,0.7713070906968245,0.7568582811595816
322,0.5625227073864527,0.46643237163220175,0.3452610707568462
323,0.8411872997944516,0.6780353850460079,0.5099141820642965
324,0.7100786124366911,0.8911365710609926,0.8479550668095134
325,0.9944017670025953,0.8982311709440074,0.9330053853219942
326,0.8495866663048182,0.6001284206198207,0.6447332187288682
327,0.43304851594713867,0.48914999493781214,0.4707694735689419
328,0.5744680117363448,0.4780873401128094,0.4169785972791083
329,0.4842790619655635,0.43437719436143296,0.526884730940348
330,0.7518794314711574,0.6335546624165458,0.9226511584573109
331,0.8909761621990074,0.8467872423909306,1.0449075424255858
332,0.8352158833258505,0.676077693941321,0.8456186515582077
333,0.7762324256839483,0.6822247702395594,0.6509642593577258
334,0.7613923346608622,0.8598884454541429,0.7409300731216764
335,0.8257119814206664,0.9201355519243661,0.8487555396975508
336,0.6964155725521316,0.73434112210249,0.5377822387192557
337,0.8061557680541153,0.6976519534244194,0.6722294161600708
338,0.7436002467069165,0.7697746030871077,0.7904477890008275
339,0.8280122182920376,0.8618032758966022,0.7825611096564109
340,0.6495886582462168,0.70499019386012,0.8411475513797853
341,0.6774593509167798,0.7562267898035929,0.8705275827844925
342,0.8722029377152841,0.7953466670343654,0.7354575093765562
343,0.5236174395772752,0.5160536065381764,0.5693655764644342
344,0.8639547961458759,0.8760272666324628,0.8231103098007784
345,1.0292860134806945,0.9218887148667616,0.9472132405324217
346,0.8551867941678931,1.0842246915560767,0.9697108226219234
347,0.7520003955323109,0.7833303108987266,0.7078064370528722
348,0.847354518054654,0.7807563214102465,0.8458672073313955
349,1.0853431427272426,1.0436853066821217,1.303930366095981
350,0.8551867941678931,1.0842246915560767,0.9697108226219234
351,0.9784017463402747,0.9429235682005748,1.094451879933668
352,0.7992255323109487,0.8467351489987902,0.7678171390781738
353,0.7423972361003699,0.7843685257590542,0.6131783176321441
354,0.7598016995568843,0.7723033180777328,0.6864102397731215
355,1.0292860134806945,0.9218887148667616,0.9472132405324217
356,0.8021174042493033,0.9855223711104077,0.8200370392809203
357,0.8717023160045878,0.7172203773122579,0.7623006054775979
358,0.7556484276227906,0.815671247389911,0.9119975635216696
359,0.8070322276336304,0.9822945046887099,0.8680054319070452
360,0.6967818530036824,0.7518805501618383,0.7223365333500108
361,0.6409074309856366,0.8180988444581825,0.8150974789767584
362,1.207181228847045,0.7518180918572266,0.7048410960732898
363,0.900742830013836,0.9526828208139917,0.7887330424483812
364,0.8224759360245972,0.7369469691882917,0.7140841637342777
365,0.7828721099035298,0.8017417658194452,0.6214471013058714
366,0.8551867941678931,1.0842246915560767,0.9697108226219234
367,0.6801861991088128,0.6457434615287029,0.6414944965984399
368,0.7116211191912722,0.7404792321701008,0.46598858185314157
369,0.8536410829994749,0.7475126866790072,0.7371760511206568
370,0.7560622516608908,0.592041708372181,0.717912597474016
371,1.066297996235209,0.8935010522449818,1.057521941678646
372,0.8323839179835876,0.6472011677829344,0.7062461699537782
373,0.891568511093835,0.6661830300960813,0.6470474670503197
374,0.6359346419189897,0.5063859078299836,0.6194626827313725
375,0.7797110052852365,0.8570261960970265,1.0261552586034248
376,0.719376814616266,0.8690935872635778,0.92168704983882
377,0.8929947027209424,0.8956959824052054,0.8574241065678422
378,0.8080874383567773,0.5761927820631298,0.8071617285417825
379,0.8500379063394532,0.6962872814669814,0.5726154168246531
380,0.7828838149053632,0.8138084595759836,0.8192433728470498
381,0.3685059295729096,0.3741113149474616,0.3340166493198555
382,0.5220643651980662,0.34709952987931636,0.37090111906615514
383,0.8516995961066574,0.8986471694973526,0.8692844168216372
384,0.37348868390143997,0.395149659157756,0.46819245779889807
385,1.0013352218641556,0.9828057373820379,0.8814554403025803
386,0.8153041508955396,0.7982719026089463,0.7671690504047448
387,0.713593186030639,0.5973527242971323,0.48709985702947084
388,0.7942024943199364,1.0536910805621926,0.89191971727205
389,0.7850669713168538,0.7459086946975872,0.8345520679049523
390,0.7898366306578698,0.9073139806123671,0.8799932543075322
391,0.7021064714755796,0.6744601966185678,0.6932556170797486
392,0.621289080029326,0.5975251695570724,0.790216724459541
393,0.8151205611858194,0.7386842228220367,0.261724287512628
394,0.5127387560439356,0.5735586656495593,0.4157849993783628
395,0.9725462610920408,0.9988835172719763,0.8501894492726472
396,0.8916864982739059,0.9135118794649815,1.1369257329609013
397,0.5520817088923837,0.49477871346148367,0.5701011511459151
398,0.7590171155625882,0.8888443413065319,0.9355180864979862
399,0.4978082667492467,0.40938059903920465,0.46340663371463864
400,0.8376656187960072,0.7734279252878187,0.9122786312633988
401,0.6539294361439314,0.6300752069969161,0.558045715789908
402,0.7564819541099705,0.8920435042524159,0.7729001553102777
403,0.8551867941678931,1.0842246915560767,0.9697108226219234
404,0.7840633317325123,1.0785886757374958,0.8995971008852774
405,0.6870078010290104,0.8389170985318382,0.760200882849185
406,1.073805734637631,0.8759596770686824,0.8823834952234977
407,1.0292860134806945,0.9218887148667616,0.9472132405324217
408,0.5751975016452688,0.5475550944875243,0.4754420553032961
409,0.6740570686782247,0.7844040206060067,0.8379870291491959
410,0.7114914483018826,0.9933357561165008,0.6534851544059683
411,0.7537693450415919,0.8710997917813826,0.8817819507694404
412,0.8356950367243055,0.8656345192311662,0.8460810523716571
413,0.31841478186016225,0.35787978254916475,0.4092893120074471
414,0.8184354433899659,0.8644104606221253,0.7737320681914364
415,0.5301883380156756,0.48853798563150674,0.46448000495881525
416,0.532662092762205,0.43489697174301295,0.5011940756701863
417,0.8391146921133738,0.906151256317864,0.8479291481797533
418,0.5065249703904359,0.5448783628128522,0.48093017827506845
419,0.2890852298128191,0.27945625328544527,0.3463824756004267
420,0.3617578978690147,0.2925975124725746,0.3103842783405457
421,0.9840373808337104,0.9676051261598714,0.9201601768963482
422,1.173078863007798,0.8718593809861006,0.9605832210240154
423,0.532662092762205,0.43489697174301295,0.5011940756701863
424,0.8310620794264072,0.7229110005419632,0.7054208138113356
425,0.7347869916120229,0.5627851035644292,0.8010202405845618
426,0.6329509926261436,0.6926696297988397,0.7126577365776579
427,0.7273549761166505,0.8166422719092906,0.8743969628812903
428,0.7238679349864034,0.833472894970864,0.7884136571195905
429,1.0649719738106374,0.9364876383541327,0.9068690146426047
430,0.8157325120407704,0.753601512487245,1.0175403167841326
431,0.6821407620066142,0.717997208961028,0.47716105658484076
432,0.7395913068852742,0.7911725494900369,0.8807000030639462
433,0.81856426580554,0.8927641796933727,0.7665491193962661
434,0.38932506658183963,0.4679453019106308,0.5528288731788864
435,0.3382125734508602,0.5120355330477318,0.4609222440010341
436,0.8552924769052409,1.0603437180138156,0.8327064126366491
437,0.9815799721327179,0.8911958364481878,0.9828272281339876
438,0.6740570686782247,0.7844040206060067,0.8379870291491959
439,0.7445737446885909,0.7497345120733071,0.9459194123724843
440,0.7692888812522876,0.6777312982170263,0.7100628020421959
441,0.39637367845541893,0.33800073897336524,0.35629970860243343
442,1.1909332208919903,1.088672841830887,0.9580522936919421
443,0.691683299560341,0.74794699866741,0.7499043328949034
444,0.9230742613309925,0.9420203244429359,0.9665520474248186
445,1.1087060989795097,1.0604524585959858,1.0002978568693046
446,0.9360108477184695,1.044763402028376,0.9416569333677465
447,1.0692405616298775,1.0758111285860243,1.0700694311751435
448,0.9498726253370814,1.0389154746763942,0.8211560535366266
449,0.769598450066479,0.7313282617826388,0.8355697860789766
450,0.6663999348282004,0.534577097431864,0.5609891182892979
451,1.041928676781837,0.9080343026477731,0.8834470664408501
452,0.794837427327743,0.9389824514627314,0.7754838361310868
453,0.8308154987019457,0.7697796970800062,0.8082994747995613
454,0.9917067225655991,0.7439614697020083,0.8960003202363062
455,0.8554608043389589,0.9837881864747957,0.976255628911299
456,0.616227388197651,0.7080651991516328,0.8139598674555572
457,0.9146164540390977,0.8674796294580158,0.8375859826495289
458,0.5218796000080184,0.5489842535570683,0.45732837955641875
459,0.9118250532853216,0.9261817610602597,0.9471858339554879
460,0.8186366989002392,0.7406837612106424,0.6825734074707251
461,0.7963977259603057,0.7933673699853754,0.9311299940690723
462,0.8490527270670045,0.8198605184428206,0.6116020054009603
463,0.2580651330912807,0.260617906230929,0.2057623637250347
464,0.31257041970399424,0.3182960221527825,0.3235400783110896
465,0.8909260634592873,0.8881572784925593,0.9145562998897315
466,0.8465785703968293,0.8575558811691086,0.9139307442245225
467,0.8867957825560622,0.8123281516294806,0.9070742743324354
468,0.8796193811475717,0.9342486780807003,0.9372480601154561
469,0.7872348575946904,0.7852330186017056,0.8165301325793441
470,0.6044890925584969,0.5416960404887783,0.615652060687491
471,0.8270568632766806,0.7890585750902237,0.6909820639683525
472,0.8975549535673771,0.908495057704217,1.1203218438864908
473,0.5654606107956708,0.5098972882418527,0.5657091258476444
474,0.7609260640000721,0.5510445244858175,0.6613783791083767
475,0.9788341139639122,0.7801906584326055,0.707332619656953
476,1.0170404741147825,0.664115263855331,0.6514965226119889
477,0.8628665922186415,0.8973381594014445,0.8905439048092129
478,1.1582630759454868,0.8435559028079861,0.9627292663882623
479,0.700592907122316,0.5815826493798821,0.590860928132572
480,0.8037660970096914,0.6172643042694146,0.5374377466791522
481,0.7310834664704017,0.4810670167040409,0.7023970200562663
482,0.48875005433783847,0.6017833731297265,0.45986270998493994
483,0.29432790107297346,0.5222908337840468,0.3660253861856861
484,1.0133801757914425,0.8286009181520438,0.9207614733445618
485,0.779274179529756,0.8952516071894958,0.931305596099663
486,1.0303142946907757,0.8438819923330174,0.7766380198642324
487,0.6299445890280111,0.8056096972224256,0.5741827682733364
488,0.8254684476524736,0.7692914628721602,0.883392916855688
489,0.7172858435444328,0.8359980776530038,0.7102365529709681
490,0.9047674386887157,0.8253056596552503,0.7072381399989505
491,0.8006724467123281,0.9035629351950416,0.7881178444260215
492,0.8847379745071919,0.7553643774668802,0.8348934955889515
493,,1.9101899464769132,0.5415299823784311
494,0.565496496761968,0.6012895010502481,0.6853801729035541
495,0.983674464180331,0.9215168140836385,0.8337893560806032
496,0.5103343315845141,0.9282957430720634,0.9158564215575596
497,0.9573921383594728,1.0220456322500513,0.7781744930483153
498,0.5031911472824854,0.49638820103627956,0.6223610943904812
499,0.8931097593842559,1.1019347493281564,1.0706027243415428
500,0.9176889288398904,0.810744687532576,0.9606575196120962
501,0.78502196015381,0.46209342399083436,0.42272088769647465
502,0.6750001192179969,0.91607238600137,0.7969795290793577
503,0.6659653074241239,0.500348037974508,0.5719664880904667
504,0.6853639162059778,0.6332463659869118,0.6554489461247652
505,0.47976509808883105,0.4337924864760802,0.4099775545522678
506,0.5814060311229107,0.516975348680985,0.5385739840288397
507,0.8857299188070245,0.8477196827349045,0.6022529064960673
508,0.9802372590716968,0.8639817325104047,1.0819571528914782
509,0.4530538767381951,0.40322416401896166,0.4454402356371052
510,0.8490625433769369,0.6566462500704685,0.9813894522809727
511,0.5956750029125403,0.6359813510282546,0.7892811627862026
512,0.619989774960324,0.7304281580718284,0.8314497496236952
513,0.8648402820137052,0.870110958684953,0.8856888049924696
514,0.8535285910545813,0.7195398406197564,0.7838346079428312
515,0.8189263278497133,0.48359998638410095,0.6729796418658252
516,0.945436099039471,0.5808388275292008,0.7949521028400218
517,0.970756441747446,1.1240578146983808,0.8549200159726533
518,0.8532039025666964,0.9207613813995772,1.0613197050118046
519,0.8787042383341794,0.681681748454631,0.9588952858783052
520,0.8725132912848022,0.8572830582813736,0.8643115667587961
521,1.0686596738890983,0.9475942779180009,0.9682348063235946
522,0.8945532730384591,0.9828668145466044,0.8510784701542824
523,0.8564382000817943,1.0107179868962421,0.9396610633901834
524,0.8628130360363784,0.8711659314712454,0.8892598993445019
525,0.8273066008533154,0.6834581845727109,0.6383345678664395
526,0.8565414101535669,1.0251031007887152,0.8963570064828145
527,0.8674210384433428,0.710404959112476,0.6638403833058656
528,0.7717242796376256,1.0048071215191625,0.9551389381994082
529,1.0468834061771228,1.0117859749226195,1.0763257903451533
530,0.7698436523542335,0.7369883288895027,0.6812945883375611
531,0.9558029864906691,0.9733156740911059,0.9600186778754535
532,0.8760880433842,0.8485102972984986,1.0361982068199036
533,0.8817621633319541,0.8807710563174569,0.9516802643315899
534,0.8462108158252577,0.8741503279135877,0.8694886689898237
535,0.8076229441490783,0.9123478093143995,1.004048183895214
536,0.8193398107867749,0.7652974606130247,0.9335079311059868
537,0.7462920846036686,0.7182676910338281,0.7783196805944863
538,0.8944125754150801,0.7725871042348524,0.8892261717148742
539,1.0911038774832018,0.8889608664266607,0.8927627174667905
540,0.8251927553742914,0.9716590696118883,0.9571492550976677
541,0.9895494009370794,0.9363924730637517,0.8971065266744132
542,0.9251431971389994,0.9958957339648042,0.7813723441324348
543,0.7698436523542335,0.7369883288895027,0.6812945883375611
544,0.7453253472580513,0.9528518103655618,0.8246197061626754
545,0.8532039025666964,0.9207613813995772,1.0613197050118046
546,0.8244002307884373,0.8635267973902055,0.8615305029841331
547,0.7762951124350878,0.8989004477106018,0.9713501326455041
548,0.7717242796376256,1.0048071215191625,0.9551389381994082
549,0.738098037288734,1.0611143651171073,0.8746839762725792
550,0.7685947013556899,0.9238091465319491,0.889681457258758
551,0.9536121973631184,0.6498375584960256,0.8581058360467104
552,0.8379497643472076,0.876404477704082,0.8399580418804463
553,1.214764083680846,1.0211666494922256,0.9996918706607781
554,0.9564123838208767,1.0102657366308119,0.8969621771131189
555,1.1158062237470174,1.162138070920122,0.9477696540970614
556,0.8290840291749358,0.7945871632546133,0.6665819423997353
557,0.8193398107867749,0.7652974606130247,0.9335079311059868
558,0.8347277707479459,0.8347387334333145,0.8565073550524772
559,0.8322547245702268,0.733887247222653,0.8871442374291978
560,0.5717041485426365,0.6747683613359511,0.6018163034070066
561,0.7399128803660692,0.8533986733556583,0.6777980636070186
562,0.8401314461143596,0.8116186673292001,0.7006757743406556
563,0.574836654539063,0.5424925461135408,0.5619022663625834
564,0.5333191353773741,0.552374054644639,0.45040774825595015
565,0.9810699596450365,0.8181391516322009,0.9899890386203976
566,0.4465309147166595,0.5362498222036065,0.6281799043204779
567,0.9698692127646081,0.7288503438925937,0.9082882955084544
568,0.7116211191912722,0.7404792321701008,0.46598858185314157
569,0.6367854994044723,0.7543013952592701,0.5417118829634061
570,0.709735084574088,0.5511844795697769,0.6854547069239018
571,0.8818370337412695,1.010892069037706,0.8340227188956845
572,0.6675299740408084,0.5119714973666618,0.6062087803161321
573,0.8283193277122495,0.9072032347708882,1.0158049014552162
574,0.5770710324255447,0.5263452096087216,0.5164817375711421
575,0.4162714375545118,0.30336501263071325,0.4754606250309251
576,0.8755474580215072,0.8869895133974905,0.8968094268061466
577,0.8755474580215072,0.8869895133974905,0.8968094268061466
578,0.8381200007309113,0.8827128081561385,0.8572805050814121
579,0.7529890784308217,0.8508194704727741,0.9489635556877966
580,0.9400866003183496,1.0442667777098291,0.8735824533158698
581,0.7548855497831152,0.6770008379828002,0.8209813773292246
582,0.8246442139246686,0.9828582565753687,0.8445094153153441
583,0.391944484648001,0.22553567630002946,0.43724768226230903
584,0.9469259253967494,1.0269891417990835,1.0308434292079405
585,0.7368867183736505,0.7913018807401353,0.9056889705808066
586,0.9795671582220815,0.7807585359747704,0.7410927008141981
587,0.9288324182567527,0.8902641484924598,0.7187123506570224
588,0.8513122662624482,0.7959524852534074,0.727235829039612
589,0.7968616544602243,0.9078146807675993,0.7518350533008559
590,0.7873323182841303,0.9286430476452754,1.0067213923748082
591,1.1040261325238954,0.701184949958759,0.7548576626463726
592,0.8801637471443069,0.5161500202066766,1.0940402142674848
593,1.0340332869876478,1.0074583511742337,0.6740307511829868
594,0.8828026951478579,0.8584710449632156,0.7635232030994288
595,0.7317900828744903,0.7507025159876424,0.7891560756010548
596,0.7190078765604893,0.8931864970816468,0.7745349748970705
597,0.838181624915741,1.0525965999121567,0.9132886420225412
598,0.7290728642171467,0.7796175209200022,0.7586346769865766
599,0.8016176627107542,0.9834881657796092,0.9617885169850913
600,0.9026581152603534,0.7333721919909479,0.6532664426754209
601,0.39637367845541893,0.33800073897336524,0.35629970860243343
602,0.9543272821127813,0.8317855872129863,1.0023913275031286
603,0.7679338640367901,0.8086097452100933,0.8855122726860236
604,0.9838252195650157,0.9718308737188956,0.9741082162384335
605,0.7363927350899782,0.860511650138058,0.6903573100300289
606,0.778514471982815,0.7665951294695525,0.9421106528543137
607,0.50882439962581,0.6310281035089658,0.5871003506559374
608,0.6669722734663465,0.5639263395210399,0.5440466116520846
609,0.94966098012228,0.799786361144823,0.9649490950010422
610,0.5254711686483329,0.3713086211656168,0.607195619054377
611,0.8381200007309113,0.8827128081561385,0.8572805050814121
612,0.9103844428328687,0.7876725446068437,0.8722751415424593
613,0.6367854994044723,0.7543013952592701,0.5417118829634061
614,0.9764998491530917,0.9419176706892074,0.763144905595199
615,0.6324008127984377,0.4827047866855318,0.45059520020778404
616,0.5254711686483329,0.3713086211656168,0.607195619054377
617,0.5244532534790758,0.43982035443817297,0.48724888941190325
618,0.8597763201816772,1.0416077024930803,1.008949030727234
619,0.5694211245682768,0.5903474683307353,0.6065686461543025
620,0.6514624925923138,0.8676200983590672,0.9251319867253495
621,0.93993353597883,1.023952625791166,0.8383521187909618
622,0.9920961040657125,0.9779030810617413,0.8379387452794538
623,0.9792471294089276,0.9462056590553579,0.8443618335908641
624,0.7379058557814251,0.9486025865674981,0.9347951131727656
625,1.0107967537378855,0.7825030525324167,0.8074070239760499
626,0.8381200007309113,0.8827128081561385,0.8572805050814121
627,0.9340105734317388,1.2446950374040364,1.0500965100528483
628,0.5254711686483329,0.3713086211656168,0.607195619054377
629,0.8001415604723152,0.9844640982269441,0.6994623961417398
630,0.9421245450423015,0.7157544703183825,0.8833447782060727
631,0.6652600878328743,1.1360137415322829,0.7064139061933896
632,0.7289248902499246,0.73206796538991,0.9024374444160025
633,0.9187305438054237,0.7573196902101761,0.8941611260020548
634,0.5732922510384091,0.46830667824188227,0.6267188386360545
635,0.5165215774726932,0.6223379312093079,0.5941731745623693
636,0.961944622418267,0.951571838090334,0.9753816630986641
637,0.6669722734663465,0.5639263395210399,0.5440466116520846
638,0.7961151609872239,0.8345033685878787,0.90794013887437
639,0.8570079433540053,0.7682840076600266,0.9268462400090767
640,0.7096938084812194,0.6547578097552487,0.6852598648795062
641,0.8322582830656051,0.8522097436205156,0.8728442100418116
642,0.8313595659797155,1.0010262357539514,0.7619472253769275
643,1.0911038774832018,0.8889608664266607,0.8927627174667905
644,0.7651154831915046,0.7473544387885024,0.926051384097594
645,0.9235806850084975,0.8352254065650415,0.8833259444821574
646,0.8076229441490783,0.9123478093143995,1.004048183895214
647,0.8193398107867749,0.7652974606130247,0.9335079311059868
648,0.8290840291749358,0.7945871632546133,0.6665819423997353
649,0.7717242796376256,1.0048071215191625,0.9551389381994082
650,0.8309959019662191,1.1322941463584018,0.9298989351881493
651,0.679020861838477,0.958799420240697,0.6935437253378666
652,0.8817621633319541,0.8807710563174569,0.9516802643315899
653,0.8702900474703763,0.9182155443378055,0.8189259903893382
654,1.1158062237470174,1.162138070920122,0.9477696540970614
655,1.055144606517582,0.8159225049800805,0.6723752451975887
656,0.8290840291749358,0.7945871632546133,0.6665819423997353
657,0.7199098091069995,0.8222075315152679,0.8294446377305466
658,0.9388275280620964,0.9177601544186847,0.9290196790653389
659,1.214764083680846,1.0211666494922256,0.9996918706607781
660,0.9397849154084048,0.8060993552127671,0.8943841792189162
661,0.7409491657572032,0.8069906549627662,0.8026363629273393
662,0.6583031624259618,0.6862410207703945,0.7368508297701067
663,1.0324009383321222,0.5772456387607193,0.8682822226525202
664,0.8031925640525157,0.8423753413665311,0.5623048548937344
665,0.8031925640525157,0.8423753413665311,0.5623048548937344
666,1.108248342305499,0.8409893062128254,0.9242759065835934
667,0.7425875424026376,0.7766772774777349,0.7153604978817042
668,0.8597763201816772,1.0416077024930803,1.008949030727234
669,0.6652600878328743,1.1360137415322829,0.7064139061933896
670,0.9010153853662775,0.8745664360869381,1.019177114408639
671,0.9195377558444746,1.141366488821366,1.013671392434544
672,0.915733070945834,0.9118402554317859,0.7446630008448303
673,0.7211869391060044,0.856573818899913,0.8720268858442347
674,0.4526298410632125,0.419125390332574,0.43947494096374257
675,0.6092309287029847,0.6013427795537111,0.41382372642582876
676,0.8928447438737996,0.7421415050451203,0.9094540133679041
677,0.48125933618206934,0.40941354434871335,0.3675804230653447
678,0.991609302816413,0.9418732123684057,0.9293831210979715
679,0.8897522203094502,0.7910353174475662,0.9101773385773785
680,0.7431604851044361,0.6966967039844114,0.76781085916227
681,0.48251380008497424,0.41061466597579616,0.4348225430870704
682,0.8246560326004684,0.818937624454775,0.9103563291396994
683,0.8231657560953168,0.835481376198258,1.041667924512381
684,0.8864597804110961,0.7165157739100133,0.7839687217867437
685,0.6622380247123124,0.6860994715365942,0.5369622596830619
686,0.8503549817711848,0.7984609227941424,1.1970573398592221
687,0.9863431155648602,1.0744415542122538,0.9135432532613239
688,0.6428970187988425,0.477519959634642,0.6395328470590516
689,0.9812216726424157,0.9072968707666322,1.0244905975659686
690,0.995390016784768,0.8986738842546173,1.195264231094976
691,0.3007861111441592,0.32207562987918137,0.35076385197547566
692,0.7970750623657323,0.9988522725277437,0.8543578726364675
693,0.8884056136143721,0.9603819367675701,1.021679305129774
694,0.5771953366056101,0.5163586721667152,0.6064615163036889
695,0.8585540855609748,0.7938985902208924,0.8905392563834119
696,0.9230453458055297,0.9704120825939927,0.9232067664015616
697,0.8347154885403233,0.841401178555562,0.8420857399725636
698,0.8317504290805022,0.7845255722545437,0.8105047537497024
699,0.8153495016655004,0.71458174640958,0.647570754800125
700,0.7983134495303644,0.8725999868714918,0.9139218431111051
701,0.8603230582122573,0.7660171543455434,0.9982223740529255
702,0.809546883149667,0.9329103505433811,0.8019524183442234
703,0.6454251422317199,0.8689817506165759,0.7791195049063359
704,0.7364833617744722,0.7009697775949643,0.7970079327473166
705,0.5402106266067803,0.5316325772673605,0.47160645399526424
706,1.0591609592707534,1.053113666548501,1.2066228462348585
707,,0.2863539922877957,0.20663686756308927
708,0.8359612732327748,0.7170468674428605,0.6605432633788015
709,0.6829698926853203,0.6595991302698229,0.7157808703998705
710,0.971901295031639,0.8898083624067814,0.7450193891933156
711,0.8300150868386242,0.8172303460891738,0.769436763878597
712,0.7642186816358039,0.6965411565209949,0.7532820105110837
713,0.9241477606320616,0.9335547126203,0.9623204740642537
714,0.9266493286788666,0.7758681875183422,0.9063652626820136
715,0.9014954687435236,1.0487280365962728,0.8620502939059081
716,0.44610282374430243,0.31229930223027114,0.43883343191025004
717,0.9440455483995489,0.8319355639014063,0.8256924589582263
718,0.623096671126723,0.6249337284598979,0.5737939749448749
719,0.7552414131613622,0.9848692986662982,1.034223178955651
720,0.910250955241798,0.7223450150571051,0.9653423676741422
721,0.5800933930011045,0.8587661487136838,0.9470470429730485
722,0.5854877088578714,0.5262310784843021,0.5695070506612788
723,0.8653168429895968,0.9154374212931998,0.9221470642183196
724,0.9243541377944471,0.6952445556801188,0.9224097641915088
725,0.5581010314711808,0.4483587142369836,0.5898759496097034
726,0.8305348433411048,0.6903814813927445,0.7161172454480277
727,0.45036325796363996,0.3599478076192364,0.38795608275543036
728,0.5190634030007605,0.4706107323236763,0.4571177495652329
729,1.1646906442180631,0.9992379226304128,1.037140114577533
730,0.937918163831243,1.1831651439370905,0.8799799508669014
731,0.4886389446270368,2.034905783276109,1.1330360608096048
732,0.8444286459222305,1.0239185693763475,1.008610794690564
733,1.021237533819919,0.7232419393604184,0.44565477804026593
734,0.5698200450991514,0.6654263339994968,0.600946708957685
735,0.6792629160653054,0.9396489804600578,0.8166174777026407
736,0.8167530978110437,0.8794987071779963,0.917814197640056
737,0.7980552948852108,0.8458783375497098,0.945814128030129
738,0.655912668252197,0.5651995093149625,0.6375433074786863
739,0.934678722171258,0.8878092456509433,0.946820233295394
740,1.0547679458124304,0.8012229410806304,1.1968686752892923
741,1.0312578551701301,0.9164015337404458,1.1167486858386604
742,0.3835662266344212,0.39067154144610067,0.4421263662350141
743,0.8328170292226765,0.8812265708558189,0.798794776296758
744,0.7314959110170021,0.7693149467952407,0.8686200739441153
745,0.8402552124309332,1.033164282805592,0.8820958151053724
746,0.6671299035315412,0.7080646427489641,0.7206682318675658
747,0.9246756529213033,0.7953607725296233,0.9486239595084808
748,,0.7775884216610576,0.6774817886053636
749,0.6118843389193345,0.381191835734836,0.31814780217066885
750,1.0277433181073494,0.9808115944681944,0.8914745333987937
751,0.7640246107196667,0.8500164447899653,0.7756283022540071
752,0.7745035871031447,1.0003946610300267,0.8165612244489324
753,1.150505211438999,0.9861799239683466,0.8497672894750553
754,1.0775223025251042,0.7480981682916833,0.9781862399266978
755,0.5985632682626475,0.7119884866331884,0.7256602287157551
756,0.8508898530993645,0.76067178038289,0.8580957743346792
757,0.9674952951479416,1.1226614764700182,0.9664259973183937
758,0.7596538014406615,0.6600949882425515,0.7212437422442017
759,0.7535193198373521,0.7094402082016841,0.6295791355153658
760,0.6483517107490308,0.7053438395266024,0.6906822132218802
761,0.9028405020164936,1.0494065763772045,0.7451543264761333
762,0.689124880376417,0.9028445546347159,0.8535484703941354
763,0.9825045584155558,0.7966468593193466,0.7615493785296042
764,0.41505796645430204,0.4361578505713867,0.37979860937886484
765,0.6330669582335077,0.5728571377074811,0.7063992179227369
766,0.6245857063434805,0.6676695332748639,0.7344756476727523
767,0.8876594525246732,0.8675531100480358,0.8770242912798666
768,0.8842456053999883,0.9985666451167026,0.9961578281910495
769,0.7934663558138397,0.5733432442580961,0.6198036352308833
770,0.6264803183473711,0.6161539687834323,0.7665414318744929
771,0.8787287757191715,0.8106993973568581,1.0063315818481589
772,0.9411557730632147,0.8633564318737148,0.821532145004768
773,0.41293892644947305,0.4608838078264819,0.4855913461077619
774,0.7662164162137011,0.6262309762054192,0.7072778470593268
775,0.7244148128559355,0.7875206034453646,1.040919212193857
776,0.35475655587856936,0.4473262256938918,0.3503624382457009
777,0.8641582312099436,1.0696036374320734,1.2067321415750922
778,0.6225215354276983,0.7333118315927396,0.5807978720418386
779,0.8517473856021033,0.9169670527577598,0.7979837179320254
780,0.6135706383752959,0.8152425340499898,0.606463711333515
781,0.45552756666093813,0.4599131544746562,0.38535084174005635
782,0.7263116895830098,0.6209016941913904,0.6872802570800768
783,0.6224470611427148,0.4929912869635309,0.3899096279049346
784,0.830772523101263,0.8250122156837311,0.7004637483340144
785,0.6271399294375725,0.7505233574608423,0.9207617993944545
786,0.9127245453904406,0.7821049738784556,0.668988841264582
787,0.7854021294011677,0.7915313875482376,0.822967642738218
788,0.92441894459082,0.8177223300814003,1.1316188974562738
789,0.6912940505653508,0.6178346477691594,0.7720113864964913
790,0.8514575512905115,0.9112963995599308,0.8002187918101495
791,0.8195438875091083,0.7771526111487937,0.9085861669999985
792,0.7327038775741539,0.8219295756301626,0.9492237529402832
793,0.6861046219001807,0.6955352735712359,0.7670245988244533
794,0.5685935490865917,0.5140920867521946,0.4782210791927722
795,0.7074967553010704,0.6797052883711417,0.7887767453811749
796,0.8863825147444355,0.8051111093908953,0.836997213456959
797,0.4831200450784449,0.4530034615716074,0.4233893272602783
798,0.7735916672144834,0.6878697568806518,0.7673815516385157
799,0.9076669180749599,0.7833692444934962,1.1486022678676422
800,0.6967282905888712,0.9328319950063368,0.789035709910645
801,0.5075760006752834,0.5213924204005822,0.4878205432359528
802,0.8592593771813712,0.9165852845868022,0.8573035840459603
803,0.8157609939427539,0.8717270457239119,0.808405043146359
804,0.8697347124593431,0.8055143471499437,0.7687447024618345
805,0.7990312733471814,0.7979673200373725,0.9040480976344137
806,1.0336718470612114,0.9867930392461184,0.8966338347660203
807,0.8714059834692929,0.7683985455872734,0.8225996724916445
808,0.6771980676169372,0.689769190804018,0.9991476095339239
809,0.8716546670719788,0.9010384581175249,1.0234250858864036
810,0.859945059327067,0.7744963007163577,0.801424337022256
811,0.7174371681258225,0.7485011744781128,0.4928648368578284
812,0.594524454933456,0.8906212419857427,0.7287551306009956
813,0.868000716088219,0.9661718633532632,0.9278193564273727
814,0.45042670051682365,0.43986095711098094,0.519331378145755
815,0.8189204031179065,0.9449531036331791,0.6713852715027774
816,0.6026544112291892,0.7021317954849511,0.590155464134791
817,0.43828022114969045,0.4022465497204031,0.5609113673166952
818,0.5585314422098852,0.529997439361364,0.5243698388123689
819,0.3416277454493081,0.3050927385444432,0.40936237877202486
820,0.9877680625633185,0.9632064532320187,0.9775091700755622
821,0.9021979364810414,0.9737671601603158,0.8660587403706244
822,0.8077093070464696,0.6442464006491745,0.650377614838506
823,0.657005402894314,0.5546558775914774,0.5873291806327525
824,0.7880721819412502,0.9259757043357121,0.8832198306256626
825,0.9784849801027218,0.8455392139887048,0.8528916845061945
826,0.5579550292529278,0.6445662255865607,0.6068401915239249
827,0.9157378374813679,0.9538008171267007,0.7560070475113225
828,0.7921715137189336,0.708129784337384,0.7525177528836093
829,0.8281163726270558,0.945003706713651,0.7920825018695938
830,0.9515004396196712,1.084032523380119,0.9341320295040654
831,0.5254711686483329,0.3713086211656168,0.607195619054377
832,0.8932894931085851,0.9535021075843915,0.7921791041652494
833,0.93993353597883,1.023952625791166,0.8383521187909618
834,0.8622999998501011,1.0376162718608968,0.8515932153749636
835,0.841628154002551,0.7541218565106729,0.7669429720338692
836,0.6745611773715392,0.8673077308573922,0.8571873635215861
837,0.9464584060630215,0.8781602264851496,1.1078911957765305
838,0.42512120990989033,0.47808212874321376,0.41072093007390764
839,0.8968514308963595,0.8138611736469114,0.6905989584461164
840,0.6367854994044723,0.7543013952592701,0.5417118829634061
841,0.7377111541408841,0.6448354295415236,0.9379321869369962
842,0.8919070149996801,0.8976057570486932,0.8897468629279781
843,0.7399128803660692,0.8533986733556583,0.6777980636070186
844,0.9021765128626067,0.9927927933706878,0.8895022652437139
845,1.087429746673388,0.856346663910296,1.016290439919883
846,0.7089825413091939,0.6432950678457716,0.7769327916564133
847,1.0273329520257852,1.0410951895228222,0.8521747078809654
848,0.6584427913052378,0.6603679009044967,0.5740717736636802
849,0.9736025106448212,0.8883940285684032,0.8774143214387994
850,0.4593845779108187,0.4385163841792541,0.6314373316887172
851,0.93993353597883,1.023952625791166,0.8383521187909618
852,0.8700394903518266,0.9572240339959328,0.8967873949434975
853,0.8639547961458759,0.8760272666324628,0.8231103098007784
854,1.0559867692968876,1.0943330630861854,0.8651091525600916
855,0.9452902246948811,0.9688846476217406,0.9687305252298718
856,0.6220566254982045,0.8696568421171955,0.7274612553063174
857,0.6412200821391916,0.5387619942280684,0.652244944341612
858,0.9898108005922018,0.8773030373767938,1.059665679772403
859,0.8213408906971482,0.7523483960051423,0.758430961316317
860,0.9455495088948892,1.0007068586516066,1.0632688065667795
861,0.8696407301816458,0.7290092494287532,0.8335289667121092
862,0.5717041485426365,0.6747683613359511,0.6018163034070066
863,0.9536121973631184,0.6498375584960256,0.8581058360467104
864,0.7006020132980384,0.792164109687184,0.7133352420586041
865,0.7152528497948181,0.9259125539756463,0.8776114224998438
866,0.615939062956065,0.5291021254085314,0.5837536009091105
867,0.8702900474703763,0.9182155443378055,0.8189259903893382
868,0.8455324907122026,0.9579814481225344,0.9714007006448276
869,0.9455495088948892,1.0007068586516066,1.0632688065667795
870,0.8290840291749358,0.7945871632546133,0.6665819423997353
871,0.848563172031316,0.7981138747127272,0.7735473868714305
872,0.6210374106334555,0.770934625701016,0.5520334361215812
873,0.7786685593278102,0.8789469261233263,0.8314326479559961
874,1.0431210560380575,0.7234184151398553,0.8913430554608102
875,0.9608130174080496,0.9791687112121594,0.8890022766388412
876,1.1158062237470174,1.162138070920122,0.9477696540970614
877,0.8310181492755602,0.7027824814695212,0.818631454165883
878,0.7848671545329355,0.7892044357366603,0.8334864064266989
879,0.7810744753788226,0.8983753274188793,0.9392601254539132
880,0.7551502271316458,0.8740523246591112,0.5709396286963739
881,0.9193617733118485,0.8016778003615792,1.006097690674455
882,0.6412200821391916,0.5387619942280684,0.652244944341612
883,0.9564123838208767,1.0102657366308119,0.8969621771131189
884,0.7244090788626536,0.8059852481735237,0.8048192708997273
885,1.1389113215647781,0.8432667214257901,0.7220108989159658
886,0.9044275180723103,0.8280482597091483,0.8525548453362793
887,0.7600622641197825,1.0151074307576489,0.8768957287267736
888,0.7982656384354168,0.8884869553177952,0.7765081243281197
889,0.9696874366141311,0.8233371783122032,0.7916290458647124
890,0.894235039873207,0.5618511455827656,0.7490269751114055
891,0.7481132299239999,0.697895455511697,0.7811383732738546
892,0.9453871521943555,0.8323008425224465,0.8751783606571937
893,0.7747333383366478,0.8031692243795971,0.8986252936717459
894,0.6895509135092199,0.5258080527974641,0.7950526854391349
895,0.85065759589927,0.7334402308486263,1.0353480749027266
896,0.7597500188401018,0.8796383885524549,0.8107176647028315
897,0.6875433921765667,0.8119077975654463,0.7603587063595492
898,0.7414630192955751,0.5798803693119141,0.6495635409694946
899,0.6329509926261436,0.6926696297988397,0.7126577365776579
900,0.6166881351380036,0.5558402327884199,0.6186533456671113
901,0.9420149803428676,0.7274373292034103,0.7925183704781529
902,0.7695161247055553,0.6189810986518595,0.6661949681391588
903,0.6712536315403971,0.873830172045483,0.7923146506123178
904,1.04589294471094,0.7002561901969883,0.8153821316999256
905,0.9623135401615249,0.8811058314139412,0.7779343094900059
906,0.8261216868334313,0.8073292025431975,0.8762314675749188
907,0.4744203579606847,0.49594924711464866,0.4993628847964363
908,0.7654127999937274,0.9410666853257373,0.8484703300214831
909,1.0014208175408572,0.9064805382142842,1.0387157872793074
910,0.9021765128626067,0.9927927933706878,0.8895022652437139
911,0.8177665317190487,0.7790720881017351,0.8256205906695067
912,0.8905274066872572,0.8664625410760982,0.6831467344698647
913,0.7319166849394171,0.91562024051221,0.7836700460657254
914,0.5254711686483329,0.3713086211656168,0.607195619054377
915,0.8309331076246211,0.9339068896686676,0.8019627570476189
916,0.49387132148870894,0.5824907809353882,0.47310732531591654
917,0.7609314916717635,0.7633968060512435,0.3623997747551838
918,1.077627491823422,0.803101907885788,0.92403341083362
919,0.6085768936258712,0.537741746634616,0.4747348487117079
920,0.9223672323190838,0.7915541479851251,0.8173448555768403
921,0.910465260292718,0.9603631270182058,0.864325656162214
922,0.9806030825557003,0.8127962062625218,0.8604439071382249
923,0.878134449458464,0.4694246556600272,0.6066063338057415
924,1.0054777219909226,0.5566822023932382,0.6732654474994118
925,0.9291575875080266,0.9794774422133782,0.7726125581977216
926,0.9093290648704697,0.9112795379288092,0.8038841149186916
927,0.7384044258217233,0.8154601083295798,0.8130560553809347
928,0.7766052809876438,0.9484404012164245,0.9250181250965622
929,0.7514250303819553,0.8678016203031474,0.7638001735071414
930,0.819494250751593,0.8310021340468288,0.7012530976252811
931,0.21718154371818243,0.2449703306782547,0.11505407963004735
932,0.5277617788232114,0.5237128762681458,0.5271122704740874
933,0.9293541785110498,0.7416724345172443,0.7199606828098588
934,0.8249153593713742,0.8026635074048143,0.5827491102097434
935,0.6373443097764075,0.623539161013583,0.5511969167918673
936,1.0035065770877163,1.1025615693876645,0.8895811858551085
937,0.7319246921823388,0.6611107656830137,0.586912741779404
938,0.5536232069329464,0.6087746588848832,0.5729954332251758
939,0.8897202137597159,0.7686296325952386,0.7855870531697635
940,0.7756567569129427,0.6358847500380641,0.5936914372066889
941,0.7063155626021125,0.7419236191942429,0.8322856561720532
942,0.9083024637259975,0.9810056193414808,0.8726981402169485
943,0.8524589363700799,0.8615591592700345,0.8133092985925545
944,0.6714855729872661,0.7309495892452125,0.8373030663175987
945,0.8399404473341692,0.9308777663475541,1.0230613840979774
946,0.6367854994044723,0.7543013952592701,0.5417118829634061
947,0.9374620327885311,0.5895627945589796,0.7816082695031862
948,0.5143093113186972,0.522070467112639,0.4815685451376671
949,0.8060675591784717,0.9921614778646418,0.8287229405503761
950,0.8205112993065551,0.9219488737349518,0.9582367232454596
951,0.8597968695782772,0.5895396863787821,0.4880131771884956
952,0.73366944070515,0.7502740476782299,0.9032129664374332
953,0.9327123801753097,0.9793436557205883,0.7700602275135338
954,0.9417504266331658,1.1668399363705584,0.8361747242459865
955,0.21496813247634056,1.694297643339174,1.0098223129213824
956,1.1831802875457031,0.7937827221554545,0.7074840267815901
957,1.1077153761435545,0.8255284045082094,0.9456103516287665
958,0.8151914284248207,0.9803590591386573,1.0027741374695547
959,0.6657074794322426,0.8303013508282109,0.6910890783804096
960,0.49624867667088296,0.46641635895355765,0.45241648884534175
961,0.7088709106926607,0.9687650778602497,0.8899192999012969
962,0.5648640882958764,0.7105880109739708,0.7631744158367062
963,0.6151341609109291,0.6675819935275855,0.5358754005173313
964,0.9155235607274547,0.8813430487581776,0.8400600780866885
965,0.8692000165003894,0.820894373896169,0.865524643400333
966,0.8296058119539195,0.8525309108453275,1.0264678258003443
967,0.8338276673844249,0.8251801626568869,1.0676709081955074
968,0.7928674758992238,0.6861838922071057,0.5791444747025607
969,0.8202881602571054,0.9656536850295224,0.9563144870109745
970,0.7571706962783149,0.7209257066281612,0.5311377383405735
971,0.7334646393770561,0.608217702018199,0.6824400563394835
972,0.7894982304462159,0.7847472389827177,0.6894879620181598
973,0.7432991121776268,0.7530234431800414,0.6831137780419345
974,1.0591171905124686,0.9001733481144529,0.6961140860188861
975,0.8849705419022154,0.8270631808608455,0.9054113983084444
976,0.5608066795177578,0.7564302537567261,0.6590492775758396
977,0.8138252163646085,0.8206323987967139,0.8421923568229694
978,1.0802020647946895,0.8663954220107131,1.1486006148028443
979,0.7901333625777491,0.68603572470893,0.9567955919740194
980,0.46781698421240936,0.518154383961285,0.45857365472728284
981,0.4010478102690949,0.40396995316482287,0.3195982100052194
982,0.8925352961243982,0.8020552791075491,0.9802302542083361
983,0.893862247397709,0.894521682088172,0.8035777950207537
984,0.9142378973305152,0.9191045307717497,0.9179319970844823
985,0.6715743235378726,0.8076185543752429,0.8989250548490471
986,0.6651779623597482,0.6951245890675624,0.7342700248026617
987,0.9403024788911458,0.7822962290566564,0.8212710002160405
988,0.683843963989464,0.9234460751114892,0.4883505061139221
989,0.480527847083367,0.38992246641203904,0.6242120148892547
990,1.0448956814865524,1.0592892359611508,0.9360590668333133
991,0.9025868671258278,1.0182685456528258,0.8143131265631214
992,0.6713735688025431,0.5541135182992176,0.557365454020393
993,0.5961370837854292,0.414007112220053,0.3671657051585271
994,0.9400521177923004,0.8482885546223028,0.8838057190082068
995,0.5143724697480833,0.4050009884681859,0.40507835707332795
996,0.3699950955678242,0.3098129347950897,0.41627012181315337
997,0.707459647666158,1.0219188131365504,0.9041966173788413
998,0.8408052595080461,0.7382519622670747,0.9234165299760292
999,0.8160205119193971,0.9986373224609028,1.0826343567151386
1000,0.9444556983184896,0.9320082255793134,0.9722321138645807
1001,0.9315795238275768,0.781525233105966,0.91206721256735
1002,0.5905790295082941,0.590052772156356,0.6208624034310193
1003,0.8985380114551946,0.9010010109172975,0.9549917895654467
1004,0.7541858613768636,0.5931946407402322,0.9153756937034111
1005,0.6904602884713484,0.7001443528826502,1.0298443802607467
1006,0.7402391239873578,1.0700096298623774,0.8913977761764047
1007,1.1545455580042416,0.9837517839262362,0.9450761230694195
1008,0.6394542899012269,0.6296635160940256,0.4747589395301962
1009,0.984157368884973,0.892417037146119,0.7515467885866649
1010,0.8499428809601627,0.791329497804673,1.0635093437858192
1011,0.884780383145034,0.6629039216742868,0.5389962283781866
1012,0.9896513312650578,0.8583894412273085,0.9532095235093793
1013,0.9456019177131496,0.8605424710765983,0.8644643202983726
1014,0.539113252009497,0.6347761631446536,0.5823529085521779
1015,0.8685252843552853,0.7265846689305789,0.8265054166195757
1016,0.7509017383674481,0.9544952294735758,0.9092728698573309
1017,0.5281677553387047,0.44132915074515966,0.36787224694465137
1018,0.6579869333150072,0.4428704299618329,0.3092877320423614
1019,0.8412070404836864,0.8500738936169736,0.937233438540974
1020,0.8989233210081373,0.7962189407249376,0.9636360563585078
1021,0.8433059183148516,0.9967325123091946,0.29626409560622025
1022,0.943119051023134,0.7757220509575771,0.8179219561498892
1023,0.9310155825940096,0.7585928786273022,0.9090379941511074
1024,0.6298185832407961,0.7315080083491368,0.7024869298329465
1025,0.8249480798708049,0.8690758623003574,1.0491326044520017
1026,0.5159215953418355,0.4714773799596491,0.5065514410174878
1027,0.9668053920955137,0.9011207933306489,0.8307403356637472
1028,0.7712476516020673,0.7574214732703392,0.6069599147714666
1029,0.6105346036963345,0.4460620994866804,0.5923588307842613
1030,1.0233178446193643,0.8979557181396978,0.8194866832454926
1031,0.3331573514364179,0.31366228176926186,0.3510059708632671
1032,0.7523881236767862,0.7283333143299184,0.795236395364458
1033,0.8747946578632089,0.76131087167214,0.8658459664742381
1034,0.8812920940329313,0.8855929404302729,0.9099366406659217
1035,0.7297228196126057,0.9187786467785338,1.1090419034444632
1036,0.8713638712635173,0.599164185707673,0.7298598505295629
1037,0.8937737386352222,0.7173224872648352,1.0621443678108569
1038,0.43848266527335816,0.39140472422985345,0.33345172018106745
1039,0.9574878877467617,0.7572506635116558,0.8373337779308555
1040,0.8085362610553563,0.850547885666673,1.029674704303816
1041,0.3567558491731857,0.5572963990522062,0.3610287288201909
1042,0.9790585372234881,0.8867823997154146,0.6796165553982988
1043,0.5636056805412938,0.5413610875981594,0.5958477777561222
1044,0.5852906217793654,0.8123465158294568,0.7044297029354398
1045,0.8273365352287804,0.9869000294182324,0.9144042022558604
1046,1.0496778037957535,1.0632151364742948,1.190924260678167
1047,0.7483407963319639,0.5968404859387946,0.767293843720438
1048,0.7505482550503574,0.869035240955611,1.046267469459091
1049,1.0399156602201973,0.9159725837768651,1.0514945009586514
1050,0.7529855826982043,0.764408148459647,0.6007395169202974
1051,0.6658311013809748,0.8337416629107977,1.0064216129130628
1052,0.8487513899956418,0.8417280545730008,0.925341060609621
1053,0.4531143989661125,0.6566415248544484,0.3498575132662602
1054,0.6254583454120186,0.4642175393197674,0.31033774129314373
1055,0.5285827791069739,0.5681806468819819,0.5692166565564369
1056,0.7672773794573424,0.7240227373292363,0.7939234321679397
1057,0.7079980917309046,1.0087022647561237,0.8734662195102394
1058,1.0461437205125812,1.160111842024866,0.9607138413126581
1059,0.759989040750366,0.8705024370758498,0.9230427573149443
1060,0.6067021649022272,0.6512702046104155,0.6713783667952233
1061,0.888333102142388,0.7744245339530691,0.9470514047737102
1062,0.7767574817116347,0.9462869052469406,0.8112846185893103
1063,0.7688547122573777,1.015960972309601,0.8090712915854237
1064,0.942388035409006,1.023824327893603,0.8126643853059207
1065,0.6075412910652442,0.5386198174612671,0.6061273789902133
1066,0.6271628056101902,0.7354899614767867,0.8755883763454236
1067,1.1075155143871411,0.8691090275090755,0.8718188666338533
1068,0.9720300672561886,1.1423458400316446,1.010787391358053
1069,0.8167892631599345,0.817200191509823,0.8530039940016448
1070,0.9488570101252553,0.7611196224242225,0.8492976793703506
1071,0.9044956543458426,0.8412848427294826,0.8086642763535705
1072,1.0142918915579107,0.9023214586895857,0.9514124475461044
1073,0.8892355090172887,0.9329450244233772,0.9156675406468765
1074,0.7087464700030357,0.6097630033562937,0.6152608558748022
1075,0.7970143317035573,0.7145817950362984,0.8604674128563424
1076,0.7492445969834987,0.6835539444015882,0.5512667560068127
1077,0.7669847624024044,0.6408026180578237,0.4364485019963223
1078,0.9018775932647796,0.6834143068174334,0.8380459168888241
1079,0.9960064831908817,0.8474453443873653,0.8842816907989113
1080,0.4772867024289277,0.5544258092555954,0.5342326196758918
1081,0.607400109768083,0.5814275827144562,0.5779841525835998
1082,0.5294049723345648,0.8877748910902852,0.7124171220535788
1083,0.6742876650226433,0.5807236481569266,0.5844315646253869
1084,0.9445016279618235,0.8591745120230548,0.9060140696227466
1085,0.9585270981173384,0.8176487952925604,0.9491903400749419
1086,0.9639394104290465,0.9933546862982644,1.2559638589083952
1087,0.6625492847728522,0.7970359169359695,0.6164734622046267
1088,0.9083003804779131,0.9111808402701436,0.7722861900824353
1089,0.9470874587741792,0.8091082049751024,0.8857262451857061
1090,0.8181673475106459,0.8467333657037883,0.982969058065839
1091,0.9983420431686351,0.9717746448331102,0.9246110427447479
1092,0.7714085011121079,0.8881708088519823,0.9589405688248019
1093,0.8127982555976088,0.6750568193302404,0.9464314786859067
1094,1.2683320298147507,1.2111415241714858,1.4850345755396928
1095,1.1196072473083358,0.9273606422463754,0.9527601500834387
1096,0.8572424606951335,0.9386497580105183,0.9773663612313824
1097,0.9685618618222164,0.91985817214965,0.8263153130357959
1098,0.918182782657067,0.9479445975533323,0.9574566855386132
1099,0.6545691518234269,1.0289692972809161,1.0432985113536803
1100,0.8008987480802046,0.8076127220031805,0.7011400220610653
1101,1.0593404393691928,0.9359689785887157,0.928047996844441
1102,0.9799198202220187,0.8731705038073454,0.794007099507978
1103,0.945491474498072,0.8217114928638195,0.8003856426132213
1104,0.5323253609074405,0.43709696783249397,0.3994744898736913
1105,0.2933438252025591,0.4438567451179408,0.37321095371753155
1106,1.1176733176322011,0.7077747040899431,0.9920974245186648
1107,0.8224633764386671,0.8813455160075281,1.0929782926551095
1108,0.8360765982858958,0.9540594375560578,0.8759758361292319
1109,0.9238126554517367,0.7194124119059129,0.933546789000884
1110,0.9238126554517367,0.7194124119059129,0.933546789000884
1111,0.4372105348942354,0.43887789191761156,0.5245657126656146
1112,0.8211596742220364,0.7684916003788971,0.7575680708912887
1113,0.9133502454620789,0.7861818020429289,0.9186336061367664
1114,0.8775002061300858,0.8457590067764373,1.0922445031862564
1115,0.9387391121606758,0.9497818846311987,1.0542515431699535
1116,0.8714545896544974,0.8758765119128127,0.7685162765813786
1117,0.821817971054263,0.6903041717196903,0.8844746782396533
1118,0.8572424606951335,0.9386497580105183,0.9773663612313824
1119,0.9947148136995432,1.0935311341795018,0.8236616908800585
1120,0.8036060272074189,0.9378326912567158,0.9772506983813462
1121,0.8688666864359637,0.9851272316313565,0.6896143138808823
1122,0.9259934981913983,0.8631440734085474,0.955999815665545
1123,0.8237968636750849,1.1438448897046807,0.8709205385239417
1124,0.8237968636750849,1.1438448897046807,0.8709205385239417
1125,0.8309331076246211,0.9339068896686676,0.8019627570476189
1126,0.9991633379978558,1.0453769168448934,0.9623282092287528
1127,0.5400762532525445,0.5839565648336943,0.33824045491026655
1128,0.9063899236661052,0.8982130284554327,0.913296352905637
1129,0.9698480051684493,1.2862897978056607,0.8708657549076201
1130,0.8341120565190493,0.8153934771329876,0.899715883423724
1131,0.7833866200944393,0.6567153796231006,0.7591580652885171
1132,0.8415371623071884,0.812722137786352,0.8340810892975532
1133,0.697956662827555,1.0478355564519872,0.9022155165507656
1134,1.0319268865118474,0.8158356306175014,1.0351306358000358
1135,0.7741535439586025,0.7992793367224142,0.7850436902167482
1136,0.7470322615469817,0.8038537617419579,0.7193315205820744
1137,0.9484103787001631,1.107288697195751,1.010061854188639
1138,0.9038181324265042,0.9615776238793384,0.8663367472553365
1139,0.9193617733118485,0.8016778003615792,1.006097690674455
1140,0.7280558543705256,0.7010531003595261,0.8051269067871819
1141,0.9466289327066679,0.7235379878766739,0.7324295026837654
1142,0.5717041485426365,0.6747683613359511,0.6018163034070066
1143,0.9434325937019221,0.8225799669985514,0.8963443001033715
1144,0.7976083616509078,0.89344810075883,0.8247456696867264
1145,0.7876680923945746,0.6899565148449756,0.7492356790636496
1146,0.6377990651003966,0.9417654994807105,0.8749501067204225
1147,0.537175976573829,0.7304255750294605,0.5474447577991721
1148,1.1131856395786655,0.9315198602365716,0.9377303030143244
1149,0.6569344477967299,0.7352603024528597,0.8580356438831804
1150,0.8391682940930664,0.7112264420751953,0.952984815702805
1151,0.6583031624259618,0.6862410207703945,0.7368508297701067
1152,0.6569344477967299,0.7352603024528597,0.8580356438831804
1153,0.5122720946740384,0.5880778136116269,0.6127910062609067
1154,0.9193617733118485,0.8016778003615792,1.006097690674455
1155,0.7734216919436797,0.9209140333792206,0.746070440939634
1156,0.794357445327841,0.7484145162522808,0.9544585172108281
1157,0.9954792702772661,0.9278828107892498,0.9098380792628067
1158,0.7810284790367893,0.6746848828367391,0.8480003582119396
1159,0.7550710865650392,1.1589745672106326,0.7594054095822916
1160,0.901652928476765,0.8707494770306579,0.8383040726933884
1161,0.8193398107867749,0.7652974606130247,0.9335079311059868
1162,0.8613598710227512,0.8727366850925387,1.0263990959475906
1163,0.8521311523379986,1.0427049037163107,0.8345443726265878
1164,0.8997516080144942,0.7937428895848513,0.8470580923672211
1165,0.8284562500321088,0.9435011468929542,1.1320653586252911
1166,0.8188692973055585,1.059483125501402,0.9527499716664373
1167,0.6753925077739145,0.775870543346405,0.7178110761455576
1168,1.0653085547494399,0.8985468253333857,1.0714942418257043
1169,1.0104778701669348,0.8953642898506933,0.8995506968297052
1170,0.7722527362248708,0.9465175070612765,0.9451513324076635
1171,0.8413191654913644,0.9209363941021798,0.6792318057441035
1172,0.6732623320650393,1.0055699449945292,1.0282691855578465
1173,0.8284562500321088,0.9435011468929542,1.1320653586252911
1174,0.8413191654913644,0.9209363941021798,0.6792318057441035
1175,0.8193398107867749,0.7652974606130247,0.9335079311059868
1176,0.8320391934306788,0.758518582762195,0.8914599208617837
1177,1.1158062237470174,1.162138070920122,0.9477696540970614
1178,0.726802990819714,0.7261355909767744,0.6364628009392178
1179,0.6583031624259618,0.6862410207703945,0.7368508297701067
1180,0.9954792702772661,0.9278828107892498,0.9098380792628067
1181,0.9522574267070965,0.996202237471502,0.9538818558952057
1182,0.8157944948572105,0.8742413245741436,0.9448127644573692
1183,0.9179337907002308,0.8014627218907919,0.7927004430983865
1184,0.6613304115496467,0.783162720917833,0.817774203443042
1185,0.8437927820747565,0.9496093346668056,0.837733352426222
1186,0.873642214896752,0.7172599860682489,0.7263590305420521
1187,0.3199232126254479,0.3725160038121724,0.4938227170575234
1188,0.8670119425183076,0.8678104969046122,0.8155526401599681
1189,0.671672797910378,0.7903217531353169,0.63500690425142
1190,0.671672797910378,0.7903217531353169,0.63500690425142
1191,0.7686511727200231,0.7840047429529386,0.8518600044521196
1192,1.0292404712727918,0.8983195672660477,0.7947902536015341
1193,0.728385752049679,0.5510928174327853,0.7050478300338691
1194,0.5536232069329464,0.6087746588848832,0.5729954332251758
1195,0.6527464402275955,0.5372416153903865,0.6153081509259812
1196,0.7100851839724732,0.7552069333542746,0.7919873077602249
1197,0.836573453888041,0.8835777441896211,0.9132844398797105
1198,0.697956662827555,1.0478355564519872,0.9022155165507656
1199,0.8324565183755089,0.7255910797648615,0.8972347496516389
1200,0.7830275656518637,0.7707766551830567,0.7944340130900235
1201,0.7375757919877941,0.8288849146756377,0.6807729110853291
1202,0.31205630780636845,0.33919868323493263,0.4043193310793909
1203,0.8008939709109356,0.7815864886747291,0.8838594655088355
1204,0.4262081329310753,0.5869319173339218,0.652644940654401
1205,0.6834559116569793,0.9987029591222079,0.7050367879630032
1206,1.0920712557727197,1.0327260407352372,0.8356100781179674
1207,0.967928048739596,0.945934738399639,0.9004198641898167
1208,0.9404833301281263,0.8507761260724901,0.778956356353673
1209,0.8008987480802046,0.8076127220031805,0.7011400220610653
1210,0.7552715306768567,0.7110575292927629,0.7498283571408496
1211,0.7413869349988677,0.8360293324619105,0.6992635627901168
1212,0.8341120565190493,0.8153934771329876,0.899715883423724
1213,0.7157602966236734,0.5364589059448801,0.5953945586673723
1214,0.8398509664644473,0.7699088926016984,0.7670540783657964
1215,0.4685781832388857,0.47989351678382997,0.49555026335017344
1216,0.7496893870113623,0.7834319563893548,0.5844998482746548
1217,0.9269157486674277,0.7667005845759401,0.8922883972202144
1218,1.0631038230203873,1.0411109190090913,0.9890180980787705
1219,0.7550393518320603,0.8323345368493249,1.222877351212716
1220,0.693002454634934,0.8856063889880711,0.8447513443189134
1221,0.8783691765059841,0.9800240584216416,1.1869235597730772
1222,0.6570598999638847,0.9389256067352431,0.7312936880083596
1223,0.3656824970629385,0.45972905080124876,0.38344166888666564
1224,0.8831276915272597,0.588214686105799,0.2677643760466999
1225,0.7791311996470935,0.8608649095933919,0.932110150099383
1226,0.719251334184739,0.7243519662801868,0.7506237189141644
1227,0.7747475151069811,0.7611804333264884,0.8855672909936957
1228,0.5172061623397104,0.6490780771772641,0.7432919161161504
1229,0.8937487714722774,0.7641315503850724,0.7354142957229934
1230,0.7444062711890161,0.777208772731615,0.7392754403850786
1231,0.7760228821086812,0.895122999408394,0.8052986630258294
1232,0.8850014218326208,0.6752545974690216,0.8167502247463571
1233,0.4142385347001162,0.6792550476788055,0.6599897527107004
1234,0.4936660226188521,0.4871442569447234,0.630835271393172
1235,0.7249336669271844,0.715308998801728,0.6835895893085872
1236,0.7812282778985811,0.8324228334114104,1.1007507158699879
1237,0.6308782376758606,0.5944950027566253,0.6158534299653251
1238,0.8411085780995617,0.726909020255631,0.9501417206851224
1239,1.098821278981649,0.7442596049378066,0.7745168081924969
1240,1.1361657821840452,0.8269803661785067,0.8586010296062473
1241,0.8643098223063804,0.895096929194118,0.9646825801386938
1242,0.7661774286811458,1.0317388976008628,0.8076265698041889
1243,0.7873804877752296,0.6575712569497809,0.6730280207760378
1244,0.8909690568629564,0.7699275086065552,1.0837012375450656
1245,0.8121029332199674,0.9592660927059844,0.9635585886527647
1246,1.0195715671856718,0.8099265269558051,0.7933760437583562
1247,0.8443204666780604,0.9126441027854754,0.9849974842067928
1248,1.9174191486532406,1.9003896365482336,1.4195997152038495
1249,0.69580382761358,0.8003104337611608,0.8202757722323183
1250,0.830294576548322,0.8763578331860447,0.95044464504563
1251,0.8271183991283152,0.6354502548307903,0.7603637325430495
1252,0.9866767923329008,0.7557460443227396,0.7510392228227533
1253,0.9830079889044826,0.7982378314804923,1.0249072263996943
1254,0.8801853750304925,0.8134389283412007,1.177745165076174
1255,0.8381525445715736,0.8030697092266654,0.8414617983553444
1256,0.8657354023465434,0.885389848918329,1.0631156294389863
1257,0.5268758063968163,0.4535254519528643,0.5054209119257431
1258,0.501640008181433,0.49473208985945694,0.42459346845087476
1259,0.9872620378178374,1.0390043893460827,1.1078159244174712
1260,0.9829784973403086,0.866276440676091,1.2914220894664932
1261,0.5257961229862547,0.5770077336266849,0.6941624649595465
1262,0.7153423278779666,0.9583976518038564,0.9125249725063337
1263,0.4298445126716999,0.3931771421669916,0.34440432110672775
1264,0.8661688282444991,1.0204408534292786,0.9363080670999893
1265,1.0644700021944926,0.8419649263482565,0.849121855175067
1266,0.4964074964839423,0.500823846605367,0.6680840294564027
1267,0.3727753348885563,0.3499302753022067,0.37268242183366074
1268,0.806506728528865,0.929886829106727,0.8281840917884146
1269,0.8130009292132481,0.8143398955617804,0.8643529005925279
1270,0.7378865756956166,0.78207235388721,0.7179628140202171
1271,0.40889830694962126,0.3711554527065115,0.45877435614062717
1272,0.5995418274928763,0.5113674219757789,0.43409989092832935
1273,1.1552457618930618,1.0314754817426046,1.0718341620692817
1274,0.7070921413521616,0.5902866516843368,0.46164433827973905
1275,0.6561817843865484,0.515775346006123,0.6775867324552528
1276,0.4190794440603019,0.4881430419729196,0.4881385692504808
1277,0.7828813680674391,0.8867417413738957,0.9207981824104541
1278,1.2439829293990423,0.9761443607135775,0.8755084689270449
1279,0.5680378158967203,0.4087718151832984,0.3666393212418605
1280,0.3112446287643036,0.6065768112863906,0.38214068140306
1281,0.7120571148033251,0.8221118033775696,0.893384940375985
1282,0.8027616253370861,0.7354162262699326,0.6931666771656263
1283,0.7492268906031709,0.8701956446003426,0.8577518178445216
1284,0.7911617063225005,0.836432193900835,0.9731619429696978
1285,0.6154559163475062,0.7339465465225918,0.7015396445215247
1286,0.8971834276565407,0.801807717624145,0.7815316338709635
1287,0.8715321906298219,0.8368389651512821,1.0831712932610733
1288,0.8866195402145276,0.9283918739170693,0.9994916715049313
1289,0.8230335076247749,0.7731372712889055,0.822916722943784
1290,0.4149509056803357,0.3863454242610347,0.4034386669530166
1291,0.6320573083520123,0.4895382239765213,0.6604528481378074
1292,0.5215213721870977,0.4160944222093673,0.4999071186896556
1293,0.4301688827758775,0.4505265016377399,0.4568596827593647
1294,0.6196813250155495,0.48584291686705183,0.5787003082534706
1295,0.6468444894590979,0.807960812395476,0.8463361228253629
1296,0.7361572764231388,0.7120597687933075,0.7459230264969896
1297,0.8367479018580027,0.8069884147627677,0.9135749596965969
1298,0.8499356980269556,0.9660715961572844,0.9072711925874943
1299,0.5845154439915626,0.4838122070612594,0.4427772301373242
1300,0.45577289487998474,0.43749136233360686,0.42783706177827263
1301,0.6276992835373083,0.744066036321472,0.8298597060042969
1302,0.5644266162961985,0.5523152493202897,0.6872680769461357
1303,0.8432084628185645,1.0136795006983903,0.8934743192487786
1304,0.39920474022664076,0.4210028743628628,0.4117926466385856
1305,0.8611691125070814,0.8033902928622279,0.7907984251726473
1306,0.780143315832271,0.9306336315347695,0.5935323238090084
1307,1.0672213465269151,0.849346425216831,0.8120063686259842
1308,0.6935152051628584,0.7957044786391216,0.9389754758513269
1309,0.8201582398890257,1.0680638261612023,0.8347530167121421
1310,1.069133369109265,0.9142646301744775,0.9628241276266312
1311,0.8518174117940605,0.83819271966378,1.0543231965584308
1312,0.8633553745412701,0.6487783234691511,0.6093401484818631
1313,0.7977358159395881,0.8543889898066152,0.7439746639829856
1314,0.9981910836330843,0.851955187110093,0.6996990342539069
1315,0.8324106576846797,1.0140469366963192,0.9177291455937989
1316,0.8319533147324694,0.9014934815624005,0.7921089463751539
1317,0.8056357347886167,0.9725383199479735,0.8547432488998198
1318,0.9001240927822254,0.9943495401184514,0.9356336518971097
1319,0.9927684795803651,0.9420976260879186,1.0527912256654388
1320,1.0172898883906907,1.2327955469020517,0.9735952174876665
1321,0.7032891535080752,0.7131411449199487,0.8984510271017332
1322,0.7469144377442545,0.8932627539757839,1.0077020709430884
1323,0.8619556042226758,0.8901834727006128,0.9963168687019927
1324,0.6183846398891532,0.8169362089254705,0.9216231396405826
1325,0.45613274977891904,0.5312658808229218,0.5294796809597438
1326,0.9589123094114599,0.9303900947446957,0.9867895321816623
1327,0.4497159061371243,0.3928632339172234,0.37798700962690046
1328,0.9528387416645204,0.972253631029278,1.0143472672020566
1329,0.5501554816200172,0.6743030542087389,0.6412162767651228
1330,1.0792916213794395,0.8128069753258952,1.267050637655769
1331,0.8047574766863941,0.49316026881021907,0.48397081266990544
1332,0.6953977296950995,0.7584713981513245,0.4845308430927359
1333,0.6724766902562324,0.7228326762277619,0.7140929049724292
1334,0.8246650837589216,0.9114354836764063,0.8889967267665007
1335,0.9365286765302352,0.8413367749279443,0.8070334101638553
1336,0.9273824508735127,0.9458391014032309,1.004280068747075
1337,0.811716781266301,1.0584145105820266,0.9202054406892204
1338,0.8829646166342086,1.0561088683524003,0.8441792100126386
1339,0.46420960321560684,0.39882669903193907,0.5279206994361895
1340,0.6790569291020084,0.6229848837118129,0.7878650752575522
1341,0.49727598388686356,0.37696127756187847,0.4873271368520264
1342,0.6763550301170729,0.6293519022673255,0.5006161335672364
1343,0.7404439253523943,1.0320999591810034,1.0105465835448708
1344,0.8212230364958547,0.9017149482834436,0.793984969930457
1345,0.8737166951572385,1.0753097195033994,0.9419092523279273
1346,0.7455471350497276,0.9996293663002938,0.9429449558768576
1347,0.9745317730420182,0.8756394545193902,0.8057878334918133
1348,0.8309310008181641,0.6494645543306926,0.5752210806279446
1349,1.063069740294181,1.011893977703265,0.8521734276683456
1350,0.7261958006679167,0.725809347976561,0.9068710782868789
1351,0.9549329569916863,0.8489788248401249,0.849669264551114
1352,0.8689320168949737,0.6891086817730332,0.7188828108848213
1353,0.9127198537732377,0.8403937987825876,1.046696133370697
1354,0.5149606010906438,0.7094746245649324,0.5302998898425277
1355,0.8750312511852075,0.9476779110424425,0.9060585553430207
1356,0.8091746096640695,0.7039096236890278,0.86373454452378
1357,0.7511504058299419,1.0150628982037013,0.8068142612000042
1358,0.42188752382606554,0.4986617788350203,0.44357976558017775
1359,1.1263018679939092,0.6835947165718557,0.9717242206051346
1360,0.991921614402473,1.0684212003062996,0.8417949846375035
1361,0.4061678056247292,0.316428284488217,0.483975425516045
