row_id,X,Y,ObsDate,Week,Presence,Source
0,37.53124,3.80226,2020-06-02,7,0,tgb_no_locust
1,38.6075,4.04416666700007,2020-02-07,7,0,tgb_swarm
2,38.82122,5.85766,2021-02-23,7,0,tgb_no_locust
3,37.45,1.06666666700005,2020-01-24,7,0,tgb_swarm
4,36.92,2.09638888900002,2020-04-04,7,0,tgb_band
5,37.3833333330001,5.71666666700003,2020-04-21,7,0,tgb_swarm
6,37.38041,5.17569,2021-05-10,7,0,tgb_no_locust
7,36.566666667,0.35,2020-03-27,7,0,tgb_swarm
8,37.39781,5.52826,2021-05-14,7,0,tgb_no_locust
9,37.91335,1.99989,2020-06-02,7,0,tgb_no_locust
10,36.566666667,1.86666666700006,2020-04-19,7,0,tgb_swarm
11,38.7891666670001,5.47416666700002,2020-03-01,7,0,tgb_swarm
12,36.93688,0.15792,2021-05-13,7,0,tgb_no_locust
13,37.50882,5.96696,2021-05-12,7,0,tgb_no_locust
14,38.87755,5.99945,2021-11-29,7,0,tgb_no_locust
15,38.8488888890001,4.29972222200007,2020-02-04,7,0,tgb_swarm
16,38.5583333330001,4.46222222200004,2020-05-06,7,0,tgb_hopper
17,36.1833333330001,4.7,2020-03-28,7,0,tgb_band
18,38.719722222,4.48888888900007,2020-05-02,7,0,tgb_hopper
19,36.95,5.75,2020-03-27,7,0,tgb_band
20,36.6333333330001,1.11666666700006,2020-04-17,7,0,tgb_swarm
21,36.259166667,2.11666666700006,2020-04-28,7,0,tgb_swarm
22,37.25957,3.99214,2020-06-02,7,0,tgb_no_locust
23,36.6833333330001,1.63333333300005,2020-04-22,7,0,tgb_swarm
24,36.70355,1.80247,2021-05-11,7,0,tgb_no_locust
25,37.41275,5.90723,2021-05-12,7,0,tgb_no_locust
26,37.583333333,0.933333333000064,2020-04-14,7,0,tgb_swarm
27,37.1,1.25,2020-04-20,7,0,tgb_hopper
28,37.5,2.0,2020-02-08,7,0,tgb_swarm
29,37.1333333330001,5.08333333300004,2020-04-16,7,0,tgb_swarm
30,37.60773,5.39486,2021-11-27,7,0,tgb_no_locust
31,36.9291666670001,1.44666666700004,2020-05-04,7,0,tgb_swarm
32,37.61034,2.5025,2020-06-04,7,0,tgb_no_locust
33,37.2333333330001,1.6,2020-04-20,7,0,tgb_hopper
34,38.1833333330001,4.97777777800007,2020-03-04,7,0,tgb_adult
35,36.37432,5.01113,2020-03-11,7,0,tgb_no_locust
36,36.40832,0.77066,2021-02-21,7,0,tgb_no_locust
37,37.033333333,0.6,2020-02-12,7,0,tgb_swarm
38,36.566666667,1.2,2020-02-11,7,0,tgb_band
39,37.4333333330001,0.933333333000064,2020-02-06,7,0,tgb_swarm
40,36.20875,1.83032,2020-06-05,7,0,tgb_no_locust
41,36.942777778,5.31194444400006,2020-02-29,7,0,tgb_hopper
42,37.3666666670001,1.68333333300006,2020-01-31,7,0,tgb_swarm
43,37.6613888890001,0.755555556000047,2020-02-28,7,0,tgb_swarm
44,37.00453,2.09575,2020-06-04,7,0,tgb_no_locust
45,38.67885,0.49164,2021-02-27,7,0,tgb_no_locust
46,36.903888889,5.85666666700007,2020-03-25,7,0,tgb_band
47,38.210555556,4.70027777800004,2020-03-14,7,0,tgb_adult
48,36.516666667,2.18333333300006,2020-04-19,7,0,tgb_swarm
49,37.6736111110001,5.02388888900003,2020-01-28,7,0,tgb_swarm
50,36.7333333330001,0.28333333300003,2020-03-26,7,0,tgb_swarm
51,36.09314,0.22734,2021-02-23,8,0,tgb_no_locust
52,37.60487,0.42264,2021-02-23,8,0,tgb_no_locust
53,37.4707,0.14206,2021-02-23,8,0,tgb_no_locust
54,36.718055556,1.46666666700003,2020-04-25,8,0,tgb_adult
55,36.7257,5.17337,2021-02-23,8,0,tgb_no_locust
56,36.37432,5.01113,2020-03-11,8,0,tgb_no_locust
57,37.85,5.5,2020-04-04,8,0,tgb_swarm
58,37.6166666670001,1.28333333300003,2020-02-14,8,0,tgb_swarm
59,36.24217,5.07912,2020-03-11,8,0,tgb_no_locust
60,36.3577777780001,0.03944444400003,2020-04-22,8,0,tgb_adult
61,37.6925,4.53666666700002,2020-01-26,8,0,tgb_swarm
62,38.259815,5.523133,2020-03-21,8,0,tgb_no_locust
63,37.132777778,0.721111111000027,2020-04-25,8,0,tgb_swarm
64,37.03409,3.54137,2021-02-23,8,0,tgb_no_locust
65,37.316666667,0.866666667000061,2020-02-18,8,0,tgb_band
66,36.24014,2.51534,2021-08-06,8,0,tgb_no_locust
67,37.45,1.06666666700005,2020-01-24,8,0,tgb_swarm
68,37.88833,2.22416,2020-06-04,8,0,tgb_no_locust
69,36.48511,0.22068,2021-02-23,8,0,tgb_no_locust
70,37.4819444440001,0.496666667000056,2020-04-15,8,0,tgb_swarm
71,37.56196,4.80067,2021-11-25,8,0,tgb_no_locust
72,36.35,0.31666666700005,2020-04-03,8,0,tgb_band
73,36.42317,0.37302,2021-11-29,8,0,tgb_no_locust
74,37.333333333,3.68333333300006,2020-04-27,8,0,tgb_swarm
75,37.48518,2.61681,2020-06-05,8,0,tgb_no_locust
76,36.44345,4.98736,2021-02-23,8,0,tgb_no_locust
77,38.49534,0.53417,2021-05-11,8,0,tgb_no_locust
78,37.388888889,0.405555556000024,2020-02-28,8,0,tgb_band
79,37.2437,5.46497,2021-11-25,8,0,tgb_no_locust
80,38.14874,0.49205,2020-12-18,8,0,tgb_no_locust
81,37.6833333330001,0.083333333000041,2020-02-13,8,0,tgb_swarm
82,36.99787,4.85814,2021-11-27,8,0,tgb_no_locust
83,38.102,2.67874,2021-02-21,8,0,tgb_no_locust
84,37.86374,1.79114,2020-12-13,8,0,tgb_no_locust
85,36.81141,3.06433,2020-06-02,8,0,tgb_no_locust
86,37.0,0.25,2020-02-02,8,0,tgb_swarm
87,37.816666667,0.56666666700005,2020-01-30,8,0,tgb_swarm
88,37.9755555560001,5.82944444400005,2020-01-18,8,0,tgb_swarm
89,37.79966,4.34814,2021-11-26,8,0,tgb_no_locust
90,37.8611111110001,4.48333333300008,2020-01-24,8,0,tgb_swarm
91,37.8666666670001,0.233333333000076,2020-02-20,8,0,tgb_swarm
92,36.75,2.4,2020-03-03,8,0,tgb_band
93,36.9833333330001,1.3,2020-01-24,8,0,tgb_swarm
94,37.91288,2.01002,2021-02-23,8,0,tgb_no_locust
95,37.02485,2.81843,2021-02-21,8,0,tgb_no_locust
96,37.93,4.99388888900006,2020-01-23,8,0,tgb_swarm
97,37.9963888890001,4.39111111100004,2020-03-19,8,0,tgb_swarm
98,36.17684,2.10605,2020-06-04,8,0,tgb_no_locust
99,37.40175,5.28586,2021-05-12,8,0,tgb_no_locust
100,37.0,5.46666666700003,2020-04-06,8,0,tgb_band
101,37.2738,3.70346,2020-06-04,8,0,tgb_no_locust
102,37.283333333,0.466666667000027,2020-01-22,8,0,tgb_swarm
103,37.0,2.46666666700003,2020-04-24,8,0,tgb_swarm
104,37.1666666670001,0.633333333000053,2020-03-18,8,0,tgb_band
105,38.7891666670001,5.47416666700002,2020-03-01,8,0,tgb_swarm
106,38.33082,5.303367,2020-03-21,8,0,tgb_no_locust
107,38.695,3.77055555600003,2020-02-06,8,0,tgb_swarm
108,38.190555556,4.435,2020-03-05,8,0,tgb_adult
109,37.34016,2.58913,2020-06-03,8,0,tgb_no_locust
110,38.74985,3.50625,2020-06-03,8,0,tgb_no_locust
111,36.718611111,0.837222222000037,2020-04-16,8,0,tgb_swarm
112,38.2175,4.69611111100005,2020-03-14,8,0,tgb_adult
113,38.3544444440001,5.07194444400005,2020-03-12,8,0,tgb_adult
114,37.02614,4.28131,2021-11-27,8,0,tgb_no_locust
115,36.8061111110001,5.39916666700003,2020-03-18,8,0,tgb_hopper
116,36.61878,2.89574,2020-06-04,8,0,tgb_no_locust
117,36.0072222220001,3.05,2020-03-19,8,0,tgb_band
118,38.87755,5.99945,2021-11-29,8,0,tgb_no_locust
119,37.10437,0.07136,2021-02-23,8,0,tgb_no_locust
120,37.075,2.62944444400006,2020-04-26,8,0,tgb_swarm
121,37.25,0.633333333000053,2020-02-15,8,0,tgb_band
122,38.76376,1.2005,2021-02-27,8,0,tgb_no_locust
123,37.8833333330001,2.1,2020-01-26,8,0,tgb_swarm
124,37.6636111110001,5.11472222200007,2020-02-21,8,0,tgb_hopper
125,38.7469444440001,3.81416666700005,2020-01-22,8,0,tgb_swarm
126,37.583611111,0.357222222000075,2020-04-01,8,0,tgb_hopper
127,36.716666667,0.683333333000064,2020-04-23,8,0,tgb_swarm
128,37.033333333,0.6,2020-02-12,8,0,tgb_swarm
129,36.05447,0.3551,2021-02-23,8,0,tgb_no_locust
130,37.3105555560001,1.74083333300007,2020-01-15,8,0,tgb_swarm
131,37.79246,5.51716,2021-11-22,8,0,tgb_no_locust
132,37.9166666670001,5.25,2020-04-03,8,0,tgb_band
133,36.5583333330001,0.712777778000032,2020-04-18,8,0,tgb_swarm
134,37.0330555560001,0.91277777800002,2020-04-27,8,0,tgb_adult
135,37.79024,1.6117,2020-06-02,8,0,tgb_no_locust
136,37.8,1.58333333300004,2020-02-21,8,0,tgb_band
137,37.6613888890001,0.755555556000047,2020-02-28,8,0,tgb_swarm
138,38.51106,0.86152,2021-02-27,8,0,tgb_no_locust
139,38.4897222220001,4.41555555600007,2020-05-06,8,0,tgb_hopper
140,37.4105555560001,3.08666666700003,2020-05-09,8,0,tgb_swarm
141,38.1702777780001,5.01944444400004,2020-03-04,8,0,tgb_adult
142,38.69075,3.57539,2020-12-18,8,0,tgb_no_locust
143,37.085277778,1.4925,2020-04-27,8,0,tgb_adult
144,36.8833333330001,5.1,2020-03-27,8,0,tgb_band
145,37.016666667,0.683333333000064,2020-01-17,8,0,tgb_swarm
146,36.266666667,0.31666666700005,2020-02-21,8,0,tgb_swarm
147,36.566666667,0.883333333000053,2020-04-17,8,0,tgb_swarm
148,38.9,1.13333333300005,2020-04-06,8,0,tgb_swarm
149,36.26088,4.28836,2021-02-23,8,0,tgb_no_locust
150,37.74136,5.66931,2021-11-22,8,0,tgb_no_locust
151,36.7333333330001,0.28333333300003,2020-03-26,8,0,tgb_swarm
152,37.516666667,0.833333333000041,2020-04-24,8,0,tgb_swarm
153,37.966666667,0.583333333000041,2020-01-31,8,0,tgb_swarm
154,36.9166666670001,0.333333333000041,2020-02-11,8,0,tgb_band
155,36.64065,5.13515,2021-11-29,8,0,tgb_no_locust
156,38.281666667,4.22944444400002,2020-01-20,8,0,tgb_swarm
157,36.04696,0.02431,2021-02-21,8,0,tgb_no_locust
158,37.339722222,3.0475,2020-02-28,8,0,tgb_band
159,38.70891,3.49658,2020-06-03,8,0,tgb_no_locust
160,37.566666667,5.26666666700004,2020-04-04,8,0,tgb_band
161,36.966666667,0.8,2020-02-12,8,0,tgb_swarm
162,36.9833333330001,0.216666667000027,2020-02-02,8,0,tgb_swarm
163,36.51889,5.15405,2021-05-14,8,0,tgb_no_locust
164,37.84919,5.36324,2021-11-22,8,0,tgb_no_locust
165,37.25996,4.00068,2020-06-02,8,0,tgb_no_locust
166,37.4333333330001,0.933333333000064,2020-02-06,8,0,tgb_swarm
167,36.20875,1.83032,2020-06-05,8,0,tgb_no_locust
168,37.55,0.4,2020-02-21,8,0,tgb_band
169,37.4,0.216666667000027,2020-01-27,8,0,tgb_swarm
170,36.9291666670001,1.44666666700004,2020-05-04,8,0,tgb_swarm
171,37.3522222220001,1.31583333300006,2020-05-01,8,0,tgb_adult
172,36.5558,2.89723,2021-05-13,8,0,tgb_no_locust
173,36.82133,4.84053,2021-05-10,8,0,tgb_no_locust
174,36.63429,5.47283,2021-05-14,8,0,tgb_no_locust
175,37.45531,5.7254,2021-05-10,8,0,tgb_no_locust
176,38.0072222220001,4.44805555600004,2020-01-28,8,0,tgb_swarm
177,37.25957,3.99214,2020-06-02,8,0,tgb_no_locust
178,36.7886111110001,5.93861111100006,2020-02-11,8,0,tgb_swarm
179,37.2308333330001,1.95861111100004,2020-04-27,8,0,tgb_band
180,38.2486111110001,4.99861111100006,2020-03-13,8,0,tgb_adult
181,37.1,1.88333333300005,2020-04-04,8,0,tgb_band
182,37.59346,3.14919,2020-06-05,8,0,tgb_no_locust
183,36.00446,3.23654,2021-02-23,8,0,tgb_no_locust
184,37.27483,4.55357,2021-11-27,8,0,tgb_no_locust
185,36.259166667,2.11666666700006,2020-04-28,8,0,tgb_swarm
186,36.96842,1.82799,2021-11-25,8,0,tgb_no_locust
187,37.831944444,0.34472222200003,2020-03-24,8,0,tgb_swarm
188,37.43337,5.55271,2021-05-10,8,0,tgb_no_locust
189,36.266666667,0.0,2020-03-04,8,0,tgb_swarm
190,37.145277778,1.03694444400003,2020-04-26,8,0,tgb_swarm
191,37.516666667,0.55,2020-01-29,8,0,tgb_swarm
192,37.30788,1.18243,2020-06-03,8,0,tgb_no_locust
193,37.066666667,3.31666666700005,2020-02-17,8,0,tgb_band
194,37.274444444,0.08694444400004,2020-03-24,8,0,tgb_adult
195,36.533333333,0.25,2020-03-30,8,0,tgb_swarm
196,36.48055,5.00589,2021-02-23,8,0,tgb_no_locust
197,37.4833333330001,0.083333333000041,2020-02-12,8,0,tgb_band
198,37.489348,4.674695,2022-07-13,8,0,tgb_no_locust
199,36.704166667,1.63027777800005,2020-05-04,8,0,tgb_swarm
200,37.454444444,1.83583333300004,2020-04-28,8,0,tgb_swarm
201,36.46364,5.22238,2021-05-14,8,0,tgb_no_locust
202,38.9283333330001,4.13777777800004,2020-02-24,8,0,tgb_hopper
203,38.97984,3.50399,2021-02-23,8,0,tgb_no_locust
204,37.95,5.4,2020-04-29,8,0,tgb_swarm
205,36.783333333,0.0,2020-03-31,9,0,tgb_swarm
206,37.566666667,0.616666667000061,2020-02-12,9,0,tgb_swarm
207,36.55,0.183333333000064,2020-03-30,9,0,tgb_swarm
208,37.1252777780001,1.64583333300004,2020-05-01,9,0,tgb_swarm
209,36.0072222220001,3.05,2020-03-19,9,0,tgb_band
210,37.84919,5.36324,2021-11-22,9,0,tgb_no_locust
211,36.030277778,1.95111111100005,2020-05-07,9,0,tgb_adult
212,37.4105555560001,3.08666666700003,2020-05-09,9,0,tgb_swarm
213,37.266666667,5.1,2020-04-26,9,0,tgb_swarm
214,36.78074,2.15172,2021-02-23,9,0,tgb_no_locust
215,36.8480555560001,3.435,2020-04-07,9,0,tgb_band
216,38.19542,0.5695,2020-12-18,9,0,tgb_no_locust
217,37.78829,4.86207,2021-11-25,9,0,tgb_no_locust
218,37.216666667,1.88333333300005,2020-02-25,9,0,tgb_band
219,37.07134,0.3565,2021-02-23,9,0,tgb_no_locust
220,38.4333333330001,5.21666666700003,2020-03-27,9,0,tgb_band
221,37.266666667,5.91666666700007,2020-05-01,9,0,tgb_swarm
222,36.76426,2.09456,2021-05-05,9,0,tgb_no_locust
223,38.85702,3.02703,2020-06-08,9,0,tgb_no_locust
224,37.6802777780001,4.47805555600007,2020-02-08,9,0,tgb_swarm
225,38.14874,0.49205,2020-12-18,9,0,tgb_no_locust
226,38.0672222220001,4.51361111100005,2020-03-20,9,0,tgb_swarm
227,36.82133,4.84053,2021-05-10,9,0,tgb_no_locust
228,37.59873,4.9087,2021-11-29,9,0,tgb_no_locust
229,36.04696,0.02431,2021-02-21,9,0,tgb_no_locust
230,36.7257,5.17337,2021-02-23,9,0,tgb_no_locust
231,36.3577777780001,0.03944444400003,2020-04-22,9,0,tgb_adult
232,36.25,0.28333333300003,2020-02-21,9,0,tgb_swarm
233,38.158611111,3.17666666700006,2020-01-16,9,0,tgb_swarm
234,37.6333333330001,0.666666667000072,2020-03-28,9,0,tgb_band
235,37.136111111,1.58333333300004,2020-05-02,9,0,tgb_swarm
236,36.63429,5.47283,2021-05-14,9,0,tgb_no_locust
237,38.57988,3.77978,2020-06-02,9,0,tgb_no_locust
238,36.11204,2.25064,2020-12-17,9,0,tgb_no_locust
239,38.40168,4.79651,2020-06-03,9,0,tgb_no_locust
240,37.41275,5.90723,2021-05-12,9,0,tgb_no_locust
241,36.6833333330001,1.63333333300005,2020-04-22,9,0,tgb_swarm
242,36.1013888890001,1.98222222200008,2020-05-05,9,0,tgb_adult
243,37.39781,5.52826,2021-05-14,9,0,tgb_no_locust
244,37.3833333330001,5.71666666700003,2020-04-21,9,0,tgb_swarm
245,37.266666667,1.41666666700007,2020-05-06,9,0,tgb_swarm
246,37.3730555560001,4.88777777800004,2020-01-31,9,0,tgb_swarm
247,37.702222222,4.41222222200003,2020-02-02,9,0,tgb_swarm
248,38.7469444440001,3.81416666700005,2020-01-22,9,0,tgb_swarm
249,38.50788,3.46429,2021-02-23,9,0,tgb_no_locust
250,37.145277778,1.03694444400003,2020-04-26,9,0,tgb_swarm
251,37.4377777780001,1.3475,2020-04-09,9,0,tgb_hopper
252,37.7333333330001,1.05,2020-02-07,9,0,tgb_swarm
253,37.2333333330001,0.8,2020-02-07,9,0,tgb_band
254,37.1,5.15,2020-04-17,9,0,tgb_band
255,37.01733,4.83402,2021-05-14,9,0,tgb_no_locust
256,37.15484,4.67678,2021-11-27,9,0,tgb_no_locust
257,36.19034,0.32996,2021-02-23,9,0,tgb_no_locust
258,36.48511,0.22068,2021-02-23,9,0,tgb_no_locust
259,36.91727,2.5309,2020-06-03,9,0,tgb_no_locust
260,37.333333333,0.06666666700005,2020-03-20,9,0,tgb_swarm
261,36.60883,5.09314,2021-05-14,9,0,tgb_no_locust
262,36.05447,0.3551,2021-02-23,9,0,tgb_no_locust
263,38.8488888890001,4.29972222200007,2020-02-04,9,0,tgb_swarm
264,36.8,0.6,2020-02-21,9,0,tgb_swarm
265,37.316666667,0.583333333000041,2020-02-06,9,0,tgb_band
266,38.1683333330001,4.21972222200003,2020-02-28,9,0,tgb_adult
267,37.30788,1.18243,2020-06-03,9,0,tgb_no_locust
268,37.1333333330001,0.583333333000041,2020-03-09,9,0,tgb_band
269,37.3833333330001,5.65,2020-04-13,9,0,tgb_swarm
270,37.086944444,1.0725,2020-04-24,9,0,tgb_swarm
271,36.1161111110001,2.01194444400005,2020-04-12,9,0,tgb_adult
272,36.204444444,2.77638888900003,2020-05-03,9,0,tgb_swarm
273,36.29311,0.45939,2021-02-23,9,0,tgb_no_locust
274,37.59346,3.14919,2020-06-05,9,0,tgb_no_locust
275,36.1833333330001,4.66666666700007,2020-03-29,9,0,tgb_band
276,37.41918,5.36944,2021-05-12,9,0,tgb_no_locust
277,38.566666667,0.916666667000072,2020-01-30,9,0,tgb_swarm
278,37.066666667,3.31666666700005,2020-02-17,9,0,tgb_band
279,38.97577,1.30657,2021-02-27,9,0,tgb_no_locust
280,36.771944444,5.36444444400007,2020-03-17,9,0,tgb_hopper
281,38.7891666670001,5.47416666700002,2020-03-01,9,0,tgb_swarm
282,37.3105555560001,1.74083333300007,2020-01-15,9,0,tgb_swarm
283,36.0083333330001,3.11666666700006,2020-03-19,9,0,tgb_band
284,37.4866666670001,0.354722222000021,2020-03-25,9,0,tgb_band
285,36.5,5.1,2020-05-01,9,0,tgb_swarm
286,36.9166666670001,0.983333333000076,2020-04-11,9,0,tgb_swarm
287,37.390277778,5.8025,2020-02-08,9,0,tgb_swarm
288,38.259815,5.523133,2020-03-21,9,0,tgb_no_locust
289,37.75,5.7,2020-04-21,9,0,tgb_swarm
290,36.46974,0.52048,2021-05-11,9,0,tgb_no_locust
291,37.75,0.25,2020-02-20,9,0,tgb_swarm
292,38.4897222220001,4.41555555600007,2020-05-06,9,0,tgb_hopper
293,36.46364,5.22238,2021-05-14,9,0,tgb_no_locust
294,37.689675,4.65612,2022-07-13,9,0,tgb_no_locust
295,37.25,0.633333333000053,2020-02-15,9,0,tgb_band
296,36.100833333,5.30083333300007,2020-03-25,9,0,tgb_band
297,38.2175,4.69611111100005,2020-03-14,9,0,tgb_adult
298,38.094722222,2.70055555600004,2020-01-15,9,0,tgb_swarm
299,38.190555556,4.435,2020-03-05,9,0,tgb_adult
300,37.333333333,3.68333333300006,2020-04-27,9,0,tgb_swarm
301,37.9166666670001,1.06666666700005,2020-02-06,9,0,tgb_swarm
302,36.24014,2.51534,2021-08-06,9,0,tgb_no_locust
303,37.49501,4.91195,2021-02-23,9,0,tgb_no_locust
304,37.98331,0.26454,2021-05-09,9,0,tgb_no_locust
305,37.783333333,0.683333333000064,2020-01-26,9,0,tgb_swarm
306,37.53124,3.80226,2020-06-02,9,0,tgb_no_locust
307,37.3522222220001,1.31583333300006,2020-05-01,9,0,tgb_adult
308,36.53911,5.28075,2021-05-14,9,0,tgb_no_locust
309,36.56467,0.08966,2021-02-23,9,0,tgb_no_locust
310,36.51889,5.15405,2021-05-14,9,0,tgb_no_locust
311,38.102,2.67874,2021-02-21,9,0,tgb_no_locust
312,38.32585,4.36763,2020-03-11,9,0,tgb_no_locust
313,37.1,5.31666666700005,2020-03-29,9,0,tgb_band
314,36.6666666670001,0.266666667000038,2020-03-08,9,0,tgb_swarm
315,37.28546,4.77109,2021-05-10,9,0,tgb_no_locust
316,37.1,1.25,2020-04-20,9,0,tgb_hopper
317,37.1936111110001,0.94388888900005,2020-03-22,9,0,tgb_hopper
318,37.089722222,1.50416666700005,2020-04-27,9,0,tgb_adult
319,36.20875,1.83032,2020-06-05,9,0,tgb_no_locust
320,37.716666667,0.383333333000053,2020-01-13,9,0,tgb_swarm
321,36.9,0.75,2020-02-17,9,0,tgb_swarm
322,37.9963888890001,4.39111111100004,2020-03-19,9,0,tgb_swarm
323,37.136111111,1.58333333300004,2020-05-02,10,0,tgb_swarm
324,37.4833333330001,0.083333333000041,2020-02-12,10,0,tgb_band
325,38.09135,2.69099,2020-12-10,10,0,tgb_no_locust
326,38.10061,5.10293,2021-11-26,10,0,tgb_no_locust
327,36.0,5.6,2020-03-28,10,0,tgb_band
328,38.718611111,4.55972222200006,2020-04-28,10,0,tgb_hopper
329,37.489348,4.674695,2022-07-13,10,0,tgb_no_locust
330,36.516666667,0.433333333000064,2020-03-27,10,0,tgb_swarm
331,37.38944,3.10373,2020-06-02,10,0,tgb_no_locust
332,38.695,3.77055555600003,2020-02-06,10,0,tgb_swarm
333,36.028055556,5.28333333300003,2020-03-25,10,0,tgb_band
334,37.9772222220001,4.08222222200004,2020-02-10,10,0,tgb_swarm
335,38.74985,3.50625,2020-06-03,10,0,tgb_no_locust
336,37.41275,5.90723,2021-05-12,10,0,tgb_no_locust
337,36.09314,0.22734,2021-02-23,10,0,tgb_no_locust
338,37.1333333330001,5.08333333300004,2020-04-16,10,0,tgb_swarm
339,36.783333333,1.75,2020-01-30,10,0,tgb_swarm
340,36.5,5.1,2020-05-01,10,0,tgb_swarm
341,36.24014,2.51534,2021-08-06,10,0,tgb_no_locust
342,36.6,5.3,2020-04-13,10,0,tgb_swarm
343,37.9830555560001,4.64888888900003,2020-03-10,10,0,tgb_adult
344,36.903888889,5.85666666700007,2020-03-25,10,0,tgb_band
345,37.539478,5.375088,2022-07-13,10,0,tgb_no_locust
346,36.3666666670001,0.166666667000072,2020-03-27,10,0,tgb_swarm
347,36.834166667,3.17833333300007,2020-05-05,10,0,tgb_band
348,37.01134,2.78787,2020-06-02,10,0,tgb_no_locust
349,37.05223,4.7896,2021-11-27,10,0,tgb_no_locust
350,37.2333333330001,1.38333333300005,2020-04-19,10,0,tgb_swarm
351,37.0,5.63333333300005,2020-04-11,10,0,tgb_swarm
352,37.79024,1.6117,2020-06-02,10,0,tgb_no_locust
353,38.5583333330001,4.46222222200004,2020-05-06,10,0,tgb_hopper
354,36.56467,0.08966,2021-02-23,10,0,tgb_no_locust
355,38.67885,0.49164,2021-02-27,10,0,tgb_no_locust
356,38.719722222,4.48888888900007,2020-05-02,10,0,tgb_hopper
357,37.2738,3.70346,2020-06-04,10,0,tgb_no_locust
358,38.483,0.89309,2021-02-21,10,0,tgb_no_locust
359,36.1833333330001,4.7,2020-03-28,10,0,tgb_band
360,37.9941666670001,2.33527777800003,2020-01-17,10,0,tgb_swarm
361,36.7333333330001,2.43333333300006,2020-04-13,10,0,tgb_swarm
362,37.6802777780001,4.47805555600007,2020-02-08,10,0,tgb_swarm
363,36.908611111,2.17833333300007,2020-04-10,10,0,tgb_swarm
364,38.0072222220001,4.44805555600004,2020-01-28,10,0,tgb_swarm
365,37.85,5.5,2020-04-04,10,0,tgb_swarm
366,37.08839,3.62414,2021-05-05,10,0,tgb_no_locust
367,37.02614,4.28131,2021-11-27,10,0,tgb_no_locust
368,38.43882,4.38918,2020-03-11,10,0,tgb_no_locust
369,36.9297222220001,1.04472222200008,2020-05-04,10,0,tgb_swarm
370,37.033333333,5.98333333300008,2020-04-29,10,0,tgb_swarm
371,38.1666666670001,0.083333333000041,2020-02-01,10,0,tgb_swarm
372,37.9166666670001,0.016666667000038,2020-01-11,10,0,tgb_swarm
373,36.266666667,0.0,2020-03-04,10,0,tgb_swarm
374,38.4333333330001,5.21666666700003,2020-03-27,10,0,tgb_band
375,37.2333333330001,0.8,2020-02-07,10,0,tgb_band
376,36.00283,0.43145,2021-02-23,10,0,tgb_no_locust
377,38.87755,5.99945,2021-11-29,10,0,tgb_no_locust
378,36.24217,5.07912,2020-03-11,10,0,tgb_no_locust
379,38.80182,1.24952,2021-05-13,10,0,tgb_no_locust
380,37.18932,0.49323,2021-05-15,10,0,tgb_no_locust
381,38.44432,4.84028,2021-11-26,10,0,tgb_no_locust
382,37.40018,1.76047,2021-02-27,10,0,tgb_no_locust
383,37.0,0.25,2020-02-02,10,0,tgb_swarm
384,38.281666667,4.22944444400002,2020-01-20,10,0,tgb_swarm
385,38.4741666670001,5.13861111100005,2020-03-10,10,0,tgb_swarm
386,36.1013888890001,1.98222222200008,2020-05-05,10,0,tgb_adult
387,37.55,0.4,2020-02-21,10,0,tgb_band
388,36.50638,4.99903,2021-11-29,10,0,tgb_no_locust
389,37.5552777780001,0.774166667000031,2020-04-14,10,0,tgb_swarm
390,36.84892,1.77765,2021-08-06,10,0,tgb_no_locust
391,37.4166666670001,5.83333333300004,2020-04-17,10,0,tgb_swarm
392,36.5558,2.89723,2021-05-13,10,0,tgb_no_locust
393,36.38338,0.77273,2021-02-21,10,0,tgb_no_locust
394,36.4053,0.45866,2021-02-23,10,0,tgb_no_locust
395,37.216666667,5.31138888900006,2020-02-16,10,0,tgb_swarm
396,38.4202777780001,5.0675,2020-03-12,10,0,tgb_adult
397,38.2983333330001,3.97888888900007,2020-01-19,10,0,tgb_swarm
398,37.316666667,0.866666667000061,2020-02-18,10,0,tgb_band
399,37.35,1.03333333300003,2020-01-27,10,0,tgb_swarm
400,38.97577,1.30657,2021-02-27,10,0,tgb_no_locust
401,37.69419,5.72776,2021-11-26,10,0,tgb_no_locust
402,37.199722222,5.5425,2020-02-22,10,0,tgb_swarm
403,38.273888889,4.48361111100007,2020-03-17,10,0,tgb_adult
404,38.49534,0.53417,2021-05-11,10,0,tgb_no_locust
405,36.966666667,5.91666666700007,2020-03-27,10,0,tgb_band
406,36.76426,2.09456,2021-05-05,10,0,tgb_no_locust
407,37.6833333330001,0.083333333000041,2020-02-13,10,0,tgb_swarm
408,37.45,1.06666666700005,2020-01-24,10,0,tgb_swarm
409,36.05447,0.3551,2021-02-23,10,0,tgb_no_locust
410,37.816666667,0.56666666700005,2020-01-30,10,0,tgb_swarm
411,36.766666667,1.11666666700006,2020-02-20,10,0,tgb_swarm
412,38.63765,3.49976,2020-06-03,10,0,tgb_no_locust
413,37.31619,5.30937,2021-05-14,10,0,tgb_no_locust
414,37.085277778,1.4925,2020-04-27,10,0,tgb_adult
415,36.886666667,2.26861111100004,2020-03-27,10,0,tgb_band
416,36.78409,3.07862,2021-02-23,10,0,tgb_no_locust
417,36.8558333330001,0.827222222000046,2020-04-11,10,0,tgb_swarm
418,37.38041,5.17569,2021-05-10,10,0,tgb_no_locust
419,37.7536111110001,4.985,2020-02-12,10,0,tgb_swarm
420,38.7469444440001,3.81416666700005,2020-01-22,10,0,tgb_swarm
421,38.2366666670001,4.18277777800006,2020-02-25,10,0,tgb_swarm
422,37.55,1.01666666700004,2020-01-13,10,0,tgb_swarm
423,37.9166666670001,1.06666666700005,2020-02-06,10,0,tgb_swarm
424,37.82629,4.87299,2021-11-25,10,0,tgb_no_locust
425,37.85043,5.44102,2021-11-26,10,0,tgb_no_locust
426,38.32585,4.36763,2020-03-11,10,0,tgb_no_locust
427,37.04766,4.9028,2021-11-23,10,0,tgb_no_locust
428,36.20875,1.83032,2020-06-05,10,0,tgb_no_locust
429,37.7333333330001,1.05,2020-02-07,10,0,tgb_swarm
430,38.1702777780001,5.01944444400004,2020-03-04,10,0,tgb_adult
431,37.28546,4.77109,2021-05-10,10,0,tgb_no_locust
432,37.30788,1.18243,2020-06-03,10,0,tgb_no_locust
433,36.9291666670001,1.44666666700004,2020-05-04,10,0,tgb_swarm
434,37.1,5.31666666700005,2020-03-29,10,0,tgb_band
435,36.99629,1.99913,2020-06-07,10,0,tgb_no_locust
436,38.2175,4.69611111100005,2020-03-14,10,0,tgb_adult
437,38.9283333330001,4.13777777800004,2020-02-24,10,0,tgb_hopper
438,37.033333333,0.6,2020-02-12,10,0,tgb_swarm
439,38.2486111110001,4.99861111100006,2020-03-13,10,0,tgb_adult
440,37.7302777780001,4.22916666700007,2020-02-10,10,0,tgb_swarm
441,38.69447,3.00182,2020-06-08,10,0,tgb_no_locust
442,37.10321,4.97812,2021-11-25,10,0,tgb_no_locust
443,37.60487,0.42264,2021-02-23,10,0,tgb_no_locust
444,37.29552,5.21351,2021-05-14,10,0,tgb_no_locust
445,37.231663,5.850692,2022-07-11,10,0,tgb_no_locust
446,37.53852,5.52288,2021-11-25,10,0,tgb_no_locust
447,37.066666667,5.03333333300003,2020-04-13,10,0,tgb_swarm
448,37.77684,5.24998,2021-11-25,10,0,tgb_no_locust
449,36.60883,5.09314,2021-05-14,10,0,tgb_no_locust
450,36.816666667,1.83333333300004,2020-01-30,10,0,tgb_swarm
451,38.9125,5.94405,2021-11-29,10,0,tgb_no_locust
452,38.05108,2.40752,2020-06-03,10,0,tgb_no_locust
453,38.1961111110001,4.51222222200005,2020-01-20,10,0,tgb_swarm
454,36.816666667,1.23333333300008,2020-04-07,10,0,tgb_swarm
455,36.37432,5.01113,2020-03-11,10,0,tgb_no_locust
456,37.454444444,1.83583333300004,2020-04-28,10,0,tgb_swarm
457,37.00373,2.1046,2020-06-03,10,0,tgb_no_locust
458,36.204444444,2.77638888900003,2020-05-03,10,0,tgb_swarm
459,37.339722222,3.0475,2020-02-28,10,0,tgb_band
460,38.9836111110001,1.11638888900006,2020-04-06,10,0,tgb_swarm
461,36.473611111,0.855833333000021,2020-04-16,10,0,tgb_swarm
462,36.216666667,5.61666666700006,2020-04-13,10,0,tgb_band
