row_id,X,Y,Presence,Week,WeekStart,ObsDate,Source
0,38.14277778,4.888333333,1,1,18-02-2020,22-02-2020,fao_hopper
1,38.05916667,4.888333333,1,1,18-02-2020,22-02-2020,fao_hopper
2,37.66361111,5.114722222,1,1,18-02-2020,21-02-2020,fao_hopper
3,38.92833333,4.137777778,1,1,18-02-2020,24-02-2020,fao_hopper
4,37.31666667,0.866666667,1,1,18-02-2020,18-02-2020,fao_band
5,37.8,1.583333333,1,1,18-02-2020,21-02-2020,fao_band
6,37.55,0.4,1,1,18-02-2020,21-02-2020,fao_band
7,36.95,3.216666667,1,1,18-02-2020,21-02-2020,fao_band
8,37.8,1.583333333,1,1,18-02-2020,23-02-2020,fao_band
9,37.61666667,0.9,1,1,18-02-2020,23-02-2020,fao_band
10,36.95,3.216666667,1,1,18-02-2020,20-02-2020,fao_band
11,37.33333333,0.866666667,1,1,18-02-2020,20-02-2020,fao_band
12,37.95,1.383333333,1,1,18-02-2020,24-02-2020,fao_band
13,37.54919588310734,3.424005521208839,0,1,18-02-2020,,synthetic_background
14,36.08542267943429,1.0291299373506184,0,1,18-02-2020,,synthetic_background
15,38.05583094509194,5.003381175816459,0,1,18-02-2020,,synthetic_background
16,36.920898659016714,5.361678478100384,0,1,18-02-2020,,synthetic_background
17,38.16463158530492,1.1396337252287807,0,1,18-02-2020,,synthetic_background
18,37.662682773374364,2.1127917241596847,0,1,18-02-2020,,synthetic_background
19,36.54567720798023,4.713610571186153,0,1,18-02-2020,,synthetic_background
20,38.896449667235906,1.3941219708885642,0,1,18-02-2020,,synthetic_background
21,36.25068430099003,3.6212905337473114,0,1,18-02-2020,,synthetic_background
22,38.186978271862856,1.6574329709835767,0,1,18-02-2020,,synthetic_background
23,38.05591898634054,3.1072048451822845,0,1,18-02-2020,,synthetic_background
24,37.56199619,3.4727372128525014,0,1,18-02-2020,,synthetic_background
25,38.20445717480815,3.251770633377561,0,1,18-02-2020,,synthetic_background
26,38.09222222,4.892777778,1,2,25-02-2020,25-02-2020,fao_hopper
27,36.82805556,5.466666667,1,2,25-02-2020,29-02-2020,fao_hopper
28,36.83194444,5.493333333,1,2,25-02-2020,29-02-2020,fao_hopper
29,36.82944444,5.516666667,1,2,25-02-2020,29-02-2020,fao_hopper
30,36.94277778,5.311944444,1,2,25-02-2020,29-02-2020,fao_hopper
31,36.92972222,5.314444444,1,2,25-02-2020,02-03-2020,fao_hopper
32,38.01527778,4.989166667,1,2,25-02-2020,02-03-2020,fao_hopper
33,38.02305556,4.962222222,1,2,25-02-2020,02-03-2020,fao_hopper
34,36.58277778,5.763888889,1,2,25-02-2020,02-03-2020,fao_hopper
35,36.93027778,5.3125,1,2,25-02-2020,02-03-2020,fao_hopper
36,37.25,0.6,1,2,25-02-2020,29-02-2020,fao_band
37,37.23333333,0.583333333,1,2,25-02-2020,29-02-2020,fao_band
38,37.21666667,0.566666667,1,2,25-02-2020,29-02-2020,fao_band
39,36.95,3.216666667,1,2,25-02-2020,29-02-2020,fao_band
40,37.85,1.55,1,2,25-02-2020,25-02-2020,fao_band
41,37.55,0.4,1,2,25-02-2020,25-02-2020,fao_band
42,37.21666667,1.883333333,1,2,25-02-2020,25-02-2020,fao_band
43,37.38888889,0.405555556,1,2,25-02-2020,28-02-2020,fao_band
44,37.33972222,3.0475,1,2,25-02-2020,28-02-2020,fao_band
45,37.23333333,0.8,1,2,25-02-2020,01-03-2020,fao_band
46,37.48333333,0.566666667,1,2,25-02-2020,02-03-2020,fao_band
47,37.79304475480819,4.055921426233704,0,2,25-02-2020,,synthetic_background
48,36.89784522302911,4.384441607454206,0,2,25-02-2020,,synthetic_background
49,37.736218173182905,4.8541060177241455,0,2,25-02-2020,,synthetic_background
50,36.501745512446746,1.872869811,0,2,25-02-2020,,synthetic_background
51,37.07379466190569,2.950483794427236,0,2,25-02-2020,,synthetic_background
52,37.470594718760864,5.366459325520951,0,2,25-02-2020,,synthetic_background
53,36.547231576103485,2.1669725107676148,0,2,25-02-2020,,synthetic_background
54,38.431774381066695,2.0006809776573826,0,2,25-02-2020,,synthetic_background
55,37.55685148868673,1.5697213432560209,0,2,25-02-2020,,synthetic_background
56,37.548649311900746,2.4071918493571673,0,2,25-02-2020,,synthetic_background
57,38.55122466012175,1.053017749176757,0,2,25-02-2020,,synthetic_background
58,37.559457424593376,3.0345861117352655,0,2,25-02-2020,,synthetic_background
59,37.04568107887023,0.42505658040612215,0,2,25-02-2020,,synthetic_background
60,37.72794602278572,2.4102762090271304,0,2,25-02-2020,,synthetic_background
61,36.396170664283154,4.289186506359407,0,2,25-02-2020,,synthetic_background
62,37.03998874431035,3.686468943939274,0,2,25-02-2020,,synthetic_background
63,36.816639529071225,4.916349108657474,0,2,25-02-2020,,synthetic_background
64,37.79854754,4.3227286322276965,0,2,25-02-2020,,synthetic_background
65,38.87962548173718,0.5571432064049044,0,2,25-02-2020,,synthetic_background
66,38.09311155,1.927490901634049,0,2,25-02-2020,,synthetic_background
67,37.86762719061612,1.309691869,0,2,25-02-2020,,synthetic_background
68,36.86444444,5.649722222,1,3,03-03-2020,03-03-2020,fao_hopper
69,36.84111111,5.471111111,1,3,03-03-2020,03-03-2020,fao_hopper
70,37.04277778,5.165,1,3,03-03-2020,04-03-2020,fao_hopper
71,38.13972222,4.73,1,3,03-03-2020,06-03-2020,fao_hopper
72,36.81111111,5.469444444,1,3,03-03-2020,09-03-2020,fao_hopper
73,36.83166667,5.476111111,1,3,03-03-2020,09-03-2020,fao_hopper
74,37.95361111,5.068888889,1,3,03-03-2020,05-03-2020,fao_band
75,36.75,2.4,1,3,03-03-2020,03-03-2020,fao_band
76,37.3,0.683333333,1,3,03-03-2020,06-03-2020,fao_band
77,37.06666667,3.316666667,1,3,03-03-2020,07-03-2020,fao_band
78,37.13333333,0.583333333,1,3,03-03-2020,09-03-2020,fao_band
79,37.11666667,0.7,1,3,03-03-2020,09-03-2020,fao_band
80,37.296333616802706,1.0452915791929838,0,3,03-03-2020,,synthetic_background
81,36.51283105583251,4.9657934857238475,0,3,03-03-2020,,synthetic_background
82,37.76151378037717,2.756122473868272,0,3,03-03-2020,,synthetic_background
83,36.92136075449142,1.2053662545290116,0,3,03-03-2020,,synthetic_background
84,37.20969737359069,5.687335994114214,0,3,03-03-2020,,synthetic_background
85,38.03263329148001,3.653850624697122,0,3,03-03-2020,,synthetic_background
86,37.00967974851783,2.143634005433749,0,3,03-03-2020,,synthetic_background
87,37.45817996238544,5.269694511204504,0,3,03-03-2020,,synthetic_background
88,38.264726070933584,3.782789666,0,3,03-03-2020,,synthetic_background
89,37.12945105786986,3.5409695670165418,0,3,03-03-2020,,synthetic_background
90,38.21198623154641,3.576878709191755,0,3,03-03-2020,,synthetic_background
91,36.277438897284156,2.4136257488116986,0,3,03-03-2020,,synthetic_background
92,36.95166667,5.339444444,1,4,10-03-2020,15-03-2020,fao_hopper
93,36.83416667,5.544166667,1,4,10-03-2020,10-03-2020,fao_hopper
94,36.835,5.544166667,1,4,10-03-2020,10-03-2020,fao_hopper
95,36.83972222,5.449444444,1,4,10-03-2020,10-03-2020,fao_hopper
96,36.83972222,5.443888889,1,4,10-03-2020,11-03-2020,fao_hopper
97,36.83416667,5.544166667,1,4,10-03-2020,11-03-2020,fao_hopper
98,36.83972222,5.449166667,1,4,10-03-2020,12-03-2020,fao_hopper
99,36.83583333,5.545,1,4,10-03-2020,12-03-2020,fao_hopper
100,36.9675,5.401111111,1,4,10-03-2020,15-03-2020,fao_band
101,36.85027778,5.471944444,1,4,10-03-2020,15-03-2020,fao_band
102,37.08222222,5.118055556,1,4,10-03-2020,10-03-2020,fao_band
103,36.85833333,4.983611111,1,4,10-03-2020,12-03-2020,fao_band
104,37.07444444,5.28,1,4,10-03-2020,12-03-2020,fao_band
105,37.12444444,5.207777778,1,4,10-03-2020,14-03-2020,fao_band
106,37.07444444,5.28,1,4,10-03-2020,15-03-2020,fao_band
107,37.12444444,5.207777778,1,4,10-03-2020,15-03-2020,fao_band
108,37.2,0.65,1,4,10-03-2020,10-03-2020,fao_band
109,37.78333333,1.583333333,1,4,10-03-2020,10-03-2020,fao_band
110,37.16666667,0.616666667,1,4,10-03-2020,14-03-2020,fao_band
111,36.86666667,0.4,1,4,10-03-2020,14-03-2020,fao_band
112,37.16666667,0.616666667,1,4,10-03-2020,15-03-2020,fao_band
113,36.37432,5.01113,0,4,10-03-2020,11-03-2020,fao_no_locust
114,36.24217,5.07912,0,4,10-03-2020,11-03-2020,fao_no_locust
115,36.11185,5.14618,0,4,10-03-2020,11-03-2020,fao_no_locust
116,38.32585,4.36763,0,4,10-03-2020,11-03-2020,fao_no_locust
117,38.43882,4.38918,0,4,10-03-2020,11-03-2020,fao_no_locust
118,36.07715,5.21902,0,4,10-03-2020,11-03-2020,fao_no_locust
119,38.5549,4.45977,0,4,10-03-2020,11-03-2020,fao_no_locust
120,38.57085,4.42087,0,4,10-03-2020,11-03-2020,fao_no_locust
121,37.47752,5.08828,0,4,10-03-2020,11-03-2020,fao_no_locust
122,37.50683,5.10387,0,4,10-03-2020,11-03-2020,fao_no_locust
123,37.53242,5.12305,0,4,10-03-2020,11-03-2020,fao_no_locust
124,37.57262,5.12223,0,4,10-03-2020,11-03-2020,fao_no_locust
125,37.59825,5.1277,0,4,10-03-2020,11-03-2020,fao_no_locust
126,38.2149,5.02552,0,4,10-03-2020,12-03-2020,fao_no_locust
127,38.39335,5.06467,0,4,10-03-2020,12-03-2020,fao_no_locust
128,38.22598,4.9962,0,4,10-03-2020,13-03-2020,fao_no_locust
129,38.26125,5.09153,0,4,10-03-2020,13-03-2020,fao_no_locust
130,36.9855,0.62321,0,4,10-03-2020,13-03-2020,fao_no_locust
131,38.1942,4.72778,0,4,10-03-2020,14-03-2020,fao_no_locust
132,38.19603,4.79315,0,4,10-03-2020,14-03-2020,fao_no_locust
133,38.18628,4.84388,0,4,10-03-2020,14-03-2020,fao_no_locust
134,37.86487,4.97968,0,4,10-03-2020,16-03-2020,fao_no_locust
135,37.82533,4.98842,0,4,10-03-2020,16-03-2020,fao_no_locust
136,37.77723,5.00702,0,4,10-03-2020,16-03-2020,fao_no_locust
137,37.7514,4.98428,0,4,10-03-2020,16-03-2020,fao_no_locust
138,37.72092,4.95218,0,4,10-03-2020,16-03-2020,fao_no_locust
139,37.68385,4.93888,0,4,10-03-2020,16-03-2020,fao_no_locust
140,37.69027,5.08568,0,4,10-03-2020,16-03-2020,fao_no_locust
141,37.19361111,0.943888889,1,5,17-03-2020,22-03-2020,fao_hopper
142,36.76027778,5.471388889,1,5,17-03-2020,18-03-2020,fao_hopper
143,36.83138889,5.452777778,1,5,17-03-2020,17-03-2020,fao_hopper
144,36.77194444,5.364444444,1,5,17-03-2020,17-03-2020,fao_hopper
145,36.77194444,5.359444444,1,5,17-03-2020,17-03-2020,fao_hopper
146,36.80611111,5.399166667,1,5,17-03-2020,18-03-2020,fao_hopper
147,37.15,1.25,1,5,17-03-2020,20-03-2020,fao_band
148,37.13333333,0.916666667,1,5,17-03-2020,22-03-2020,fao_band
149,37.16666667,0.916666667,1,5,17-03-2020,22-03-2020,fao_band
150,37.13333333,0.9,1,5,17-03-2020,22-03-2020,fao_band
151,37.31666667,0.966666667,1,5,17-03-2020,22-03-2020,fao_band
152,37,0.833333333,1,5,17-03-2020,22-03-2020,fao_band
153,37.21666667,0.933333333,1,5,17-03-2020,22-03-2020,fao_band
154,37.25,1.016666667,1,5,17-03-2020,22-03-2020,fao_band
155,37.18333333,0.933333333,1,5,17-03-2020,22-03-2020,fao_band
156,37.15027778,0.923611111,1,5,17-03-2020,20-03-2020,fao_band
157,37.265,0.947222222,1,5,17-03-2020,20-03-2020,fao_band
158,37.32722222,0.982222222,1,5,17-03-2020,21-03-2020,fao_band
159,37.25055556,1.021388889,1,5,17-03-2020,22-03-2020,fao_band
160,37.215,0.937777778,1,5,17-03-2020,20-03-2020,fao_band
161,37.00166667,5.355,1,5,17-03-2020,23-03-2020,fao_band
162,36.83027778,5.474444444,1,5,17-03-2020,23-03-2020,fao_band
163,38.21277778,4.875277778,1,5,17-03-2020,23-03-2020,fao_band
164,36.79611111,5.473055556,1,5,17-03-2020,23-03-2020,fao_band
165,36.98722222,5.318888889,1,5,17-03-2020,23-03-2020,fao_band
166,37.02138889,5.354166667,1,5,17-03-2020,23-03-2020,fao_band
167,36.74388889,5.505833333,1,5,17-03-2020,23-03-2020,fao_band
168,37.78972222,0.149166667,1,5,17-03-2020,23-03-2020,fao_band
169,37.23333333,0.583333333,1,5,17-03-2020,18-03-2020,fao_band
170,37.16666667,0.633333333,1,5,17-03-2020,18-03-2020,fao_band
171,37.36666667,0.7,1,5,17-03-2020,18-03-2020,fao_band
172,37.55,0.4,1,5,17-03-2020,18-03-2020,fao_band
173,37.26666667,1.766666667,1,5,17-03-2020,18-03-2020,fao_band
174,36.75,2.4,1,5,17-03-2020,18-03-2020,fao_band
175,36.00722222,3.05,1,5,17-03-2020,19-03-2020,fao_band
176,36.00277778,3.002777778,1,5,17-03-2020,19-03-2020,fao_band
177,36.00694444,3.003333333,1,5,17-03-2020,19-03-2020,fao_band
178,36.00833333,3.116666667,1,5,17-03-2020,19-03-2020,fao_band
179,37.23333333,0.583333333,1,5,17-03-2020,17-03-2020,fao_band
180,37.07444444,5.28,1,5,17-03-2020,17-03-2020,fao_band
181,37.12444444,5.207777778,1,5,17-03-2020,17-03-2020,fao_band
182,36.16138889,4.724444444,1,5,17-03-2020,17-03-2020,fao_band
183,36.125,4.737777778,1,5,17-03-2020,17-03-2020,fao_band
184,37.01944444,5.320833333,1,5,17-03-2020,17-03-2020,fao_band
185,36.18777778,4.661388889,1,5,17-03-2020,17-03-2020,fao_band
186,36.83138889,5.719444444,1,5,17-03-2020,19-03-2020,fao_band
187,36.125,4.737777778,1,5,17-03-2020,19-03-2020,fao_band
188,36.08555556,4.723888889,1,5,17-03-2020,19-03-2020,fao_band
189,36.18777778,4.661388889,1,5,17-03-2020,19-03-2020,fao_band
190,36.77777778,4.470555556,1,5,17-03-2020,20-03-2020,fao_band
191,36.76416667,5.470555556,1,5,17-03-2020,21-03-2020,fao_band
192,36.835,5.4425,1,5,17-03-2020,21-03-2020,fao_band
193,36.91833333,5.327777778,1,5,17-03-2020,21-03-2020,fao_band
194,37.02611111,5.306666667,1,5,17-03-2020,21-03-2020,fao_band
195,36.18527778,4.668888889,1,5,17-03-2020,21-03-2020,fao_band
196,36.92472222,4.959166667,1,5,17-03-2020,21-03-2020,fao_band
197,36.95888889,5.08,1,5,17-03-2020,22-03-2020,fao_band
198,36.835,5.361111111,1,5,17-03-2020,21-03-2020,fao_band
199,38.19295,4.744566,0,5,17-03-2020,19-03-2020,fao_no_locust
200,38.282482,4.33015,0,5,17-03-2020,20-03-2020,fao_no_locust
201,38.153282,4.37935,0,5,17-03-2020,20-03-2020,fao_no_locust
202,38.169968,4.868683,0,5,17-03-2020,20-03-2020,fao_no_locust
203,38.295166,5.243733,0,5,17-03-2020,20-03-2020,fao_no_locust
204,38.29418,5.218517,0,5,17-03-2020,20-03-2020,fao_no_locust
205,38.33082,5.303367,0,5,17-03-2020,21-03-2020,fao_no_locust
206,38.351166,5.31635,0,5,17-03-2020,21-03-2020,fao_no_locust
207,38.32665,5.362933,0,5,17-03-2020,21-03-2020,fao_no_locust
208,38.259815,5.523133,0,5,17-03-2020,21-03-2020,fao_no_locust
209,38.2925,5.272083,0,5,17-03-2020,21-03-2020,fao_no_locust
210,38.061817,4.911767,0,5,17-03-2020,21-03-2020,fao_no_locust
211,38.033615,4.930666,0,5,17-03-2020,21-03-2020,fao_no_locust
212,38.011982,4.945483,0,5,17-03-2020,21-03-2020,fao_no_locust
213,37.9505,4.96375,0,5,17-03-2020,21-03-2020,fao_no_locust
214,37.89892,4.960883,0,5,17-03-2020,23-03-2020,fao_no_locust
215,37.837715,4.985283,0,5,17-03-2020,23-03-2020,fao_no_locust
216,37.760117,5.012434,0,5,17-03-2020,23-03-2020,fao_no_locust
217,38.1978,4.7738,0,5,17-03-2020,23-03-2020,fao_no_locust
218,38.192616,4.735317,0,5,17-03-2020,23-03-2020,fao_no_locust
219,38.205868,4.706433,0,5,17-03-2020,23-03-2020,fao_no_locust
220,38.212917,4.69975,0,5,17-03-2020,23-03-2020,fao_no_locust
221,36.70945,1.09685,0,5,17-03-2020,23-03-2020,fao_no_locust
222,36.251219771689144,2.001037754874006,0,5,17-03-2020,,synthetic_background
223,38.57806723526594,0.6341210119145071,0,5,17-03-2020,,synthetic_background
224,36.89050374,0.013471420920701416,0,5,17-03-2020,,synthetic_background
225,37.73117280066725,1.4932663128995722,0,5,17-03-2020,,synthetic_background
226,37.02465916,0.42118971743969036,0,5,17-03-2020,,synthetic_background
227,37.61542575600322,3.152902368675682,0,5,17-03-2020,,synthetic_background
228,38.456389910499695,4.117983501,0,5,17-03-2020,,synthetic_background
229,37.60832557546326,1.0389718369194498,0,5,17-03-2020,,synthetic_background
230,37.645311126513164,1.448221933650842,0,5,17-03-2020,,synthetic_background
231,36.98401080242392,3.5335704286865925,0,5,17-03-2020,,synthetic_background
232,38.38551181366258,2.8870310735817863,0,5,17-03-2020,,synthetic_background
233,37.72855803184699,3.540683924,0,5,17-03-2020,,synthetic_background
234,38.39369340565616,4.668742361803495,0,5,17-03-2020,,synthetic_background
235,37.99994228124575,3.0673529438007687,0,5,17-03-2020,,synthetic_background
236,37.60906436171738,1.039332009,0,5,17-03-2020,,synthetic_background
237,37.60646102094793,1.1053253235435243,0,5,17-03-2020,,synthetic_background
238,36.274078736878955,3.4263505865253863,0,5,17-03-2020,,synthetic_background
239,38.473950962930864,0.9433235981970798,0,5,17-03-2020,,synthetic_background
240,37.97603748434096,0.5516167207190152,0,5,17-03-2020,,synthetic_background
241,38.84547995747611,0.5746521766894384,0,5,17-03-2020,,synthetic_background
242,37.288227786650815,3.7619985717823736,0,5,17-03-2020,,synthetic_background
243,38.31123334875729,2.839485011096084,0,5,17-03-2020,,synthetic_background
244,36.83902915,1.4903881049682741,0,5,17-03-2020,,synthetic_background
245,36.29326881365763,4.527337257312217,0,5,17-03-2020,,synthetic_background
246,37.57560740573376,4.805948583928205,0,5,17-03-2020,,synthetic_background
247,36.92125206238654,3.714872639058419,0,5,17-03-2020,,synthetic_background
248,38.99769191326752,4.488134531614915,0,5,17-03-2020,,synthetic_background
249,37.615708391020675,2.539792046176531,0,5,17-03-2020,,synthetic_background
250,36.05879862962668,4.891343593808203,0,5,17-03-2020,,synthetic_background
251,36.69812899108565,2.2369689261167807,0,5,17-03-2020,,synthetic_background
252,36.31456724967361,3.7363005419949094,0,5,17-03-2020,,synthetic_background
253,37.02497666801374,5.892256458,0,5,17-03-2020,,synthetic_background
254,37.34772520427345,2.6353339059843233,0,5,17-03-2020,,synthetic_background
255,36.94698248036388,2.7889620526511814,0,5,17-03-2020,,synthetic_background
256,37.646267046416995,2.8380685025838455,0,5,17-03-2020,,synthetic_background
257,36.87055556,2.352222222,1,6,24-03-2020,30-03-2020,fao_hopper
258,36.85194444,4.997222222,1,6,24-03-2020,25-03-2020,fao_hopper
259,36.85416667,5.459166667,1,6,24-03-2020,29-03-2020,fao_hopper
260,36.95,5.75,1,6,24-03-2020,27-03-2020,fao_band
261,37.08333333,5.183333333,1,6,24-03-2020,27-03-2020,fao_band
262,36.81666667,5.516666667,1,6,24-03-2020,27-03-2020,fao_band
263,36.96666667,5.916666667,1,6,24-03-2020,27-03-2020,fao_band
264,37.01666667,5.3,1,6,24-03-2020,27-03-2020,fao_band
265,36.88333333,5.1,1,6,24-03-2020,27-03-2020,fao_band
266,36.93333333,5.616666667,1,6,24-03-2020,27-03-2020,fao_band
267,36.88333333,5.633333333,1,6,24-03-2020,27-03-2020,fao_band
268,36.91666667,4.95,1,6,24-03-2020,27-03-2020,fao_band
269,36.91666667,5.283333333,1,6,24-03-2020,27-03-2020,fao_band
270,36.71666667,5.366666667,1,6,24-03-2020,27-03-2020,fao_band
271,36.75,5.316666667,1,6,24-03-2020,27-03-2020,fao_band
272,36.81666667,5.45,1,6,24-03-2020,27-03-2020,fao_band
273,38.43333333,5.216666667,1,6,24-03-2020,27-03-2020,fao_band
274,36.75,5.35,1,6,24-03-2020,28-03-2020,fao_band
275,36.93333333,5.4,1,6,24-03-2020,28-03-2020,fao_band
276,36.75,5.366666667,1,6,24-03-2020,28-03-2020,fao_band
277,36.96666667,5.3,1,6,24-03-2020,28-03-2020,fao_band
278,37.01666667,5.3,1,6,24-03-2020,28-03-2020,fao_band
279,36,5.6,1,6,24-03-2020,28-03-2020,fao_band
280,36.7,5.283333333,1,6,24-03-2020,28-03-2020,fao_band
281,36.06666667,4.8,1,6,24-03-2020,28-03-2020,fao_band
282,36.05,4.716666667,1,6,24-03-2020,28-03-2020,fao_band
283,36.18333333,4.7,1,6,24-03-2020,28-03-2020,fao_band
284,36.85,5.466666667,1,6,24-03-2020,28-03-2020,fao_band
285,36.75,5.316666667,1,6,24-03-2020,28-03-2020,fao_band
286,36.76666667,5.316666667,1,6,24-03-2020,28-03-2020,fao_band
287,36.03333333,4.7,1,6,24-03-2020,28-03-2020,fao_band
288,36.93333333,5.716666667,1,6,24-03-2020,27-03-2020,fao_band
289,37.05,5.25,1,6,24-03-2020,27-03-2020,fao_band
290,37,5.216666667,1,6,24-03-2020,28-03-2020,fao_band
291,38.43333333,5.216666667,1,6,24-03-2020,28-03-2020,fao_band
292,36.98333333,5.316666667,1,6,24-03-2020,29-03-2020,fao_band
293,36.8,5.466666667,1,6,24-03-2020,29-03-2020,fao_band
294,37.06666667,5.316666667,1,6,24-03-2020,29-03-2020,fao_band
295,37.1,5.316666667,1,6,24-03-2020,29-03-2020,fao_band
296,36.71666667,5.466666667,1,6,24-03-2020,29-03-2020,fao_band
297,36.83333333,5.516666667,1,6,24-03-2020,29-03-2020,fao_band
298,36.8,5.35,1,6,24-03-2020,29-03-2020,fao_band
299,36.81666667,5.366666667,1,6,24-03-2020,29-03-2020,fao_band
300,36.9,5.2,1,6,24-03-2020,29-03-2020,fao_band
301,36.88333333,5.1,1,6,24-03-2020,29-03-2020,fao_band
302,36.75,5.466666667,1,6,24-03-2020,29-03-2020,fao_band
303,36.83333333,5.033333333,1,6,24-03-2020,29-03-2020,fao_band
304,36.85,5.166666667,1,6,24-03-2020,29-03-2020,fao_band
305,36.86666667,5.133333333,1,6,24-03-2020,29-03-2020,fao_band
306,36.03333333,4.783333333,1,6,24-03-2020,29-03-2020,fao_band
307,36.18333333,4.666666667,1,6,24-03-2020,29-03-2020,fao_band
308,37.01666667,5.283333333,1,6,24-03-2020,27-03-2020,fao_band
309,37.63333333,0.666666667,1,6,24-03-2020,28-03-2020,fao_band
310,36.88666667,2.268611111,1,6,24-03-2020,27-03-2020,fao_band
311,36.88861111,2.292222222,1,6,24-03-2020,27-03-2020,fao_band
312,36.89583333,2.302222222,1,6,24-03-2020,27-03-2020,fao_band
313,36.8825,2.288611111,1,6,24-03-2020,27-03-2020,fao_band
314,36.88722222,2.267777778,1,6,24-03-2020,27-03-2020,fao_band
315,36.89388889,2.266111111,1,6,24-03-2020,27-03-2020,fao_band
316,36.91972222,2.241111111,1,6,24-03-2020,28-03-2020,fao_band
317,36.83666667,2.265555556,1,6,24-03-2020,28-03-2020,fao_band
318,37.58027778,0.444722222,1,6,24-03-2020,28-03-2020,fao_band
319,37.04583333,5.321666667,1,6,24-03-2020,24-03-2020,fao_band
320,36.84583333,5.4425,1,6,24-03-2020,24-03-2020,fao_band
321,36.87527778,5.456666667,1,6,24-03-2020,24-03-2020,fao_band
322,36.78027778,5.355,1,6,24-03-2020,24-03-2020,fao_band
323,36.80555556,5.361111111,1,6,24-03-2020,24-03-2020,fao_band
324,36.71194444,5.298611111,1,6,24-03-2020,24-03-2020,fao_band
325,36.72,5.375,1,6,24-03-2020,24-03-2020,fao_band
326,36.80611111,5.399166667,1,6,24-03-2020,24-03-2020,fao_band
327,36.95861111,5.342222222,1,6,24-03-2020,24-03-2020,fao_band
328,37.02611111,5.306666667,1,6,24-03-2020,24-03-2020,fao_band
329,36.99138889,5.253611111,1,6,24-03-2020,24-03-2020,fao_band
330,36.9,5.21,1,6,24-03-2020,24-03-2020,fao_band
331,36.89277778,5.11,1,6,24-03-2020,24-03-2020,fao_band
332,36.76027778,5.471388889,1,6,24-03-2020,24-03-2020,fao_band
333,36.79027778,5.431666667,1,6,24-03-2020,25-03-2020,fao_band
334,36.84138889,5.541388889,1,6,24-03-2020,25-03-2020,fao_band
335,36.75861111,5.359722222,1,6,24-03-2020,25-03-2020,fao_band
336,36.72666667,5.471666667,1,6,24-03-2020,25-03-2020,fao_band
337,36.76527778,5.379444444,1,6,24-03-2020,25-03-2020,fao_band
338,36.81972222,5.38,1,6,24-03-2020,25-03-2020,fao_band
339,36.91305556,5.271666667,1,6,24-03-2020,25-03-2020,fao_band
340,36.99138889,5.253611111,1,6,24-03-2020,25-03-2020,fao_band
341,36.93333333,5.21,1,6,24-03-2020,25-03-2020,fao_band
342,36.10083333,5.300833333,1,6,24-03-2020,25-03-2020,fao_band
343,36.89277778,5.11,1,6,24-03-2020,25-03-2020,fao_band
344,36.90388889,5.856666667,1,6,24-03-2020,25-03-2020,fao_band
345,36.02805556,5.283333333,1,6,24-03-2020,25-03-2020,fao_band
346,36.06555556,5.256944444,1,6,24-03-2020,25-03-2020,fao_band
347,37.02333333,5.285833333,1,6,24-03-2020,25-03-2020,fao_band
348,37.02805556,5.283333333,1,6,24-03-2020,25-03-2020,fao_band
349,36.77333333,5.395833333,1,6,24-03-2020,26-03-2020,fao_band
350,37.77944444,5.416111111,1,6,24-03-2020,26-03-2020,fao_band
351,37.06666667,3.316666667,1,6,24-03-2020,29-03-2020,fao_band
352,37.8,1.583333333,1,6,24-03-2020,29-03-2020,fao_band
353,36.84944444,5.000277778,1,6,24-03-2020,24-03-2020,fao_band
354,36.85027778,5.460555556,1,6,24-03-2020,29-03-2020,fao_band
355,36.80972222,5.468888889,1,6,24-03-2020,30-03-2020,fao_band
356,37.06666667,5.15,1,6,24-03-2020,30-03-2020,fao_band
357,36.78333333,5.466666667,1,6,24-03-2020,30-03-2020,fao_band
358,37,5.3,1,6,24-03-2020,30-03-2020,fao_band
359,37.48666667,0.354722222,1,6,24-03-2020,25-03-2020,fao_band
360,36.88722222,2.2675,1,6,24-03-2020,26-03-2020,fao_band
361,37.34869510306255,3.661312630362696,0,6,24-03-2020,,synthetic_background
362,38.55617945242591,4.4328612683816155,0,6,24-03-2020,,synthetic_background
363,37.05683674826511,1.2721907073072085,0,6,24-03-2020,,synthetic_background
364,36.143218957096956,0.8246841497239561,0,6,24-03-2020,,synthetic_background
365,36.52899145459169,0.2204850425580267,0,6,24-03-2020,,synthetic_background
366,37.53147850215825,4.602477862,0,6,24-03-2020,,synthetic_background
367,37.45421555499529,1.2576825567722372,0,6,24-03-2020,,synthetic_background
368,37.25654732049687,3.384053523971843,0,6,24-03-2020,,synthetic_background
369,37.174543424223046,3.0807760827106034,0,6,24-03-2020,,synthetic_background
370,37.822412010020486,4.9184803590486625,0,6,24-03-2020,,synthetic_background
371,36.63840267855816,1.7085705221890142,0,6,24-03-2020,,synthetic_background
372,37.32301778339503,2.2160669855081903,0,6,24-03-2020,,synthetic_background
373,36.28787435831162,1.601845633,0,6,24-03-2020,,synthetic_background
374,36.64319498,4.883622530196695,0,6,24-03-2020,,synthetic_background
375,38.78298026396181,2.805916529206778,0,6,24-03-2020,,synthetic_background
376,38.46588735892637,1.655716633,0,6,24-03-2020,,synthetic_background
377,37.574942331517676,1.0876252882465123,0,6,24-03-2020,,synthetic_background
378,37.100194286555656,3.1184333921348566,0,6,24-03-2020,,synthetic_background
379,37.78818923967298,4.954762591,0,6,24-03-2020,,synthetic_background
380,37.59050234519287,4.565630656978785,0,6,24-03-2020,,synthetic_background
381,38.71113492,0.3489719241282234,0,6,24-03-2020,,synthetic_background
382,37.340790988744814,3.2255841582635125,0,6,24-03-2020,,synthetic_background
383,36.685916397548446,3.4121037584351477,0,6,24-03-2020,,synthetic_background
384,36.61547631450268,4.105379618989149,0,6,24-03-2020,,synthetic_background
385,37.64350887604226,2.4366529217597677,0,6,24-03-2020,,synthetic_background
386,37.680591942874216,1.442933897684541,0,6,24-03-2020,,synthetic_background
387,36.53534309370711,2.313485380185896,0,6,24-03-2020,,synthetic_background
388,36.251961204288804,4.493952264900441,0,6,24-03-2020,,synthetic_background
389,38.349970444397115,4.136683077623248,0,6,24-03-2020,,synthetic_background
390,36.709408993961866,0.9997218104392858,0,6,24-03-2020,,synthetic_background
391,36.38612386,1.590604992468354,0,6,24-03-2020,,synthetic_background
392,36.489186851657365,4.8218340056337015,0,6,24-03-2020,,synthetic_background
393,36.75311078741125,2.6101372832510674,0,6,24-03-2020,,synthetic_background
394,37.67601658366864,4.9426340890622065,0,6,24-03-2020,,synthetic_background
395,36.52751636429847,4.967218802733674,0,6,24-03-2020,,synthetic_background
396,37.24311160697692,2.5112667760926106,0,6,24-03-2020,,synthetic_background
397,38.18614835122904,4.258888180253299,0,6,24-03-2020,,synthetic_background
398,37.15887688066112,0.23906283200932044,0,6,24-03-2020,,synthetic_background
399,37.08128009793533,2.583350143,0,6,24-03-2020,,synthetic_background
400,36.816353333745674,0.3451011047266834,0,6,24-03-2020,,synthetic_background
401,36.68379469033652,5.782743659522518,0,6,24-03-2020,,synthetic_background
402,36.77621069273186,4.747980745170721,0,6,24-03-2020,,synthetic_background
403,38.126911347703555,4.399435229779097,0,6,24-03-2020,,synthetic_background
404,38.32568976895052,1.9866939731479256,0,6,24-03-2020,,synthetic_background
405,38.861930358580814,1.7861844935600824,0,6,24-03-2020,,synthetic_background
406,36.207912377455166,1.8881741189815415,0,6,24-03-2020,,synthetic_background
407,38.693085811577994,1.1496331186597646,0,6,24-03-2020,,synthetic_background
408,38.019096608091154,1.708454766994178,0,6,24-03-2020,,synthetic_background
409,37.92179431714979,1.040088815282849,0,6,24-03-2020,,synthetic_background
410,38.55376785,2.200853075048607,0,6,24-03-2020,,synthetic_background
411,37.00241472543501,2.484571207651478,0,6,24-03-2020,,synthetic_background
412,36.118197433136096,1.3926305042307126,0,6,24-03-2020,,synthetic_background
413,38.259903026385416,1.918980146320047,0,6,24-03-2020,,synthetic_background
414,36.70598518,4.463825794447344,0,6,24-03-2020,,synthetic_background
415,37.13843406581901,0.36810476717376783,0,6,24-03-2020,,synthetic_background
416,37.95398216098417,3.753939479,0,6,24-03-2020,,synthetic_background
417,38.110690008762006,1.8485296666754978,0,6,24-03-2020,,synthetic_background
418,37.813047611798524,2.6054215823838334,0,6,24-03-2020,,synthetic_background
419,37.93985675,2.948893035626674,0,6,24-03-2020,,synthetic_background
420,38.42362066792152,1.0732720503857487,0,6,24-03-2020,,synthetic_background
421,36.76332010009459,4.568864503633806,0,6,24-03-2020,,synthetic_background
422,38.97528385746735,3.721617715008498,0,6,24-03-2020,,synthetic_background
423,37.91294148,4.147978366219492,0,6,24-03-2020,,synthetic_background
424,38.796996100398594,0.994164619,0,6,24-03-2020,,synthetic_background
425,38.03742723680578,3.679570968028381,0,6,24-03-2020,,synthetic_background
426,37.87466099008546,3.2417655520025535,0,6,24-03-2020,,synthetic_background
427,37.41001150607238,3.4393507071456866,0,6,24-03-2020,,synthetic_background
428,36.57677557303906,5.303883375655558,0,6,24-03-2020,,synthetic_background
429,36.979514474571026,0.48907412989510846,0,6,24-03-2020,,synthetic_background
430,36.32236536624145,3.7161693151059967,0,6,24-03-2020,,synthetic_background
431,38.84243426434719,4.924509157,0,6,24-03-2020,,synthetic_background
432,36.52749792,4.963506196737865,0,6,24-03-2020,,synthetic_background
433,37.95886031617118,1.8327168775047311,0,6,24-03-2020,,synthetic_background
434,37.88247774064712,4.777486408474892,0,6,24-03-2020,,synthetic_background
435,36.66091685677761,0.22005077776705817,0,6,24-03-2020,,synthetic_background
436,38.33642937582814,2.072254580392431,0,6,24-03-2020,,synthetic_background
437,38.782448697069185,1.7563909578986494,0,6,24-03-2020,,synthetic_background
438,37.94893765514398,2.78064915,0,6,24-03-2020,,synthetic_background
439,38.36517173211943,0.5287867371785353,0,6,24-03-2020,,synthetic_background
440,38.13062813389862,5.574041317,0,6,24-03-2020,,synthetic_background
441,37.21085638872711,3.7355901253232293,0,6,24-03-2020,,synthetic_background
442,36.02280338300334,0.23014678293519908,0,6,24-03-2020,,synthetic_background
443,37.89087513533014,0.716017256,0,6,24-03-2020,,synthetic_background
444,38.47001980320706,1.9591180702522186,0,6,24-03-2020,,synthetic_background
445,38.93753197611621,0.032157325,0,6,24-03-2020,,synthetic_background
446,37.744683880224954,3.4127040252274377,0,6,24-03-2020,,synthetic_background
447,36.34371272456264,4.181304066,0,6,24-03-2020,,synthetic_background
448,37.279465959427235,2.6047833380367105,0,6,24-03-2020,,synthetic_background
449,36.23474360634871,1.209090488022699,0,6,24-03-2020,,synthetic_background
450,36.62237658,2.2493986372698265,0,6,24-03-2020,,synthetic_background
451,37.45507422626173,3.960668657978045,0,6,24-03-2020,,synthetic_background
452,37.33952532800398,2.581571527192304,0,6,24-03-2020,,synthetic_background
453,37.08392219831826,1.518329123264171,0,6,24-03-2020,,synthetic_background
454,38.12246143573857,2.0369461907134054,0,6,24-03-2020,,synthetic_background
455,37.862841236923465,4.863202894617242,0,6,24-03-2020,,synthetic_background
456,37.14771647764075,3.603841155,0,6,24-03-2020,,synthetic_background
457,36.473160500268406,4.4370548497330216,0,6,24-03-2020,,synthetic_background
458,37.89261756521794,3.0849035134149276,0,6,24-03-2020,,synthetic_background
459,38.34099500785947,2.4105068967882026,0,6,24-03-2020,,synthetic_background
460,37.232252673386576,0.14005669506961027,0,6,24-03-2020,,synthetic_background
461,38.138185855836944,2.1251804989446637,0,6,24-03-2020,,synthetic_background
462,37.174579859904476,1.2225878798767176,0,6,24-03-2020,,synthetic_background
463,36.51987933,1.3492286341935595,0,6,24-03-2020,,synthetic_background
464,36.135651345089265,2.5781832424461717,0,6,24-03-2020,,synthetic_background
465,36.86,2.419166667,1,7,31-03-2020,31-03-2020,fao_hopper
466,36.84138889,2.486944444,1,7,31-03-2020,31-03-2020,fao_hopper
467,36.86916667,2.353055556,1,7,31-03-2020,31-03-2020,fao_hopper
468,37.07333333,5.161388889,1,7,31-03-2020,03-04-2020,fao_hopper
469,37.06305556,5.133333333,1,7,31-03-2020,03-04-2020,fao_hopper
470,37.06666667,5.141944444,1,7,31-03-2020,03-04-2020,fao_hopper
471,37.07138889,5.153611111,1,7,31-03-2020,03-04-2020,fao_hopper
472,36.76555556,5.313611111,1,7,31-03-2020,03-04-2020,fao_hopper
473,36.86583333,2.376666667,1,7,31-03-2020,05-04-2020,fao_hopper
474,36.86,2.410277778,1,7,31-03-2020,05-04-2020,fao_hopper
475,37.58361111,0.357222222,1,7,31-03-2020,01-04-2020,fao_hopper
476,36.85638889,2.433333333,1,7,31-03-2020,01-04-2020,fao_hopper
477,36.85,5.416666667,1,7,31-03-2020,31-03-2020,fao_band
478,36.91666667,5.2,1,7,31-03-2020,31-03-2020,fao_band
479,36.9,5.2,1,7,31-03-2020,31-03-2020,fao_band
480,36.88333333,5.1,1,7,31-03-2020,31-03-2020,fao_band
481,37,5.3,1,7,31-03-2020,31-03-2020,fao_band
482,36.95,5.216666667,1,7,31-03-2020,31-03-2020,fao_band
483,36.9,5.85,1,7,31-03-2020,31-03-2020,fao_band
484,36.71666667,5.466666667,1,7,31-03-2020,31-03-2020,fao_band
485,36.8,5.35,1,7,31-03-2020,31-03-2020,fao_band
486,36.81666667,5.516666667,1,7,31-03-2020,31-03-2020,fao_band
487,36.81666667,5.366666667,1,7,31-03-2020,31-03-2020,fao_band
488,36.73333333,5.383333333,1,7,31-03-2020,31-03-2020,fao_band
489,36.7,5.283333333,1,7,31-03-2020,31-03-2020,fao_band
490,36.83333333,5.45,1,7,31-03-2020,31-03-2020,fao_band
491,37.01666667,5.3,1,7,31-03-2020,31-03-2020,fao_band
492,36.96666667,5.3,1,7,31-03-2020,31-03-2020,fao_band
493,36.85,5.466666667,1,7,31-03-2020,31-03-2020,fao_band
494,36.75,5.366666667,1,7,31-03-2020,31-03-2020,fao_band
495,36.75,5.35,1,7,31-03-2020,31-03-2020,fao_band
496,36.83333333,5.533333333,1,7,31-03-2020,31-03-2020,fao_band
497,37.06666667,5.316666667,1,7,31-03-2020,31-03-2020,fao_band
498,37.05,5.133333333,1,7,31-03-2020,31-03-2020,fao_band
499,37.11666667,5.316666667,1,7,31-03-2020,31-03-2020,fao_band
500,36.81666667,5.466666667,1,7,31-03-2020,31-03-2020,fao_band
501,36.83333333,5.6,1,7,31-03-2020,31-03-2020,fao_band
502,37.06666667,5.316666667,1,7,31-03-2020,02-04-2020,fao_band
503,37.05,5.25,1,7,31-03-2020,02-04-2020,fao_band
504,36.81666667,5.433333333,1,7,31-03-2020,02-04-2020,fao_band
505,36.78333333,5.366666667,1,7,31-03-2020,02-04-2020,fao_band
506,36.71666667,2.75,1,7,31-03-2020,05-04-2020,fao_band
507,37.06666667,5.316666667,1,7,31-03-2020,01-04-2020,fao_band
508,37.11666667,5.316666667,1,7,31-03-2020,01-04-2020,fao_band
509,36.88333333,5.183333333,1,7,31-03-2020,03-04-2020,fao_band
510,36.88333333,5.15,1,7,31-03-2020,03-04-2020,fao_band
511,37.91666667,5.25,1,7,31-03-2020,03-04-2020,fao_band
512,36.75,5.466666667,1,7,31-03-2020,03-04-2020,fao_band
513,36.71666667,5.466666667,1,7,31-03-2020,03-04-2020,fao_band
514,36.78333333,5.366666667,1,7,31-03-2020,03-04-2020,fao_band
515,36.81666667,5.366666667,1,7,31-03-2020,03-04-2020,fao_band
516,36.13333333,4.666666667,1,7,31-03-2020,03-04-2020,fao_band
517,36.95,5.6,1,7,31-03-2020,03-04-2020,fao_band
518,37.06666667,5.316666667,1,7,31-03-2020,04-04-2020,fao_band
519,37.1,5.2,1,7,31-03-2020,04-04-2020,fao_band
520,36.83333333,5.533333333,1,7,31-03-2020,04-04-2020,fao_band
521,37.01666667,5.3,1,7,31-03-2020,04-04-2020,fao_band
522,36.96666667,5.3,1,7,31-03-2020,04-04-2020,fao_band
523,36.91666667,5.433333333,1,7,31-03-2020,04-04-2020,fao_band
524,36.8,5.483333333,1,7,31-03-2020,02-04-2020,fao_band
525,36.83333333,5.533333333,1,7,31-03-2020,03-04-2020,fao_band
526,36.88333333,5.183333333,1,7,31-03-2020,04-04-2020,fao_band
527,36.78333333,5.3,1,7,31-03-2020,04-04-2020,fao_band
528,36.88333333,5.1,1,7,31-03-2020,04-04-2020,fao_band
529,37.75,5.466666667,1,7,31-03-2020,04-04-2020,fao_band
530,36.71666667,5.466666667,1,7,31-03-2020,04-04-2020,fao_band
531,36.71666667,5.316666667,1,7,31-03-2020,04-04-2020,fao_band
532,36.78333333,5.316666667,1,7,31-03-2020,04-04-2020,fao_band
533,36.7,5.35,1,7,31-03-2020,04-04-2020,fao_band
534,36.73333333,5.383333333,1,7,31-03-2020,04-04-2020,fao_band
535,37.83166667,0.001111111,1,7,31-03-2020,03-04-2020,fao_band
536,37.56666667,5.266666667,1,7,31-03-2020,04-04-2020,fao_band
537,37.66666667,5.233333333,1,7,31-03-2020,04-04-2020,fao_band
538,37.23333333,5.15,1,7,31-03-2020,04-04-2020,fao_band
539,37.35,5.3,1,7,31-03-2020,04-04-2020,fao_band
540,36.83333333,5.483333333,1,7,31-03-2020,04-04-2020,fao_band
541,37.2,5.183333333,1,7,31-03-2020,04-04-2020,fao_band
542,37.06666667,5.166666667,1,7,31-03-2020,04-04-2020,fao_band
543,36.81666667,5.483333333,1,7,31-03-2020,05-04-2020,fao_band
544,36.82888889,2.489444444,1,7,31-03-2020,01-04-2020,fao_band
545,37.58138889,0.443333333,1,7,31-03-2020,02-04-2020,fao_band
546,37.06666667,5.316666667,1,7,31-03-2020,06-04-2020,fao_band
547,37.03333333,5.25,1,7,31-03-2020,06-04-2020,fao_band
548,37.1,5.2,1,7,31-03-2020,06-04-2020,fao_band
549,37,5.466666667,1,7,31-03-2020,06-04-2020,fao_band
550,37,5.283333333,1,7,31-03-2020,06-04-2020,fao_band
551,36.77944444,5.301388889,1,7,31-03-2020,03-04-2020,fao_band
552,36.75944444,5.313333333,1,7,31-03-2020,03-04-2020,fao_band
553,37,1.883333333,1,7,31-03-2020,04-04-2020,fao_band
554,37.1,1.883333333,1,7,31-03-2020,04-04-2020,fao_band
555,36.92,2.096388889,1,7,31-03-2020,04-04-2020,fao_band
556,37.55,0.4,1,7,31-03-2020,03-04-2020,fao_band
557,36.35,0.316666667,1,7,31-03-2020,03-04-2020,fao_band
558,36.48811488,4.528685265908099,0,7,31-03-2020,,synthetic_background
559,37.69020554594333,1.3515864862125506,0,7,31-03-2020,,synthetic_background
560,37.02378535386948,0.9149473615264752,0,7,31-03-2020,,synthetic_background
561,37.035573647036664,0.2500493092830598,0,7,31-03-2020,,synthetic_background
562,36.743821122327574,3.5986368453419733,0,7,31-03-2020,,synthetic_background
563,38.912914291922995,4.212383600549542,0,7,31-03-2020,,synthetic_background
564,38.15984679121186,1.1857091693100645,0,7,31-03-2020,,synthetic_background
565,37.48740464158293,1.2563544702413796,0,7,31-03-2020,,synthetic_background
566,38.36903368286507,4.910331609792893,0,7,31-03-2020,,synthetic_background
567,36.26841568832267,3.2959080328061376,0,7,31-03-2020,,synthetic_background
568,37.15504253882603,2.9320032431772534,0,7,31-03-2020,,synthetic_background
569,37.42176263009485,1.5478307749370042,0,7,31-03-2020,,synthetic_background
570,38.987560390221645,2.3069719488535654,0,7,31-03-2020,,synthetic_background
571,37.291660307009586,5.498922737786577,0,7,31-03-2020,,synthetic_background
572,37.575748333523634,5.387680536160278,0,7,31-03-2020,,synthetic_background
573,37.59192012186392,3.615250978671599,0,7,31-03-2020,,synthetic_background
574,38.132833893554334,5.921837919090231,0,7,31-03-2020,,synthetic_background
575,36.98197797144282,4.125179680074114,0,7,31-03-2020,,synthetic_background
576,38.807313408499425,0.2821780306917856,0,7,31-03-2020,,synthetic_background
577,37.63480042519427,4.189160987264363,0,7,31-03-2020,,synthetic_background
578,36.81575803277097,5.401775928189982,0,7,31-03-2020,,synthetic_background
579,37.85545714037388,4.047689430497826,0,7,31-03-2020,,synthetic_background
580,36.26654202795935,4.308939113638506,0,7,31-03-2020,,synthetic_background
581,37.07170893477599,0.6715014050088286,0,7,31-03-2020,,synthetic_background
582,37.60793920295952,1.4761948587898683,0,7,31-03-2020,,synthetic_background
583,37.09248230772763,2.316244021123956,0,7,31-03-2020,,synthetic_background
584,36.48096373262012,2.1414027385166774,0,7,31-03-2020,,synthetic_background
585,36.17591200985354,2.8218616296114445,0,7,31-03-2020,,synthetic_background
586,37.85750473164929,1.0418395739432202,0,7,31-03-2020,,synthetic_background
587,37.12338023,0.396343883,0,7,31-03-2020,,synthetic_background
588,36.06042197503407,1.8379676034131582,0,7,31-03-2020,,synthetic_background
589,36.867549504403584,4.859134559793036,0,7,31-03-2020,,synthetic_background
590,36.525233096703836,0.49613417439228136,0,7,31-03-2020,,synthetic_background
591,37.08301795454796,3.1831395440871693,0,7,31-03-2020,,synthetic_background
592,36.79929900200484,1.7818385203927745,0,7,31-03-2020,,synthetic_background
593,36.435594400888384,3.761761406047687,0,7,31-03-2020,,synthetic_background
594,38.31922759204118,3.584880848020541,0,7,31-03-2020,,synthetic_background
595,37.01248768216176,2.0816598582344605,0,7,31-03-2020,,synthetic_background
596,37.35040611378696,4.363123420559091,0,7,31-03-2020,,synthetic_background
597,36.12512633547868,2.792180812961156,0,7,31-03-2020,,synthetic_background
598,36.03186943602953,4.938223607794387,0,7,31-03-2020,,synthetic_background
599,38.48458932778664,0.8483172625680169,0,7,31-03-2020,,synthetic_background
600,37.24674263403418,0.8796783036719162,0,7,31-03-2020,,synthetic_background
601,37.68181197585781,2.825985100049382,0,7,31-03-2020,,synthetic_background
602,37.131103303507786,4.252583208134899,0,7,31-03-2020,,synthetic_background
603,37.732972828167924,1.9270812560137305,0,7,31-03-2020,,synthetic_background
604,36.99395033492071,5.415342503,0,7,31-03-2020,,synthetic_background
605,38.47168634081204,0.44333332269889736,0,7,31-03-2020,,synthetic_background
606,38.76828443933723,3.7684075599779545,0,7,31-03-2020,,synthetic_background
607,38.223732849308696,3.421442992772861,0,7,31-03-2020,,synthetic_background
608,37.06792511,4.258552475762929,0,7,31-03-2020,,synthetic_background
609,38.34088986501677,3.121147022275618,0,7,31-03-2020,,synthetic_background
610,37.87013551304678,0.9748914539908549,0,7,31-03-2020,,synthetic_background
611,38.67728190450104,0.2194855821859285,0,7,31-03-2020,,synthetic_background
612,38.71249267160893,5.194042233354908,0,7,31-03-2020,,synthetic_background
613,38.02032835211624,2.4809132670884977,0,7,31-03-2020,,synthetic_background
614,38.239494398315614,0.3424902959874834,0,7,31-03-2020,,synthetic_background
615,37.17708170804099,0.9038571799897055,0,7,31-03-2020,,synthetic_background
616,36.68921419640421,1.5860684393861402,0,7,31-03-2020,,synthetic_background
617,36.67514820301955,5.329343410193383,0,7,31-03-2020,,synthetic_background
618,37.00743282750165,0.066969961,0,7,31-03-2020,,synthetic_background
619,37.29475621,3.5074012430869086,0,7,31-03-2020,,synthetic_background
620,37.268089325575346,3.3941973507207823,0,7,31-03-2020,,synthetic_background
621,37.52562790124694,1.7038982519150707,0,7,31-03-2020,,synthetic_background
622,38.184895594040526,3.0174519868884566,0,7,31-03-2020,,synthetic_background
623,37.566603058461524,2.3715960193706067,0,7,31-03-2020,,synthetic_background
624,38.67822081650917,3.7677754213418746,0,7,31-03-2020,,synthetic_background
625,38.311244013281744,3.096066132142127,0,7,31-03-2020,,synthetic_background
626,37.81437574311135,1.7085815745742612,0,7,31-03-2020,,synthetic_background
627,38.64642835430047,2.5873218179432644,0,7,31-03-2020,,synthetic_background
628,38.43848989451979,3.1148933220674673,0,7,31-03-2020,,synthetic_background
629,36.958464905250395,3.641297797,0,7,31-03-2020,,synthetic_background
630,37.80856538565964,0.7719199830859362,0,7,31-03-2020,,synthetic_background
631,36.74878526331962,0.5385802064328866,0,7,31-03-2020,,synthetic_background
632,37.46953923595188,2.2796139344526978,0,7,31-03-2020,,synthetic_background
633,37.40544339,0.17141158295660097,0,7,31-03-2020,,synthetic_background
634,37.824727080261695,1.5618909099755867,0,7,31-03-2020,,synthetic_background
635,36.762636502788226,5.241895820235646,0,7,31-03-2020,,synthetic_background
636,36.739549900031456,2.0253872493236913,0,7,31-03-2020,,synthetic_background
637,37.41296096950352,5.698745120388676,0,7,31-03-2020,,synthetic_background
638,38.08304627409255,2.4735136328372347,0,7,31-03-2020,,synthetic_background
639,38.815032988351774,4.507691597512464,0,7,31-03-2020,,synthetic_background
640,38.95380441444619,2.319741781815294,0,7,31-03-2020,,synthetic_background
641,37.18453582199619,2.5555255707288973,0,7,31-03-2020,,synthetic_background
642,37.54449640860995,2.638975031009746,0,7,31-03-2020,,synthetic_background
643,37.70571954577952,4.550495592993769,0,7,31-03-2020,,synthetic_background
644,38.492220866578705,4.060135363005233,0,7,31-03-2020,,synthetic_background
645,37.41968716575499,4.2133286793730615,0,7,31-03-2020,,synthetic_background
646,38.56186732442713,5.340426835903024,0,7,31-03-2020,,synthetic_background
647,37.42389170443036,4.7354514534648295,0,7,31-03-2020,,synthetic_background
648,38.982686200054175,5.940183548261009,0,7,31-03-2020,,synthetic_background
649,38.67868642724477,2.682879167261905,0,7,31-03-2020,,synthetic_background
650,36.80410479294431,3.889816786478491,0,7,31-03-2020,,synthetic_background
651,37.05694444,5.118055556,1,8,07-04-2020,09-04-2020,fao_hopper
652,37.08972222,5.160833333,1,8,07-04-2020,09-04-2020,fao_hopper
653,37.09194444,5.158333333,1,8,07-04-2020,09-04-2020,fao_hopper
654,37.03583333,0.806388889,1,8,07-04-2020,13-04-2020,fao_hopper
655,37.43777778,1.3475,1,8,07-04-2020,09-04-2020,fao_hopper
656,37.06944444,0.021388889,1,8,07-04-2020,11-04-2020,fao_hopper
657,36.96416667,0.768055556,1,8,07-04-2020,11-04-2020,fao_hopper
658,36.91666667,5.25,1,8,07-04-2020,13-04-2020,fao_band
659,36.78333333,5.316666667,1,8,07-04-2020,13-04-2020,fao_band
660,36.91666667,5.433333333,1,8,07-04-2020,13-04-2020,fao_band
661,36.93333333,5.75,1,8,07-04-2020,10-04-2020,fao_band
662,36.11666667,4.733333333,1,8,07-04-2020,10-04-2020,fao_band
663,36.03333333,4.733333333,1,8,07-04-2020,10-04-2020,fao_band
664,36.03333333,4.7,1,8,07-04-2020,10-04-2020,fao_band
665,36.04805556,4.701111111,1,8,07-04-2020,10-04-2020,fao_band
666,36.05,4.733333333,1,8,07-04-2020,10-04-2020,fao_band
667,36.78333333,5.3,1,8,07-04-2020,11-04-2020,fao_band
668,36.73333333,5.383333333,1,8,07-04-2020,11-04-2020,fao_band
669,36.71666667,5.383333333,1,8,07-04-2020,11-04-2020,fao_band
670,36.21666667,5.616666667,1,8,07-04-2020,13-04-2020,fao_band
671,36.86666667,5.583333333,1,8,07-04-2020,13-04-2020,fao_band
672,36.93333333,5.683333333,1,8,07-04-2020,13-04-2020,fao_band
673,36.88333333,5.733333333,1,8,07-04-2020,13-04-2020,fao_band
674,36.81666667,5.6,1,8,07-04-2020,13-04-2020,fao_band
675,36.83333333,5.533333333,1,8,07-04-2020,13-04-2020,fao_band
676,36.84805556,3.435,1,8,07-04-2020,07-04-2020,fao_band
677,37.06805556,3.321388889,1,8,07-04-2020,07-04-2020,fao_band
678,37.74166667,1.494166667,1,8,07-04-2020,10-04-2020,fao_band
679,37.73,1.463611111,1,8,07-04-2020,10-04-2020,fao_band
680,36.83333333,5.45,1,8,07-04-2020,11-04-2020,fao_band
681,36.71666667,5.466666667,1,8,07-04-2020,11-04-2020,fao_band
682,36.76666667,5.35,1,8,07-04-2020,11-04-2020,fao_band
683,36.78333333,5.366666667,1,8,07-04-2020,11-04-2020,fao_band
684,36.81666667,5.366666667,1,8,07-04-2020,11-04-2020,fao_band
685,36.7,5.35,1,8,07-04-2020,11-04-2020,fao_band
686,36.81666667,5.466666667,1,8,07-04-2020,12-04-2020,fao_band
687,36.73333333,5.383333333,1,8,07-04-2020,12-04-2020,fao_band
688,36.71666667,5.866666667,1,8,07-04-2020,12-04-2020,fao_band
689,36.81666667,5.15,1,8,07-04-2020,12-04-2020,fao_band
690,36.81666667,5.516666667,1,8,07-04-2020,12-04-2020,fao_band
691,36.7,5.35,1,8,07-04-2020,12-04-2020,fao_band
692,36.81666667,5.45,1,8,07-04-2020,07-04-2020,fao_band
693,37,5.316666667,1,8,07-04-2020,07-04-2020,fao_band
694,36.76666667,5.266666667,1,8,07-04-2020,07-04-2020,fao_band
695,36.75,5.466666667,1,8,07-04-2020,07-04-2020,fao_band
696,36.76666667,5.283333333,1,8,07-04-2020,07-04-2020,fao_band
697,36.71666667,5.366666667,1,8,07-04-2020,07-04-2020,fao_band
698,36.71666667,5.316666667,1,8,07-04-2020,07-04-2020,fao_band
699,37.01666667,5.283333333,1,8,07-04-2020,07-04-2020,fao_band
700,36.71666667,5.466666667,1,8,07-04-2020,07-04-2020,fao_band
701,36.76666667,5.316666667,1,8,07-04-2020,07-04-2020,fao_band
702,36.76666667,5.366666667,1,8,07-04-2020,07-04-2020,fao_band
703,36.81666667,5.366666667,1,8,07-04-2020,07-04-2020,fao_band
704,36.91666667,5.766666667,1,8,07-04-2020,07-04-2020,fao_band
705,36.96666667,5.716666667,1,8,07-04-2020,07-04-2020,fao_band
706,36.81666667,5.65,1,8,07-04-2020,08-04-2020,fao_band
707,36.91666667,5.766666667,1,8,07-04-2020,08-04-2020,fao_band
708,36.86666667,5.566666667,1,8,07-04-2020,08-04-2020,fao_band
709,37.06666667,5.316666667,1,8,07-04-2020,08-04-2020,fao_band
710,37.06666667,5.15,1,8,07-04-2020,08-04-2020,fao_band
711,37.1,5.2,1,8,07-04-2020,08-04-2020,fao_band
712,36.86666667,5.566666667,1,8,07-04-2020,09-04-2020,fao_band
713,36.86666667,5.716666667,1,8,07-04-2020,09-04-2020,fao_band
714,36,5.666666667,1,8,07-04-2020,09-04-2020,fao_band
715,36.81666667,5.583333333,1,8,07-04-2020,09-04-2020,fao_band
716,36.76666667,5.316666667,1,8,07-04-2020,09-04-2020,fao_band
717,36.01666667,5.283333333,1,8,07-04-2020,09-04-2020,fao_band
718,36.96666667,5.466666667,1,8,07-04-2020,09-04-2020,fao_band
719,36.75,5.466666667,1,8,07-04-2020,09-04-2020,fao_band
720,36.76666667,5.466666667,1,8,07-04-2020,09-04-2020,fao_band
721,36.81666667,5.516666667,1,8,07-04-2020,09-04-2020,fao_band
722,36.70083340795082,0.2063257326194592,0,8,07-04-2020,,synthetic_background
723,37.74026682105317,0.7746857194784347,0,8,07-04-2020,,synthetic_background
724,38.61958790644944,0.7617894177933111,0,8,07-04-2020,,synthetic_background
725,37.76900578032297,0.3153133508628938,0,8,07-04-2020,,synthetic_background
726,38.71493050340682,3.2479968971134663,0,8,07-04-2020,,synthetic_background
727,36.86380200784358,0.5809763581910081,0,8,07-04-2020,,synthetic_background
728,37.988891863898736,0.8484916813713785,0,8,07-04-2020,,synthetic_background
729,37.93158016790957,1.1881860150320873,0,8,07-04-2020,,synthetic_background
730,37.89151522293848,3.930230951,0,8,07-04-2020,,synthetic_background
731,38.150376904951145,3.159261583627669,0,8,07-04-2020,,synthetic_background
732,36.02317598877088,0.24802848252472876,0,8,07-04-2020,,synthetic_background
733,36.83222901098724,5.546231602053283,0,8,07-04-2020,,synthetic_background
734,38.656417288983675,2.765860208340105,0,8,07-04-2020,,synthetic_background
735,37.90634050097853,3.655911444918795,0,8,07-04-2020,,synthetic_background
736,37.533153218482184,1.1714580898940699,0,8,07-04-2020,,synthetic_background
737,37.490837897997764,0.5795861445406123,0,8,07-04-2020,,synthetic_background
738,38.41579391,4.722068157670092,0,8,07-04-2020,,synthetic_background
739,36.734968931332816,0.9327770516719927,0,8,07-04-2020,,synthetic_background
740,37.94266841591647,3.9725346523224365,0,8,07-04-2020,,synthetic_background
741,37.67904119548566,4.356147366925379,0,8,07-04-2020,,synthetic_background
742,38.013393134463364,3.941926293117173,0,8,07-04-2020,,synthetic_background
743,36.386525382035444,2.596225722804384,0,8,07-04-2020,,synthetic_background
744,38.35464456316194,2.1285325995320994,0,8,07-04-2020,,synthetic_background
745,37.05130633249127,3.654104771556642,0,8,07-04-2020,,synthetic_background
746,36.20537664209987,5.916342356132989,0,8,07-04-2020,,synthetic_background
747,37.16309390992649,0.4154840024609987,0,8,07-04-2020,,synthetic_background
748,38.58992604033328,4.007105582,0,8,07-04-2020,,synthetic_background
749,36.351769501385576,3.808232282732858,0,8,07-04-2020,,synthetic_background
750,38.39041860145683,2.9447203961363733,0,8,07-04-2020,,synthetic_background
751,36.497826825677926,3.253095976706504,0,8,07-04-2020,,synthetic_background
752,38.092612783802075,5.063921268611006,0,8,07-04-2020,,synthetic_background
753,37.66730059,4.6460399580033505,0,8,07-04-2020,,synthetic_background
754,36.118269216684034,5.883303309982919,0,8,07-04-2020,,synthetic_background
755,37.39062981036312,5.694996282,0,8,07-04-2020,,synthetic_background
756,36.31981647053331,3.2293580836393763,0,8,07-04-2020,,synthetic_background
757,38.58956594325607,3.702428396767744,0,8,07-04-2020,,synthetic_background
758,38.177608570024546,0.8382833145517365,0,8,07-04-2020,,synthetic_background
759,36.86363165119576,0.4095275123943003,0,8,07-04-2020,,synthetic_background
760,37.27494257644818,4.236970221524218,0,8,07-04-2020,,synthetic_background
761,37.639776777172735,0.9130798008248022,0,8,07-04-2020,,synthetic_background
762,38.77383952153169,4.3961359250971475,0,8,07-04-2020,,synthetic_background
763,37.68524141248888,2.5911974231900707,0,8,07-04-2020,,synthetic_background
764,38.45543798013102,2.832244322733339,0,8,07-04-2020,,synthetic_background
765,37.990188293872244,0.46294755036888935,0,8,07-04-2020,,synthetic_background
766,38.371339708280615,3.575567811662445,0,8,07-04-2020,,synthetic_background
767,38.18173981768402,0.7908166469916873,0,8,07-04-2020,,synthetic_background
768,36.960545361813764,1.2696536672520804,0,8,07-04-2020,,synthetic_background
769,37.531419745778415,5.321297865023595,0,8,07-04-2020,,synthetic_background
770,37.17243445218405,3.4959829486842366,0,8,07-04-2020,,synthetic_background
771,37.390172936242195,3.2157320191054115,0,8,07-04-2020,,synthetic_background
772,36.609373427227965,2.0093784801716374,0,8,07-04-2020,,synthetic_background
773,38.03122786997578,2.7701764727112073,0,8,07-04-2020,,synthetic_background
774,37.617773820311896,4.7092211531737185,0,8,07-04-2020,,synthetic_background
775,36.44761491917566,1.641608798,0,8,07-04-2020,,synthetic_background
776,36.208090479029984,2.355726840598342,0,8,07-04-2020,,synthetic_background
777,38.95810454,4.103968099,0,8,07-04-2020,,synthetic_background
778,36.87839469886509,1.8426650507922484,0,8,07-04-2020,,synthetic_background
779,37.162554551701305,4.008713867,0,8,07-04-2020,,synthetic_background
780,36.23733920844858,2.1065052571802214,0,8,07-04-2020,,synthetic_background
781,37.011278874304956,5.834474965844331,0,8,07-04-2020,,synthetic_background
782,38.16951471499105,3.243526077119858,0,8,07-04-2020,,synthetic_background
783,38.58791755268167,2.9838061278885855,0,8,07-04-2020,,synthetic_background
784,36.167262578998084,5.347823677,0,8,07-04-2020,,synthetic_background
785,38.160176,2.703454032141006,0,8,07-04-2020,,synthetic_background
786,37.79868701386205,3.870795028,0,8,07-04-2020,,synthetic_background
787,36.06101101140752,1.5363848021564923,0,8,07-04-2020,,synthetic_background
788,37.43975126621236,5.184794672737136,0,8,07-04-2020,,synthetic_background
789,36.16663126417989,2.069691955213657,0,8,07-04-2020,,synthetic_background
790,36.558445048178164,3.473848345607076,0,8,07-04-2020,,synthetic_background
791,38.5492191,4.494561791,0,8,07-04-2020,,synthetic_background
792,36.42141850437757,3.6800169565456486,0,8,07-04-2020,,synthetic_background
793,36.32972222,1.107777778,1,9,14-04-2020,16-04-2020,fao_hopper
794,37.23333333,1.6,1,9,14-04-2020,20-04-2020,fao_hopper
795,37.1,1.25,1,9,14-04-2020,20-04-2020,fao_hopper
796,37.25,1.583333333,1,9,14-04-2020,20-04-2020,fao_hopper
797,37.01666667,5.3,1,9,14-04-2020,14-04-2020,fao_band
798,37.1,5.316666667,1,9,14-04-2020,14-04-2020,fao_band
799,36.91666667,5.616666667,1,9,14-04-2020,15-04-2020,fao_band
800,37.1,5.15,1,9,14-04-2020,17-04-2020,fao_band
801,37.83438153,2.948558427,0,9,14-04-2020,,synthetic_background
802,38.09785078843764,1.1674154892360038,0,9,14-04-2020,,synthetic_background
803,38.324860992027226,4.2473606470848715,0,9,14-04-2020,,synthetic_background
804,36.27890512986692,2.4826215309105653,0,9,14-04-2020,,synthetic_background
805,36.183191254883056,1.795650370292154,0,9,14-04-2020,,synthetic_background
806,37.357716169033296,5.515648858461965,0,9,14-04-2020,,synthetic_background
807,36.87416754186331,3.3625236212377105,0,9,14-04-2020,,synthetic_background
808,38.846214796840805,1.8647856651040275,0,9,14-04-2020,,synthetic_background
809,38.72444444,4.556388889,1,10,21-04-2020,25-04-2020,fao_hopper
810,38.72444444,4.556111111,1,10,21-04-2020,25-04-2020,fao_hopper
811,38.13888889,4.884444444,1,10,21-04-2020,26-04-2020,fao_hopper
812,38.72666667,4.559444444,1,10,21-04-2020,26-04-2020,fao_hopper
813,37.58277778,0.348333333,1,10,21-04-2020,23-04-2020,fao_hopper
814,37.23083333,1.958611111,1,10,21-04-2020,27-04-2020,fao_band
815,37.54916667,0.452777778,1,10,21-04-2020,27-04-2020,fao_band
816,37.1,5.15,1,10,21-04-2020,22-04-2020,fao_band
817,38.65805556,4.496388889,1,10,21-04-2020,25-04-2020,fao_band
818,37.53333333,0.4,1,10,21-04-2020,22-04-2020,fao_band
819,36.34817658691525,3.95073229,0,10,21-04-2020,,synthetic_background
820,37.12676694889963,3.6766954893320496,0,10,21-04-2020,,synthetic_background
821,38.03847165756125,4.094778775,0,10,21-04-2020,,synthetic_background
822,38.865029987962814,3.823337636350249,0,10,21-04-2020,,synthetic_background
823,37.53883082323952,0.5170579730828859,0,10,21-04-2020,,synthetic_background
824,37.23849564410805,2.9555453956003803,0,10,21-04-2020,,synthetic_background
825,36.23285006,2.4459981572880647,0,10,21-04-2020,,synthetic_background
826,36.942314901693244,4.623304940198738,0,10,21-04-2020,,synthetic_background
827,37.803059339153634,2.5041490178433126,0,10,21-04-2020,,synthetic_background
828,37.00525038577725,0.15026664369556486,0,10,21-04-2020,,synthetic_background
